INFO:     Stopping reloader process [26119]
INFO:     Will watch for changes in these directories: ['/Users/guilhermetenroller/Documents/GitHub/personal/ai-video-generator/cat-video-creator/backend']
INFO:     Uvicorn running on http://0.0.0.0:8080 (Press CTRL+C to quit)
INFO:     Started reloader process [27810] using StatReload
INFO:     Started server process [27813]
INFO:     Waiting for application startup.
INFO:     Application startup complete.
INFO:     127.0.0.1:52045 - "GET /api/models HTTP/1.1" 200 OK
INFO:     127.0.0.1:52044 - "GET /api/models HTTP/1.1" 200 OK
INFO:     127.0.0.1:52048 - "GET /api/voices HTTP/1.1" 200 OK
INFO:     127.0.0.1:52049 - "GET /api/voices HTTP/1.1" 200 OK
INFO:     127.0.0.1:52049 - "OPTIONS /api/moneyprinter/suggest-subject HTTP/1.1" 200 OK
INFO:     127.0.0.1:52049 - "POST /api/moneyprinter/suggest-subject HTTP/1.1" 200 OK
[i] Using ffmpeg at: /Users/guilhermetenroller/Documents/GitHub/personal/ai-video-generator/cat-video-creator/backend/venv/lib/python3.10/site-packages/imageio_ffmpeg/binaries/ffmpeg-macos-aarch64-v7.1
[i] ffmpeg GPU encoders — NVENC:False QSV:False AMF:False
[-] No GPU encoders detected, falling back to CPU encoding
INFO:     127.0.0.1:52172 - "GET /api/gpu-info HTTP/1.1" 200 OK
Error processing file '/Users/runner/work/espeakng-loader/espeakng-loader/espeak-ng/_dynamic/share/espeak-ng-data/phontab': No such file or directory.
WARNING:  StatReload detected changes in 'app.py'. Reloading...
INFO:     Started server process [29935]
INFO:     Waiting for application startup.
INFO:     Application startup complete.
WARNING:  StatReload detected changes in 'app.py'. Reloading...
INFO:     Shutting down
INFO:     Waiting for application shutdown.
INFO:     Application shutdown complete.
INFO:     Finished server process [29935]
INFO:     Started server process [36162]
INFO:     Waiting for application startup.
INFO:     Application startup complete.
WARNING:  StatReload detected changes in 'app.py'. Reloading...
INFO:     Shutting down
INFO:     Waiting for application shutdown.
INFO:     Application shutdown complete.
INFO:     Finished server process [36162]
INFO:     Started server process [37520]
INFO:     Waiting for application startup.
INFO:     Application startup complete.
INFO:     Shutting down
INFO:     Waiting for application shutdown.
INFO:     Application shutdown complete.
INFO:     Finished server process [37520]
✅ Configured system espeak-ng for Kokoro TTS:
   ESPEAK_PATH: /opt/homebrew/bin/espeak-ng
   DATA_PATH: /opt/homebrew/share/espeak-ng-data
INFO:     Stopping reloader process [27810]
INFO:     Will watch for changes in these directories: ['/Users/guilhermetenroller/Documents/GitHub/personal/ai-video-generator/cat-video-creator/backend']
INFO:     Uvicorn running on http://0.0.0.0:8080 (Press CTRL+C to quit)
INFO:     Started reloader process [38974] using StatReload
INFO:     Started server process [38977]
INFO:     Waiting for application startup.
INFO:     Application startup complete.
✅ Configured system espeak-ng for Kokoro TTS:
   ESPEAK_PATH: /opt/homebrew/bin/espeak-ng
   DATA_PATH: /opt/homebrew/share/espeak-ng-data
INFO:     127.0.0.1:52383 - "GET /api/models HTTP/1.1" 200 OK
INFO:     127.0.0.1:52383 - "GET /api/models HTTP/1.1" 200 OK
INFO:     127.0.0.1:52384 - "GET /api/voices HTTP/1.1" 200 OK
INFO:     127.0.0.1:52383 - "GET /api/voices HTTP/1.1" 200 OK
INFO:     127.0.0.1:52386 - "OPTIONS /api/moneyprinter/generate HTTP/1.1" 200 OK
INFO:     127.0.0.1:52386 - "POST /api/moneyprinter/generate HTTP/1.1" 200 OK
INFO:     127.0.0.1:52409 - "WebSocket /ws/jobs/4c724f72-b089-49fc-8cdd-24dcf2cb3bb6" [accepted]
INFO:     connection open
INFO:     Shutting down
INFO:     connection closed
INFO:     Waiting for application shutdown.
INFO:     Application shutdown complete.
INFO:     Finished server process [38977]
INFO:     Stopping reloader process [38974]
INFO:     Will watch for changes in these directories: ['/Users/guilhermetenroller/Documents/GitHub/personal/ai-video-generator/cat-video-creator/backend']
INFO:     Uvicorn running on http://0.0.0.0:8080 (Press CTRL+C to quit)
INFO:     Started reloader process [40532] using StatReload
INFO:     Started server process [40535]
INFO:     Waiting for application startup.
INFO:     Application startup complete.
✅ Configured system espeak-ng for Kokoro TTS:
   ESPEAK_PATH: /opt/homebrew/bin/espeak-ng
   DATA_PATH: /opt/homebrew/share/espeak-ng-data
INFO:     127.0.0.1:52714 - "GET /api/models HTTP/1.1" 200 OK
INFO:     127.0.0.1:52714 - "GET /api/models HTTP/1.1" 200 OK
INFO:     127.0.0.1:52715 - "GET /api/voices HTTP/1.1" 200 OK
INFO:     127.0.0.1:52714 - "GET /api/voices HTTP/1.1" 200 OK
[i] Using ffmpeg at: /Users/guilhermetenroller/Documents/GitHub/personal/ai-video-generator/cat-video-creator/backend/venv/lib/python3.10/site-packages/imageio_ffmpeg/binaries/ffmpeg-macos-aarch64-v7.1
[i] ffmpeg GPU encoders — NVENC:False QSV:False AMF:False
[-] No GPU encoders detected, falling back to CPU encoding
INFO:     127.0.0.1:52717 - "GET /api/gpu-info HTTP/1.1" 200 OK
INFO:     127.0.0.1:52741 - "POST /api/moneyprinter/generate HTTP/1.1" 200 OK
INFO:     127.0.0.1:52743 - "WebSocket /ws/jobs/46f6b9a0-f597-4876-92a7-96def9edfe43" [accepted]
INFO:     connection open
Here are some video ideas that cats tend to enjoy. First, try videos of birds and squirrels. The fast movements and natural sounds often capture their attention and trigger their hunting instincts.

Next, consider videos of fish swimming in aquariums. The colorful visuals and fluid motions can be mesmerizing for cats. You could even try videos of mice or other small rodents, but be mindful that this might overstimulate some cats.

Finally, look for videos with interactive elements like laser pointers or moving toys. These can encourage your cat to play and exercise, providing mental stimulation and preventing boredom. Remember to monitor your cat's reaction and adjust the video content accordingly to ensure they're having a positive experience.

Number of paragraphs used: 1
["birds for cats", "squirrels for cats", "cat TV", "cat entertainment", "nature for cats", "moving objects cats", "rodents for cats", "cat video", "interactive cat video", "wildlife for cats"]


Generated 10 search terms: birds for cats, squirrels for cats, cat TV, cat entertainment, nature for cats, moving objects cats, rodents for cats, cat video, interactive cat video, wildlife for cats
	=> "birds for cats" found 2 Videos
	=> "squirrels for cats" found 2 Videos
	=> "cat TV" found 2 Videos
	=> "cat entertainment" found 2 Videos
	=> "nature for cats" found 2 Videos
	=> "moving objects cats" found 2 Videos
	=> "rodents for cats" found 2 Videos
	=> "cat video" found 2 Videos
	=> "interactive cat video" found 3 Videos
	=> "wildlife for cats" found 2 Videos
MoviePy - Writing audio in ../temp/7ba4c996-aa9d-4c0e-9446-f2813df9a990.mp3
chunk:   0%|          | 0/77 [00:00<?, ?it/s, now=None]                                                       MoviePy - Done.
[+] Audio file saved successfully as '../temp/7ba4c996-aa9d-4c0e-9446-f2813df9a990.mp3'
MoviePy - Writing audio in ../temp/89d644fb-4b78-448c-861c-8ae9e8212896.mp3
chunk:   0%|          | 0/73 [00:00<?, ?it/s, now=None]                                                       MoviePy - Done.
[+] Audio file saved successfully as '../temp/89d644fb-4b78-448c-861c-8ae9e8212896.mp3'
MoviePy - Writing audio in ../temp/b6d45d0a-1358-4ef3-9a9d-211b2f126a27.mp3
chunk:   0%|          | 0/160 [00:00<?, ?it/s, now=None]                                                        MoviePy - Done.
[+] Audio file saved successfully as '../temp/b6d45d0a-1358-4ef3-9a9d-211b2f126a27.mp3'
MoviePy - Writing audio in ../temp/fb8056c1-d8be-4d6d-b11a-1832ce27c52c.mp3
chunk:   0%|          | 0/312 [00:00<?, ?it/s, now=None]                                                        MoviePy - Done.
[+] Creating subtitles locally
[+] Subtitles generated.
[+] Combining videos...
[+] Each clip will be maximum 0.7 seconds long.
[+] Using optimized CPU encoding
[debug] generate_video: combined=../temp/7b86bcc8-5c74-46a8-9b3e-d0705ff5ff38.mp4 tts=../temp/fb8056c1-d8be-4d6d-b11a-1832ce27c52c.mp3 subs=../subtitles/c68499f0-8530-4dfa-b4ee-d16e0dfba4c0.srt
[debug] pillow version: 11.3.0
[debug] SubtitlesClip signature: (subtitles, font=None, make_textclip=None, encoding=None)
[debug] Creating SubtitlesClip from: ../subtitles/c68499f0-8530-4dfa-b4ee-d16e0dfba4c0.srt
[debug] SRT file size: 359 chars, first 200 chars: 1
00:00:00,000 --> 00:00:03,053
Here are some video ideas that cats tend to enjoy

2
00:00:03,053 --> 00:00:06,085
First, try videos of birds and squirrels

3
00:00:06,085 --> 00:00:09,362
The fast mo
[warn] Font Arial-Bold failed: Invalid font Arial-Bold, pillow failed to use it with error cannot open resource
[warn] Font arial.ttf failed: Invalid font arial.ttf, pillow failed to use it with error cannot open resource
[debug] Successfully created TextClip with font: Arial, size: 972x39
[warn] Font Arial-Bold failed: Invalid font Arial-Bold, pillow failed to use it with error cannot open resource
[warn] Font arial.ttf failed: Invalid font arial.ttf, pillow failed to use it with error cannot open resource
[debug] Successfully created TextClip with font: Arial, size: 972x101
[debug] SubtitlesClip created successfully with make_textclip
[+] Using optimized CPU encoding
[debug] Video: 1080x1920, Subtitle: 996x117, Position: grid
[debug] Final subtitle position: (42, 1574) for center,bottom
[debug] Video: 1080x1920, Subtitle: 996x117, Position: grid
[debug] Final subtitle position: (42, 1574) for center,bottom
[debug] Video: 1080x1920, Subtitle: 996x117, Position: grid
[debug] Final subtitle position: (42, 1574) for center,bottom
[debug] Video: 1080x1920, Subtitle: 996x117, Position: grid
[debug] Final subtitle position: (42, 1574) for center,bottom
[debug] Video: 1080x1920, Subtitle: 996x117, Position: grid
[debug] Final subtitle position: (42, 1574) for center,bottom
[debug] Video: 1080x1920, Subtitle: 996x117, Position: grid
[debug] Final subtitle position: (42, 1574) for center,bottom
[debug] Video: 1080x1920, Subtitle: 996x117, Position: grid
[debug] Final subtitle position: (42, 1574) for center,bottom
[debug] Video: 1080x1920, Subtitle: 996x117, Position: grid
[debug] Final subtitle position: (42, 1574) for center,bottom
[debug] Video: 1080x1920, Subtitle: 996x117, Position: grid
[debug] Final subtitle position: (42, 1574) for center,bottom
[debug] Video: 1080x1920, Subtitle: 996x117, Position: grid
[debug] Final subtitle position: (42, 1574) for center,bottom
[debug] Video: 1080x1920, Subtitle: 996x117, Position: grid
[debug] Final subtitle position: (42, 1574) for center,bottom
[debug] Video: 1080x1920, Subtitle: 996x117, Position: grid
[debug] Final subtitle position: (42, 1574) for center,bottom
[debug] Video: 1080x1920, Subtitle: 996x117, Position: grid
[debug] Final subtitle position: (42, 1574) for center,bottom
[debug] Video: 1080x1920, Subtitle: 996x117, Position: grid
[debug] Final subtitle position: (42, 1574) for center,bottom
[debug] Video: 1080x1920, Subtitle: 996x117, Position: grid
[debug] Final subtitle position: (42, 1574) for center,bottom
[debug] Video: 1080x1920, Subtitle: 996x117, Position: grid
[debug] Final subtitle position: (42, 1574) for center,bottom
[debug] Video: 1080x1920, Subtitle: 996x117, Position: grid
[debug] Final subtitle position: (42, 1574) for center,bottom
[debug] Video: 1080x1920, Subtitle: 996x117, Position: grid
[debug] Final subtitle position: (42, 1574) for center,bottom
[debug] Video: 1080x1920, Subtitle: 996x117, Position: grid
[debug] Final subtitle position: (42, 1574) for center,bottom
[debug] Video: 1080x1920, Subtitle: 996x117, Position: grid
[debug] Final subtitle position: (42, 1574) for center,bottom
[debug] Video: 1080x1920, Subtitle: 996x117, Position: grid
[debug] Final subtitle position: (42, 1574) for center,bottom
[debug] Video: 1080x1920, Subtitle: 996x117, Position: grid
[debug] Final subtitle position: (42, 1574) for center,bottom
[debug] Video: 1080x1920, Subtitle: 996x117, Position: grid
[debug] Final subtitle position: (42, 1574) for center,bottom
[debug] Video: 1080x1920, Subtitle: 996x117, Position: grid
[debug] Final subtitle position: (42, 1574) for center,bottom
[debug] Video: 1080x1920, Subtitle: 996x117, Position: grid
[debug] Final subtitle position: (42, 1574) for center,bottom
[debug] Video: 1080x1920, Subtitle: 996x117, Position: grid
[debug] Final subtitle position: (42, 1574) for center,bottom
[debug] Video: 1080x1920, Subtitle: 996x117, Position: grid
[debug] Final subtitle position: (42, 1574) for center,bottom
[debug] Video: 1080x1920, Subtitle: 996x117, Position: grid
[debug] Final subtitle position: (42, 1574) for center,bottom
[debug] Video: 1080x1920, Subtitle: 996x117, Position: grid
[debug] Final subtitle position: (42, 1574) for center,bottom
[debug] Video: 1080x1920, Subtitle: 996x117, Position: grid
[debug] Final subtitle position: (42, 1574) for center,bottom
[debug] Video: 1080x1920, Subtitle: 996x117, Position: grid
[debug] Final subtitle position: (42, 1574) for center,bottom
[debug] Video: 1080x1920, Subtitle: 996x117, Position: grid
[debug] Final subtitle position: (42, 1574) for center,bottom
[debug] Video: 1080x1920, Subtitle: 996x117, Position: grid
[debug] Final subtitle position: (42, 1574) for center,bottom
[debug] Video: 1080x1920, Subtitle: 996x117, Position: grid
[debug] Final subtitle position: (42, 1574) for center,bottom
[debug] Video: 1080x1920, Subtitle: 996x117, Position: grid
[debug] Final subtitle position: (42, 1574) for center,bottom
[debug] Video: 1080x1920, Subtitle: 996x117, Position: grid
[debug] Final subtitle position: (42, 1574) for center,bottom
[debug] Video: 1080x1920, Subtitle: 996x117, Position: grid
[debug] Final subtitle position: (42, 1574) for center,bottom
[debug] Video: 1080x1920, Subtitle: 996x117, Position: grid
[debug] Final subtitle position: (42, 1574) for center,bottom
[debug] Video: 1080x1920, Subtitle: 996x117, Position: grid
[debug] Final subtitle position: (42, 1574) for center,bottom
[debug] Video: 1080x1920, Subtitle: 996x117, Position: grid
[debug] Final subtitle position: (42, 1574) for center,bottom
[debug] Video: 1080x1920, Subtitle: 996x117, Position: grid
[debug] Final subtitle position: (42, 1574) for center,bottom
[debug] Video: 1080x1920, Subtitle: 996x117, Position: grid
[debug] Final subtitle position: (42, 1574) for center,bottom
[debug] Video: 1080x1920, Subtitle: 996x117, Position: grid
[debug] Final subtitle position: (42, 1574) for center,bottom
[debug] Video: 1080x1920, Subtitle: 996x117, Position: grid
[debug] Final subtitle position: (42, 1574) for center,bottom
[debug] Video: 1080x1920, Subtitle: 996x117, Position: grid
[debug] Final subtitle position: (42, 1574) for center,bottom
[debug] Video: 1080x1920, Subtitle: 996x117, Position: grid
[debug] Final subtitle position: (42, 1574) for center,bottom
[debug] Video: 1080x1920, Subtitle: 996x117, Position: grid
[debug] Final subtitle position: (42, 1574) for center,bottom
[debug] Video: 1080x1920, Subtitle: 996x117, Position: grid
[debug] Final subtitle position: (42, 1574) for center,bottom
[debug] Video: 1080x1920, Subtitle: 996x117, Position: grid
[debug] Final subtitle position: (42, 1574) for center,bottom
[debug] Video: 1080x1920, Subtitle: 996x117, Position: grid
[debug] Final subtitle position: (42, 1574) for center,bottom
[debug] Video: 1080x1920, Subtitle: 996x117, Position: grid
[debug] Final subtitle position: (42, 1574) for center,bottom
[debug] Video: 1080x1920, Subtitle: 996x117, Position: grid
[debug] Final subtitle position: (42, 1574) for center,bottom
[debug] Video: 1080x1920, Subtitle: 996x117, Position: grid
[debug] Final subtitle position: (42, 1574) for center,bottom
[debug] Video: 1080x1920, Subtitle: 996x117, Position: grid
[debug] Final subtitle position: (42, 1574) for center,bottom
[debug] Video: 1080x1920, Subtitle: 996x117, Position: grid
[debug] Final subtitle position: (42, 1574) for center,bottom
[debug] Video: 1080x1920, Subtitle: 996x117, Position: grid
[debug] Final subtitle position: (42, 1574) for center,bottom
[debug] Video: 1080x1920, Subtitle: 996x117, Position: grid
[debug] Final subtitle position: (42, 1574) for center,bottom
[debug] Video: 1080x1920, Subtitle: 996x117, Position: grid
[debug] Final subtitle position: (42, 1574) for center,bottom
[debug] Video: 1080x1920, Subtitle: 996x117, Position: grid
[debug] Final subtitle position: (42, 1574) for center,bottom
[debug] Video: 1080x1920, Subtitle: 996x117, Position: grid
[debug] Final subtitle position: (42, 1574) for center,bottom
[debug] Video: 1080x1920, Subtitle: 996x117, Position: grid
[debug] Final subtitle position: (42, 1574) for center,bottom
[debug] Video: 1080x1920, Subtitle: 996x117, Position: grid
[debug] Final subtitle position: (42, 1574) for center,bottom
[debug] Video: 1080x1920, Subtitle: 996x117, Position: grid
[debug] Final subtitle position: (42, 1574) for center,bottom
[debug] Video: 1080x1920, Subtitle: 996x117, Position: grid
[debug] Final subtitle position: (42, 1574) for center,bottom
[debug] Video: 1080x1920, Subtitle: 996x117, Position: grid
[debug] Final subtitle position: (42, 1574) for center,bottom
[debug] Video: 1080x1920, Subtitle: 996x117, Position: grid
[debug] Final subtitle position: (42, 1574) for center,bottom
[debug] Video: 1080x1920, Subtitle: 996x117, Position: grid
[debug] Final subtitle position: (42, 1574) for center,bottom
[debug] Video: 1080x1920, Subtitle: 996x117, Position: grid
[debug] Final subtitle position: (42, 1574) for center,bottom
[debug] Video: 1080x1920, Subtitle: 996x117, Position: grid
[debug] Final subtitle position: (42, 1574) for center,bottom
[debug] Video: 1080x1920, Subtitle: 996x117, Position: grid
[debug] Final subtitle position: (42, 1574) for center,bottom
[debug] Video: 1080x1920, Subtitle: 996x117, Position: grid
[debug] Final subtitle position: (42, 1574) for center,bottom
[debug] Video: 1080x1920, Subtitle: 996x117, Position: grid
[debug] Final subtitle position: (42, 1574) for center,bottom
[debug] Video: 1080x1920, Subtitle: 996x117, Position: grid
[debug] Final subtitle position: (42, 1574) for center,bottom
[debug] Video: 1080x1920, Subtitle: 996x117, Position: grid
[debug] Final subtitle position: (42, 1574) for center,bottom
[debug] Video: 1080x1920, Subtitle: 996x117, Position: grid
[debug] Final subtitle position: (42, 1574) for center,bottom
[debug] Video: 1080x1920, Subtitle: 996x117, Position: grid
[debug] Final subtitle position: (42, 1574) for center,bottom
[debug] Video: 1080x1920, Subtitle: 996x117, Position: grid
[debug] Final subtitle position: (42, 1574) for center,bottom
[debug] Video: 1080x1920, Subtitle: 996x117, Position: grid
[debug] Final subtitle position: (42, 1574) for center,bottom
[debug] Video: 1080x1920, Subtitle: 996x117, Position: grid
[debug] Final subtitle position: (42, 1574) for center,bottom
[debug] Video: 1080x1920, Subtitle: 996x117, Position: grid
[debug] Final subtitle position: (42, 1574) for center,bottom
[debug] Video: 1080x1920, Subtitle: 996x117, Position: grid
[debug] Final subtitle position: (42, 1574) for center,bottom
[debug] Video: 1080x1920, Subtitle: 996x117, Position: grid
[debug] Final subtitle position: (42, 1574) for center,bottom
[debug] Video: 1080x1920, Subtitle: 996x117, Position: grid
[debug] Final subtitle position: (42, 1574) for center,bottom
[debug] Video: 1080x1920, Subtitle: 996x117, Position: grid
[debug] Final subtitle position: (42, 1574) for center,bottom
[debug] Video: 1080x1920, Subtitle: 996x117, Position: grid
[debug] Final subtitle position: (42, 1574) for center,bottom
[debug] Video: 1080x1920, Subtitle: 996x117, Position: grid
[debug] Final subtitle position: (42, 1574) for center,bottom
[debug] Video: 1080x1920, Subtitle: 996x117, Position: grid
[debug] Final subtitle position: (42, 1574) for center,bottom
[debug] Video: 1080x1920, Subtitle: 996x117, Position: grid
[debug] Final subtitle position: (42, 1574) for center,bottom
[debug] Video: 1080x1920, Subtitle: 996x117, Position: grid
[debug] Final subtitle position: (42, 1574) for center,bottom
[debug] Video: 1080x1920, Subtitle: 996x117, Position: grid
[debug] Final subtitle position: (42, 1574) for center,bottom
[debug] Video: 1080x1920, Subtitle: 996x117, Position: grid
[debug] Final subtitle position: (42, 1574) for center,bottom
[debug] Video: 1080x1920, Subtitle: 996x117, Position: grid
[debug] Final subtitle position: (42, 1574) for center,bottom
[debug] Video: 1080x1920, Subtitle: 996x117, Position: grid
[debug] Final subtitle position: (42, 1574) for center,bottom
[debug] Video: 1080x1920, Subtitle: 996x117, Position: grid
[debug] Final subtitle position: (42, 1574) for center,bottom
[debug] Video: 1080x1920, Subtitle: 996x117, Position: grid
[debug] Final subtitle position: (42, 1574) for center,bottom
[debug] Video: 1080x1920, Subtitle: 996x117, Position: grid
[debug] Final subtitle position: (42, 1574) for center,bottom
[debug] Video: 1080x1920, Subtitle: 996x117, Position: grid
[debug] Final subtitle position: (42, 1574) for center,bottom
[debug] Video: 1080x1920, Subtitle: 996x117, Position: grid
[debug] Final subtitle position: (42, 1574) for center,bottom
[debug] Video: 1080x1920, Subtitle: 996x117, Position: grid
[debug] Final subtitle position: (42, 1574) for center,bottom
[debug] Video: 1080x1920, Subtitle: 996x117, Position: grid
[debug] Final subtitle position: (42, 1574) for center,bottom
[debug] Video: 1080x1920, Subtitle: 996x117, Position: grid
[debug] Final subtitle position: (42, 1574) for center,bottom
[debug] Video: 1080x1920, Subtitle: 996x117, Position: grid
[debug] Final subtitle position: (42, 1574) for center,bottom
[debug] Video: 1080x1920, Subtitle: 996x117, Position: grid
[debug] Final subtitle position: (42, 1574) for center,bottom
[debug] Video: 1080x1920, Subtitle: 996x117, Position: grid
[debug] Final subtitle position: (42, 1574) for center,bottom
[debug] Video: 1080x1920, Subtitle: 996x117, Position: grid
[debug] Final subtitle position: (42, 1574) for center,bottom
[debug] Video: 1080x1920, Subtitle: 996x117, Position: grid
[debug] Final subtitle position: (42, 1574) for center,bottom
[debug] Video: 1080x1920, Subtitle: 996x117, Position: grid
[debug] Final subtitle position: (42, 1574) for center,bottom
[debug] Video: 1080x1920, Subtitle: 996x117, Position: grid
[debug] Final subtitle position: (42, 1574) for center,bottom
[debug] Video: 1080x1920, Subtitle: 996x117, Position: grid
[debug] Final subtitle position: (42, 1574) for center,bottom
[debug] Video: 1080x1920, Subtitle: 996x117, Position: grid
[debug] Final subtitle position: (42, 1574) for center,bottom
[debug] Video: 1080x1920, Subtitle: 996x117, Position: grid
[debug] Final subtitle position: (42, 1574) for center,bottom
[debug] Video: 1080x1920, Subtitle: 996x117, Position: grid
[debug] Final subtitle position: (42, 1574) for center,bottom
[debug] Video: 1080x1920, Subtitle: 996x117, Position: grid
[debug] Final subtitle position: (42, 1574) for center,bottom
[debug] Video: 1080x1920, Subtitle: 996x117, Position: grid
[debug] Final subtitle position: (42, 1574) for center,bottom
[debug] Video: 1080x1920, Subtitle: 996x117, Position: grid
[debug] Final subtitle position: (42, 1574) for center,bottom
[debug] Video: 1080x1920, Subtitle: 996x117, Position: grid
[debug] Final subtitle position: (42, 1574) for center,bottom
[debug] Video: 1080x1920, Subtitle: 996x117, Position: grid
[debug] Final subtitle position: (42, 1574) for center,bottom
[debug] Video: 1080x1920, Subtitle: 996x117, Position: grid
[debug] Final subtitle position: (42, 1574) for center,bottom
[debug] Video: 1080x1920, Subtitle: 996x117, Position: grid
[debug] Final subtitle position: (42, 1574) for center,bottom
[debug] Video: 1080x1920, Subtitle: 996x117, Position: grid
[debug] Final subtitle position: (42, 1574) for center,bottom
[debug] Video: 1080x1920, Subtitle: 996x117, Position: grid
[debug] Final subtitle position: (42, 1574) for center,bottom
[debug] Video: 1080x1920, Subtitle: 996x117, Position: grid
[debug] Final subtitle position: (42, 1574) for center,bottom
[debug] Video: 1080x1920, Subtitle: 996x117, Position: grid
[debug] Final subtitle position: (42, 1574) for center,bottom
[debug] Video: 1080x1920, Subtitle: 996x117, Position: grid
[debug] Final subtitle position: (42, 1574) for center,bottom
[debug] Video: 1080x1920, Subtitle: 996x117, Position: grid
[debug] Final subtitle position: (42, 1574) for center,bottom
[debug] Video: 1080x1920, Subtitle: 996x117, Position: grid
[debug] Final subtitle position: (42, 1574) for center,bottom
[debug] Video: 1080x1920, Subtitle: 996x117, Position: grid
[debug] Final subtitle position: (42, 1574) for center,bottom
[debug] Video: 1080x1920, Subtitle: 996x117, Position: grid
[debug] Final subtitle position: (42, 1574) for center,bottom
[debug] Video: 1080x1920, Subtitle: 996x117, Position: grid
[debug] Final subtitle position: (42, 1574) for center,bottom
[debug] Video: 1080x1920, Subtitle: 996x117, Position: grid
[debug] Final subtitle position: (42, 1574) for center,bottom
[debug] Video: 1080x1920, Subtitle: 996x117, Position: grid
[debug] Final subtitle position: (42, 1574) for center,bottom
[debug] Video: 1080x1920, Subtitle: 996x117, Position: grid
[debug] Final subtitle position: (42, 1574) for center,bottom
[debug] Video: 1080x1920, Subtitle: 996x117, Position: grid
[debug] Final subtitle position: (42, 1574) for center,bottom
[debug] Video: 1080x1920, Subtitle: 996x117, Position: grid
[debug] Final subtitle position: (42, 1574) for center,bottom
[debug] Video: 1080x1920, Subtitle: 996x117, Position: grid
[debug] Final subtitle position: (42, 1574) for center,bottom
[debug] Video: 1080x1920, Subtitle: 996x117, Position: grid
[debug] Final subtitle position: (42, 1574) for center,bottom
[debug] Video: 1080x1920, Subtitle: 996x117, Position: grid
[debug] Final subtitle position: (42, 1574) for center,bottom
[debug] Video: 1080x1920, Subtitle: 996x117, Position: grid
[debug] Final subtitle position: (42, 1574) for center,bottom
[debug] Video: 1080x1920, Subtitle: 996x117, Position: grid
[debug] Final subtitle position: (42, 1574) for center,bottom
[debug] Video: 1080x1920, Subtitle: 996x117, Position: grid
[debug] Final subtitle position: (42, 1574) for center,bottom
[debug] Video: 1080x1920, Subtitle: 996x117, Position: grid
[debug] Final subtitle position: (42, 1574) for center,bottom
[debug] Video: 1080x1920, Subtitle: 996x117, Position: grid
[debug] Final subtitle position: (42, 1574) for center,bottom
[debug] Video: 1080x1920, Subtitle: 996x117, Position: grid
[debug] Final subtitle position: (42, 1574) for center,bottom
[debug] Video: 1080x1920, Subtitle: 996x117, Position: grid
[debug] Final subtitle position: (42, 1574) for center,bottom
[debug] Video: 1080x1920, Subtitle: 996x117, Position: grid
[debug] Final subtitle position: (42, 1574) for center,bottom
[debug] Video: 1080x1920, Subtitle: 996x117, Position: grid
[debug] Final subtitle position: (42, 1574) for center,bottom
[debug] Video: 1080x1920, Subtitle: 996x117, Position: grid
[debug] Final subtitle position: (42, 1574) for center,bottom
[debug] Video: 1080x1920, Subtitle: 996x117, Position: grid
[debug] Final subtitle position: (42, 1574) for center,bottom
[debug] Video: 1080x1920, Subtitle: 996x117, Position: grid
[debug] Final subtitle position: (42, 1574) for center,bottom
[debug] Video: 1080x1920, Subtitle: 996x117, Position: grid
[debug] Final subtitle position: (42, 1574) for center,bottom
[debug] Video: 1080x1920, Subtitle: 996x117, Position: grid
[debug] Final subtitle position: (42, 1574) for center,bottom
[debug] Video: 1080x1920, Subtitle: 996x117, Position: grid
[debug] Final subtitle position: (42, 1574) for center,bottom
[debug] Video: 1080x1920, Subtitle: 996x117, Position: grid
[debug] Final subtitle position: (42, 1574) for center,bottom
[debug] Video: 1080x1920, Subtitle: 996x117, Position: grid
[debug] Final subtitle position: (42, 1574) for center,bottom
[debug] Video: 1080x1920, Subtitle: 996x117, Position: grid
[debug] Final subtitle position: (42, 1574) for center,bottom
[debug] Video: 1080x1920, Subtitle: 996x117, Position: grid
[debug] Final subtitle position: (42, 1574) for center,bottom
[debug] Video: 1080x1920, Subtitle: 996x117, Position: grid
[debug] Final subtitle position: (42, 1574) for center,bottom
[debug] Video: 1080x1920, Subtitle: 996x117, Position: grid
[debug] Final subtitle position: (42, 1574) for center,bottom
[debug] Video: 1080x1920, Subtitle: 996x117, Position: grid
[debug] Final subtitle position: (42, 1574) for center,bottom
[debug] Video: 1080x1920, Subtitle: 996x117, Position: grid
[debug] Final subtitle position: (42, 1574) for center,bottom
[debug] Video: 1080x1920, Subtitle: 996x117, Position: grid
[debug] Final subtitle position: (42, 1574) for center,bottom
[debug] Video: 1080x1920, Subtitle: 996x117, Position: grid
[debug] Final subtitle position: (42, 1574) for center,bottom
[debug] Video: 1080x1920, Subtitle: 996x117, Position: grid
[debug] Final subtitle position: (42, 1574) for center,bottom
[debug] Video: 1080x1920, Subtitle: 996x117, Position: grid
[debug] Final subtitle position: (42, 1574) for center,bottom
[debug] Video: 1080x1920, Subtitle: 996x117, Position: grid
[debug] Final subtitle position: (42, 1574) for center,bottom
[debug] Video: 1080x1920, Subtitle: 996x117, Position: grid
[debug] Final subtitle position: (42, 1574) for center,bottom
[debug] Video: 1080x1920, Subtitle: 996x117, Position: grid
[debug] Final subtitle position: (42, 1574) for center,bottom
[debug] Video: 1080x1920, Subtitle: 996x117, Position: grid
[debug] Final subtitle position: (42, 1574) for center,bottom
[debug] Video: 1080x1920, Subtitle: 996x117, Position: grid
[debug] Final subtitle position: (42, 1574) for center,bottom
[debug] Video: 1080x1920, Subtitle: 996x117, Position: grid
[debug] Final subtitle position: (42, 1574) for center,bottom
[debug] Video: 1080x1920, Subtitle: 996x117, Position: grid
[debug] Final subtitle position: (42, 1574) for center,bottom
[debug] Video: 1080x1920, Subtitle: 996x117, Position: grid
[debug] Final subtitle position: (42, 1574) for center,bottom
[debug] Video: 1080x1920, Subtitle: 996x117, Position: grid
[debug] Final subtitle position: (42, 1574) for center,bottom
[debug] Video: 1080x1920, Subtitle: 996x117, Position: grid
[debug] Final subtitle position: (42, 1574) for center,bottom
[debug] Video: 1080x1920, Subtitle: 996x117, Position: grid
[debug] Final subtitle position: (42, 1574) for center,bottom
[debug] Video: 1080x1920, Subtitle: 996x117, Position: grid
[debug] Final subtitle position: (42, 1574) for center,bottom
[debug] Video: 1080x1920, Subtitle: 996x117, Position: grid
[debug] Final subtitle position: (42, 1574) for center,bottom
[debug] Video: 1080x1920, Subtitle: 996x117, Position: grid
[debug] Final subtitle position: (42, 1574) for center,bottom
[debug] Video: 1080x1920, Subtitle: 996x117, Position: grid
[debug] Final subtitle position: (42, 1574) for center,bottom
[debug] Video: 1080x1920, Subtitle: 996x117, Position: grid
[debug] Final subtitle position: (42, 1574) for center,bottom
[debug] Video: 1080x1920, Subtitle: 996x117, Position: grid
[debug] Final subtitle position: (42, 1574) for center,bottom
[debug] Video: 1080x1920, Subtitle: 996x117, Position: grid
[debug] Final subtitle position: (42, 1574) for center,bottom
[debug] Video: 1080x1920, Subtitle: 996x117, Position: grid
[debug] Final subtitle position: (42, 1574) for center,bottom
[debug] Video: 1080x1920, Subtitle: 996x117, Position: grid
[debug] Final subtitle position: (42, 1574) for center,bottom
[warn] Font Arial-Bold failed: Invalid font Arial-Bold, pillow failed to use it with error cannot open resource
[warn] Font arial.ttf failed: Invalid font arial.ttf, pillow failed to use it with error cannot open resource
[debug] Successfully created TextClip with font: Arial, size: 972x49
[debug] Video: 1080x1920, Subtitle: 996x65, Position: grid
[debug] Final subtitle position: (42, 1600) for center,bottom
[debug] Video: 1080x1920, Subtitle: 996x65, Position: grid
[debug] Final subtitle position: (42, 1600) for center,bottom
[debug] Video: 1080x1920, Subtitle: 996x65, Position: grid
[debug] Final subtitle position: (42, 1600) for center,bottom
[debug] Video: 1080x1920, Subtitle: 996x65, Position: grid
[debug] Final subtitle position: (42, 1600) for center,bottom
[debug] Video: 1080x1920, Subtitle: 996x65, Position: grid
[debug] Final subtitle position: (42, 1600) for center,bottom
[debug] Video: 1080x1920, Subtitle: 996x65, Position: grid
[debug] Final subtitle position: (42, 1600) for center,bottom
[debug] Video: 1080x1920, Subtitle: 996x65, Position: grid
[debug] Final subtitle position: (42, 1600) for center,bottom
[debug] Video: 1080x1920, Subtitle: 996x65, Position: grid
[debug] Final subtitle position: (42, 1600) for center,bottom
[debug] Video: 1080x1920, Subtitle: 996x65, Position: grid
[debug] Final subtitle position: (42, 1600) for center,bottom
[debug] Video: 1080x1920, Subtitle: 996x65, Position: grid
[debug] Final subtitle position: (42, 1600) for center,bottom
[debug] Video: 1080x1920, Subtitle: 996x65, Position: grid
[debug] Final subtitle position: (42, 1600) for center,bottom
[debug] Video: 1080x1920, Subtitle: 996x65, Position: grid
[debug] Final subtitle position: (42, 1600) for center,bottom
[debug] Video: 1080x1920, Subtitle: 996x65, Position: grid
[debug] Final subtitle position: (42, 1600) for center,bottom
[debug] Video: 1080x1920, Subtitle: 996x65, Position: grid
[debug] Final subtitle position: (42, 1600) for center,bottom
[debug] Video: 1080x1920, Subtitle: 996x65, Position: grid
[debug] Final subtitle position: (42, 1600) for center,bottom
[debug] Video: 1080x1920, Subtitle: 996x65, Position: grid
[debug] Final subtitle position: (42, 1600) for center,bottom
[debug] Video: 1080x1920, Subtitle: 996x65, Position: grid
[debug] Final subtitle position: (42, 1600) for center,bottom
[debug] Video: 1080x1920, Subtitle: 996x65, Position: grid
[debug] Final subtitle position: (42, 1600) for center,bottom
[debug] Video: 1080x1920, Subtitle: 996x65, Position: grid
[debug] Final subtitle position: (42, 1600) for center,bottom
[debug] Video: 1080x1920, Subtitle: 996x65, Position: grid
[debug] Final subtitle position: (42, 1600) for center,bottom
[debug] Video: 1080x1920, Subtitle: 996x65, Position: grid
[debug] Final subtitle position: (42, 1600) for center,bottom
[debug] Video: 1080x1920, Subtitle: 996x65, Position: grid
[debug] Final subtitle position: (42, 1600) for center,bottom
[debug] Video: 1080x1920, Subtitle: 996x65, Position: grid
[debug] Final subtitle position: (42, 1600) for center,bottom
[debug] Video: 1080x1920, Subtitle: 996x65, Position: grid
[debug] Final subtitle position: (42, 1600) for center,bottom
[debug] Video: 1080x1920, Subtitle: 996x65, Position: grid
[debug] Final subtitle position: (42, 1600) for center,bottom
[debug] Video: 1080x1920, Subtitle: 996x65, Position: grid
[debug] Final subtitle position: (42, 1600) for center,bottom
[debug] Video: 1080x1920, Subtitle: 996x65, Position: grid
[debug] Final subtitle position: (42, 1600) for center,bottom
[debug] Video: 1080x1920, Subtitle: 996x65, Position: grid
[debug] Final subtitle position: (42, 1600) for center,bottom
[debug] Video: 1080x1920, Subtitle: 996x65, Position: grid
[debug] Final subtitle position: (42, 1600) for center,bottom
[debug] Video: 1080x1920, Subtitle: 996x65, Position: grid
[debug] Final subtitle position: (42, 1600) for center,bottom
[debug] Video: 1080x1920, Subtitle: 996x65, Position: grid
[debug] Final subtitle position: (42, 1600) for center,bottom
[debug] Video: 1080x1920, Subtitle: 996x65, Position: grid
[debug] Final subtitle position: (42, 1600) for center,bottom
[debug] Video: 1080x1920, Subtitle: 996x65, Position: grid
[debug] Final subtitle position: (42, 1600) for center,bottom
[debug] Video: 1080x1920, Subtitle: 996x65, Position: grid
[debug] Final subtitle position: (42, 1600) for center,bottom
[debug] Video: 1080x1920, Subtitle: 996x65, Position: grid
[debug] Final subtitle position: (42, 1600) for center,bottom
[debug] Video: 1080x1920, Subtitle: 996x65, Position: grid
[debug] Final subtitle position: (42, 1600) for center,bottom
[debug] Video: 1080x1920, Subtitle: 996x65, Position: grid
[debug] Final subtitle position: (42, 1600) for center,bottom
[debug] Video: 1080x1920, Subtitle: 996x65, Position: grid
[debug] Final subtitle position: (42, 1600) for center,bottom
[debug] Video: 1080x1920, Subtitle: 996x65, Position: grid
[debug] Final subtitle position: (42, 1600) for center,bottom
[debug] Video: 1080x1920, Subtitle: 996x65, Position: grid
[debug] Final subtitle position: (42, 1600) for center,bottom
[debug] Video: 1080x1920, Subtitle: 996x65, Position: grid
[debug] Final subtitle position: (42, 1600) for center,bottom
[debug] Video: 1080x1920, Subtitle: 996x65, Position: grid
[debug] Final subtitle position: (42, 1600) for center,bottom
[debug] Video: 1080x1920, Subtitle: 996x65, Position: grid
[debug] Final subtitle position: (42, 1600) for center,bottom
[debug] Video: 1080x1920, Subtitle: 996x65, Position: grid
[debug] Final subtitle position: (42, 1600) for center,bottom
[debug] Video: 1080x1920, Subtitle: 996x65, Position: grid
[debug] Final subtitle position: (42, 1600) for center,bottom
[debug] Video: 1080x1920, Subtitle: 996x65, Position: grid
[debug] Final subtitle position: (42, 1600) for center,bottom
[debug] Video: 1080x1920, Subtitle: 996x65, Position: grid
[debug] Final subtitle position: (42, 1600) for center,bottom
[debug] Video: 1080x1920, Subtitle: 996x65, Position: grid
[debug] Final subtitle position: (42, 1600) for center,bottom
[debug] Video: 1080x1920, Subtitle: 996x65, Position: grid
[debug] Final subtitle position: (42, 1600) for center,bottom
[debug] Video: 1080x1920, Subtitle: 996x65, Position: grid
[debug] Final subtitle position: (42, 1600) for center,bottom
[debug] Video: 1080x1920, Subtitle: 996x65, Position: grid
[debug] Final subtitle position: (42, 1600) for center,bottom
[debug] Video: 1080x1920, Subtitle: 996x65, Position: grid
[debug] Final subtitle position: (42, 1600) for center,bottom
[debug] Video: 1080x1920, Subtitle: 996x65, Position: grid
[debug] Final subtitle position: (42, 1600) for center,bottom
[debug] Video: 1080x1920, Subtitle: 996x65, Position: grid
[debug] Final subtitle position: (42, 1600) for center,bottom
[debug] Video: 1080x1920, Subtitle: 996x65, Position: grid
[debug] Final subtitle position: (42, 1600) for center,bottom
[debug] Video: 1080x1920, Subtitle: 996x65, Position: grid
[debug] Final subtitle position: (42, 1600) for center,bottom
[debug] Video: 1080x1920, Subtitle: 996x65, Position: grid
[debug] Final subtitle position: (42, 1600) for center,bottom
[debug] Video: 1080x1920, Subtitle: 996x65, Position: grid
[debug] Final subtitle position: (42, 1600) for center,bottom
[debug] Video: 1080x1920, Subtitle: 996x65, Position: grid
[debug] Final subtitle position: (42, 1600) for center,bottom
[debug] Video: 1080x1920, Subtitle: 996x65, Position: grid
[debug] Final subtitle position: (42, 1600) for center,bottom
[debug] Video: 1080x1920, Subtitle: 996x65, Position: grid
[debug] Final subtitle position: (42, 1600) for center,bottom
[debug] Video: 1080x1920, Subtitle: 996x65, Position: grid
[debug] Final subtitle position: (42, 1600) for center,bottom
[debug] Video: 1080x1920, Subtitle: 996x65, Position: grid
[debug] Final subtitle position: (42, 1600) for center,bottom
[debug] Video: 1080x1920, Subtitle: 996x65, Position: grid
[debug] Final subtitle position: (42, 1600) for center,bottom
[debug] Video: 1080x1920, Subtitle: 996x65, Position: grid
[debug] Final subtitle position: (42, 1600) for center,bottom
[debug] Video: 1080x1920, Subtitle: 996x65, Position: grid
[debug] Final subtitle position: (42, 1600) for center,bottom
[debug] Video: 1080x1920, Subtitle: 996x65, Position: grid
[debug] Final subtitle position: (42, 1600) for center,bottom
[debug] Video: 1080x1920, Subtitle: 996x65, Position: grid
[debug] Final subtitle position: (42, 1600) for center,bottom
[debug] Video: 1080x1920, Subtitle: 996x65, Position: grid
[debug] Final subtitle position: (42, 1600) for center,bottom
[debug] Video: 1080x1920, Subtitle: 996x65, Position: grid
[debug] Final subtitle position: (42, 1600) for center,bottom
[debug] Video: 1080x1920, Subtitle: 996x65, Position: grid
[debug] Final subtitle position: (42, 1600) for center,bottom
[debug] Video: 1080x1920, Subtitle: 996x65, Position: grid
[debug] Final subtitle position: (42, 1600) for center,bottom
[debug] Video: 1080x1920, Subtitle: 996x65, Position: grid
[debug] Final subtitle position: (42, 1600) for center,bottom
[debug] Video: 1080x1920, Subtitle: 996x65, Position: grid
[debug] Final subtitle position: (42, 1600) for center,bottom
[debug] Video: 1080x1920, Subtitle: 996x65, Position: grid
[debug] Final subtitle position: (42, 1600) for center,bottom
[debug] Video: 1080x1920, Subtitle: 996x65, Position: grid
[debug] Final subtitle position: (42, 1600) for center,bottom
[debug] Video: 1080x1920, Subtitle: 996x65, Position: grid
[debug] Final subtitle position: (42, 1600) for center,bottom
[debug] Video: 1080x1920, Subtitle: 996x65, Position: grid
[debug] Final subtitle position: (42, 1600) for center,bottom
[debug] Video: 1080x1920, Subtitle: 996x65, Position: grid
[debug] Final subtitle position: (42, 1600) for center,bottom
[debug] Video: 1080x1920, Subtitle: 996x65, Position: grid
[debug] Final subtitle position: (42, 1600) for center,bottom
[debug] Video: 1080x1920, Subtitle: 996x65, Position: grid
[debug] Final subtitle position: (42, 1600) for center,bottom
[debug] Video: 1080x1920, Subtitle: 996x65, Position: grid
[debug] Final subtitle position: (42, 1600) for center,bottom
[debug] Video: 1080x1920, Subtitle: 996x65, Position: grid
[debug] Final subtitle position: (42, 1600) for center,bottom
[debug] Video: 1080x1920, Subtitle: 996x65, Position: grid
[debug] Final subtitle position: (42, 1600) for center,bottom
[debug] Video: 1080x1920, Subtitle: 996x65, Position: grid
[debug] Final subtitle position: (42, 1600) for center,bottom
[debug] Video: 1080x1920, Subtitle: 996x65, Position: grid
[debug] Final subtitle position: (42, 1600) for center,bottom
[debug] Video: 1080x1920, Subtitle: 996x65, Position: grid
[debug] Final subtitle position: (42, 1600) for center,bottom
[debug] Video: 1080x1920, Subtitle: 996x65, Position: grid
[debug] Final subtitle position: (42, 1600) for center,bottom
[debug] Video: 1080x1920, Subtitle: 996x65, Position: grid
[debug] Final subtitle position: (42, 1600) for center,bottom
[debug] Video: 1080x1920, Subtitle: 996x65, Position: grid
[debug] Final subtitle position: (42, 1600) for center,bottom
[debug] Video: 1080x1920, Subtitle: 996x65, Position: grid
[debug] Final subtitle position: (42, 1600) for center,bottom
[debug] Video: 1080x1920, Subtitle: 996x65, Position: grid
[debug] Final subtitle position: (42, 1600) for center,bottom
[debug] Video: 1080x1920, Subtitle: 996x65, Position: grid
[debug] Final subtitle position: (42, 1600) for center,bottom
[debug] Video: 1080x1920, Subtitle: 996x65, Position: grid
[debug] Final subtitle position: (42, 1600) for center,bottom
[debug] Video: 1080x1920, Subtitle: 996x65, Position: grid
[debug] Final subtitle position: (42, 1600) for center,bottom
[debug] Video: 1080x1920, Subtitle: 996x65, Position: grid
[debug] Final subtitle position: (42, 1600) for center,bottom
[debug] Video: 1080x1920, Subtitle: 996x65, Position: grid
[debug] Final subtitle position: (42, 1600) for center,bottom
[debug] Video: 1080x1920, Subtitle: 996x65, Position: grid
[debug] Final subtitle position: (42, 1600) for center,bottom
[debug] Video: 1080x1920, Subtitle: 996x65, Position: grid
[debug] Final subtitle position: (42, 1600) for center,bottom
[debug] Video: 1080x1920, Subtitle: 996x65, Position: grid
[debug] Final subtitle position: (42, 1600) for center,bottom
[debug] Video: 1080x1920, Subtitle: 996x65, Position: grid
[debug] Final subtitle position: (42, 1600) for center,bottom
[debug] Video: 1080x1920, Subtitle: 996x65, Position: grid
[debug] Final subtitle position: (42, 1600) for center,bottom
[debug] Video: 1080x1920, Subtitle: 996x65, Position: grid
[debug] Final subtitle position: (42, 1600) for center,bottom
[debug] Video: 1080x1920, Subtitle: 996x65, Position: grid
[debug] Final subtitle position: (42, 1600) for center,bottom
[debug] Video: 1080x1920, Subtitle: 996x65, Position: grid
[debug] Final subtitle position: (42, 1600) for center,bottom
[debug] Video: 1080x1920, Subtitle: 996x65, Position: grid
[debug] Final subtitle position: (42, 1600) for center,bottom
[debug] Video: 1080x1920, Subtitle: 996x65, Position: grid
[debug] Final subtitle position: (42, 1600) for center,bottom
[debug] Video: 1080x1920, Subtitle: 996x65, Position: grid
[debug] Final subtitle position: (42, 1600) for center,bottom
[debug] Video: 1080x1920, Subtitle: 996x65, Position: grid
[debug] Final subtitle position: (42, 1600) for center,bottom
[debug] Video: 1080x1920, Subtitle: 996x65, Position: grid
[debug] Final subtitle position: (42, 1600) for center,bottom
[debug] Video: 1080x1920, Subtitle: 996x65, Position: grid
[debug] Final subtitle position: (42, 1600) for center,bottom
[debug] Video: 1080x1920, Subtitle: 996x65, Position: grid
[debug] Final subtitle position: (42, 1600) for center,bottom
[debug] Video: 1080x1920, Subtitle: 996x65, Position: grid
[debug] Final subtitle position: (42, 1600) for center,bottom
[debug] Video: 1080x1920, Subtitle: 996x65, Position: grid
[debug] Final subtitle position: (42, 1600) for center,bottom
[debug] Video: 1080x1920, Subtitle: 996x65, Position: grid
[debug] Final subtitle position: (42, 1600) for center,bottom
[debug] Video: 1080x1920, Subtitle: 996x65, Position: grid
[debug] Final subtitle position: (42, 1600) for center,bottom
[debug] Video: 1080x1920, Subtitle: 996x65, Position: grid
[debug] Final subtitle position: (42, 1600) for center,bottom
[debug] Video: 1080x1920, Subtitle: 996x65, Position: grid
[debug] Final subtitle position: (42, 1600) for center,bottom
[debug] Video: 1080x1920, Subtitle: 996x65, Position: grid
[debug] Final subtitle position: (42, 1600) for center,bottom
[debug] Video: 1080x1920, Subtitle: 996x65, Position: grid
[debug] Final subtitle position: (42, 1600) for center,bottom
[debug] Video: 1080x1920, Subtitle: 996x65, Position: grid
[debug] Final subtitle position: (42, 1600) for center,bottom
[debug] Video: 1080x1920, Subtitle: 996x65, Position: grid
[debug] Final subtitle position: (42, 1600) for center,bottom
[debug] Video: 1080x1920, Subtitle: 996x65, Position: grid
[debug] Final subtitle position: (42, 1600) for center,bottom
[debug] Video: 1080x1920, Subtitle: 996x65, Position: grid
[debug] Final subtitle position: (42, 1600) for center,bottom
[debug] Video: 1080x1920, Subtitle: 996x65, Position: grid
[debug] Final subtitle position: (42, 1600) for center,bottom
[debug] Video: 1080x1920, Subtitle: 996x65, Position: grid
[debug] Final subtitle position: (42, 1600) for center,bottom
[debug] Video: 1080x1920, Subtitle: 996x65, Position: grid
[debug] Final subtitle position: (42, 1600) for center,bottom
[debug] Video: 1080x1920, Subtitle: 996x65, Position: grid
[debug] Final subtitle position: (42, 1600) for center,bottom
[debug] Video: 1080x1920, Subtitle: 996x65, Position: grid
[debug] Final subtitle position: (42, 1600) for center,bottom
[debug] Video: 1080x1920, Subtitle: 996x65, Position: grid
[debug] Final subtitle position: (42, 1600) for center,bottom
[debug] Video: 1080x1920, Subtitle: 996x65, Position: grid
[debug] Final subtitle position: (42, 1600) for center,bottom
[debug] Video: 1080x1920, Subtitle: 996x65, Position: grid
[debug] Final subtitle position: (42, 1600) for center,bottom
[debug] Video: 1080x1920, Subtitle: 996x65, Position: grid
[debug] Final subtitle position: (42, 1600) for center,bottom
[debug] Video: 1080x1920, Subtitle: 996x65, Position: grid
[debug] Final subtitle position: (42, 1600) for center,bottom
[debug] Video: 1080x1920, Subtitle: 996x65, Position: grid
[debug] Final subtitle position: (42, 1600) for center,bottom
[debug] Video: 1080x1920, Subtitle: 996x65, Position: grid
[debug] Final subtitle position: (42, 1600) for center,bottom
[debug] Video: 1080x1920, Subtitle: 996x65, Position: grid
[debug] Final subtitle position: (42, 1600) for center,bottom
[debug] Video: 1080x1920, Subtitle: 996x65, Position: grid
[debug] Final subtitle position: (42, 1600) for center,bottom
[debug] Video: 1080x1920, Subtitle: 996x65, Position: grid
[debug] Final subtitle position: (42, 1600) for center,bottom
[debug] Video: 1080x1920, Subtitle: 996x65, Position: grid
[debug] Final subtitle position: (42, 1600) for center,bottom
[debug] Video: 1080x1920, Subtitle: 996x65, Position: grid
[debug] Final subtitle position: (42, 1600) for center,bottom
[debug] Video: 1080x1920, Subtitle: 996x65, Position: grid
[debug] Final subtitle position: (42, 1600) for center,bottom
[debug] Video: 1080x1920, Subtitle: 996x65, Position: grid
[debug] Final subtitle position: (42, 1600) for center,bottom
[debug] Video: 1080x1920, Subtitle: 996x65, Position: grid
[debug] Final subtitle position: (42, 1600) for center,bottom
[debug] Video: 1080x1920, Subtitle: 996x65, Position: grid
[debug] Final subtitle position: (42, 1600) for center,bottom
[debug] Video: 1080x1920, Subtitle: 996x65, Position: grid
[debug] Final subtitle position: (42, 1600) for center,bottom
[debug] Video: 1080x1920, Subtitle: 996x65, Position: grid
[debug] Final subtitle position: (42, 1600) for center,bottom
[debug] Video: 1080x1920, Subtitle: 996x65, Position: grid
[debug] Final subtitle position: (42, 1600) for center,bottom
[debug] Video: 1080x1920, Subtitle: 996x65, Position: grid
[debug] Final subtitle position: (42, 1600) for center,bottom
[debug] Video: 1080x1920, Subtitle: 996x65, Position: grid
[debug] Final subtitle position: (42, 1600) for center,bottom
[debug] Video: 1080x1920, Subtitle: 996x65, Position: grid
[debug] Final subtitle position: (42, 1600) for center,bottom
[debug] Video: 1080x1920, Subtitle: 996x65, Position: grid
[debug] Final subtitle position: (42, 1600) for center,bottom
[debug] Video: 1080x1920, Subtitle: 996x65, Position: grid
[debug] Final subtitle position: (42, 1600) for center,bottom
[debug] Video: 1080x1920, Subtitle: 996x65, Position: grid
[debug] Final subtitle position: (42, 1600) for center,bottom
[debug] Video: 1080x1920, Subtitle: 996x65, Position: grid
[debug] Final subtitle position: (42, 1600) for center,bottom
[debug] Video: 1080x1920, Subtitle: 996x65, Position: grid
[debug] Final subtitle position: (42, 1600) for center,bottom
[debug] Video: 1080x1920, Subtitle: 996x65, Position: grid
[debug] Final subtitle position: (42, 1600) for center,bottom
[debug] Video: 1080x1920, Subtitle: 996x65, Position: grid
[debug] Final subtitle position: (42, 1600) for center,bottom
[debug] Video: 1080x1920, Subtitle: 996x65, Position: grid
[debug] Final subtitle position: (42, 1600) for center,bottom
[debug] Video: 1080x1920, Subtitle: 996x65, Position: grid
[debug] Final subtitle position: (42, 1600) for center,bottom
[debug] Video: 1080x1920, Subtitle: 996x65, Position: grid
[debug] Final subtitle position: (42, 1600) for center,bottom
[debug] Video: 1080x1920, Subtitle: 996x65, Position: grid
[debug] Final subtitle position: (42, 1600) for center,bottom
[debug] Video: 1080x1920, Subtitle: 996x65, Position: grid
[debug] Final subtitle position: (42, 1600) for center,bottom
[debug] Video: 1080x1920, Subtitle: 996x65, Position: grid
[debug] Final subtitle position: (42, 1600) for center,bottom
[debug] Video: 1080x1920, Subtitle: 996x65, Position: grid
[debug] Final subtitle position: (42, 1600) for center,bottom
[debug] Video: 1080x1920, Subtitle: 996x65, Position: grid
[debug] Final subtitle position: (42, 1600) for center,bottom
[debug] Video: 1080x1920, Subtitle: 996x65, Position: grid
[debug] Final subtitle position: (42, 1600) for center,bottom
[debug] Video: 1080x1920, Subtitle: 996x65, Position: grid
[debug] Final subtitle position: (42, 1600) for center,bottom
[debug] Video: 1080x1920, Subtitle: 996x65, Position: grid
[debug] Final subtitle position: (42, 1600) for center,bottom
[debug] Video: 1080x1920, Subtitle: 996x65, Position: grid
[debug] Final subtitle position: (42, 1600) for center,bottom
[debug] Video: 1080x1920, Subtitle: 996x65, Position: grid
[debug] Final subtitle position: (42, 1600) for center,bottom
[debug] Video: 1080x1920, Subtitle: 996x65, Position: grid
[debug] Final subtitle position: (42, 1600) for center,bottom
[debug] Video: 1080x1920, Subtitle: 996x65, Position: grid
[debug] Final subtitle position: (42, 1600) for center,bottom
[debug] Video: 1080x1920, Subtitle: 996x65, Position: grid
[debug] Final subtitle position: (42, 1600) for center,bottom
[debug] Video: 1080x1920, Subtitle: 996x65, Position: grid
[debug] Final subtitle position: (42, 1600) for center,bottom
[debug] Video: 1080x1920, Subtitle: 996x65, Position: grid
[debug] Final subtitle position: (42, 1600) for center,bottom
[debug] Video: 1080x1920, Subtitle: 996x65, Position: grid
[debug] Final subtitle position: (42, 1600) for center,bottom
[debug] Video: 1080x1920, Subtitle: 996x65, Position: grid
[debug] Final subtitle position: (42, 1600) for center,bottom
[debug] Video: 1080x1920, Subtitle: 996x65, Position: grid
[debug] Final subtitle position: (42, 1600) for center,bottom
[debug] Video: 1080x1920, Subtitle: 996x65, Position: grid
[debug] Final subtitle position: (42, 1600) for center,bottom
[debug] Video: 1080x1920, Subtitle: 996x65, Position: grid
[debug] Final subtitle position: (42, 1600) for center,bottom
[debug] Video: 1080x1920, Subtitle: 996x65, Position: grid
[debug] Final subtitle position: (42, 1600) for center,bottom
[warn] Font Arial-Bold failed: Invalid font Arial-Bold, pillow failed to use it with error cannot open resource
[warn] Font arial.ttf failed: Invalid font arial.ttf, pillow failed to use it with error cannot open resource
[debug] Successfully created TextClip with font: Arial, size: 972x91
[debug] Video: 1080x1920, Subtitle: 996x107, Position: grid
[debug] Final subtitle position: (42, 1579) for center,bottom
[debug] Video: 1080x1920, Subtitle: 996x107, Position: grid
[debug] Final subtitle position: (42, 1579) for center,bottom
[debug] Video: 1080x1920, Subtitle: 996x107, Position: grid
[debug] Final subtitle position: (42, 1579) for center,bottom
[debug] Video: 1080x1920, Subtitle: 996x107, Position: grid
[debug] Final subtitle position: (42, 1579) for center,bottom
[debug] Video: 1080x1920, Subtitle: 996x107, Position: grid
[debug] Final subtitle position: (42, 1579) for center,bottom
[debug] Video: 1080x1920, Subtitle: 996x107, Position: grid
[debug] Final subtitle position: (42, 1579) for center,bottom
[debug] Video: 1080x1920, Subtitle: 996x107, Position: grid
[debug] Final subtitle position: (42, 1579) for center,bottom
[debug] Video: 1080x1920, Subtitle: 996x107, Position: grid
[debug] Final subtitle position: (42, 1579) for center,bottom
[debug] Video: 1080x1920, Subtitle: 996x107, Position: grid
[debug] Final subtitle position: (42, 1579) for center,bottom
[debug] Video: 1080x1920, Subtitle: 996x107, Position: grid
[debug] Final subtitle position: (42, 1579) for center,bottom
[debug] Video: 1080x1920, Subtitle: 996x107, Position: grid
[debug] Final subtitle position: (42, 1579) for center,bottom
[debug] Video: 1080x1920, Subtitle: 996x107, Position: grid
[debug] Final subtitle position: (42, 1579) for center,bottom
[debug] Video: 1080x1920, Subtitle: 996x107, Position: grid
[debug] Final subtitle position: (42, 1579) for center,bottom
[debug] Video: 1080x1920, Subtitle: 996x107, Position: grid
[debug] Final subtitle position: (42, 1579) for center,bottom
[debug] Video: 1080x1920, Subtitle: 996x107, Position: grid
[debug] Final subtitle position: (42, 1579) for center,bottom
[debug] Video: 1080x1920, Subtitle: 996x107, Position: grid
[debug] Final subtitle position: (42, 1579) for center,bottom
[debug] Video: 1080x1920, Subtitle: 996x107, Position: grid
[debug] Final subtitle position: (42, 1579) for center,bottom
[debug] Video: 1080x1920, Subtitle: 996x107, Position: grid
[debug] Final subtitle position: (42, 1579) for center,bottom
[debug] Video: 1080x1920, Subtitle: 996x107, Position: grid
[debug] Final subtitle position: (42, 1579) for center,bottom
[debug] Video: 1080x1920, Subtitle: 996x107, Position: grid
[debug] Final subtitle position: (42, 1579) for center,bottom
[debug] Video: 1080x1920, Subtitle: 996x107, Position: grid
[debug] Final subtitle position: (42, 1579) for center,bottom
[debug] Video: 1080x1920, Subtitle: 996x107, Position: grid
[debug] Final subtitle position: (42, 1579) for center,bottom
[debug] Video: 1080x1920, Subtitle: 996x107, Position: grid
[debug] Final subtitle position: (42, 1579) for center,bottom
[debug] Video: 1080x1920, Subtitle: 996x107, Position: grid
[debug] Final subtitle position: (42, 1579) for center,bottom
[debug] Video: 1080x1920, Subtitle: 996x107, Position: grid
[debug] Final subtitle position: (42, 1579) for center,bottom
[debug] Video: 1080x1920, Subtitle: 996x107, Position: grid
[debug] Final subtitle position: (42, 1579) for center,bottom
[debug] Video: 1080x1920, Subtitle: 996x107, Position: grid
[debug] Final subtitle position: (42, 1579) for center,bottom
[debug] Video: 1080x1920, Subtitle: 996x107, Position: grid
[debug] Final subtitle position: (42, 1579) for center,bottom
[debug] Video: 1080x1920, Subtitle: 996x107, Position: grid
[debug] Final subtitle position: (42, 1579) for center,bottom
[debug] Video: 1080x1920, Subtitle: 996x107, Position: grid
[debug] Final subtitle position: (42, 1579) for center,bottom
[debug] Video: 1080x1920, Subtitle: 996x107, Position: grid
[debug] Final subtitle position: (42, 1579) for center,bottom
[debug] Video: 1080x1920, Subtitle: 996x107, Position: grid
[debug] Final subtitle position: (42, 1579) for center,bottom
[debug] Video: 1080x1920, Subtitle: 996x107, Position: grid
[debug] Final subtitle position: (42, 1579) for center,bottom
[debug] Video: 1080x1920, Subtitle: 996x107, Position: grid
[debug] Final subtitle position: (42, 1579) for center,bottom
[debug] Video: 1080x1920, Subtitle: 996x107, Position: grid
[debug] Final subtitle position: (42, 1579) for center,bottom
[debug] Video: 1080x1920, Subtitle: 996x107, Position: grid
[debug] Final subtitle position: (42, 1579) for center,bottom
[debug] Video: 1080x1920, Subtitle: 996x107, Position: grid
[debug] Final subtitle position: (42, 1579) for center,bottom
[debug] Video: 1080x1920, Subtitle: 996x107, Position: grid
[debug] Final subtitle position: (42, 1579) for center,bottom
[debug] Video: 1080x1920, Subtitle: 996x107, Position: grid
[debug] Final subtitle position: (42, 1579) for center,bottom
[debug] Video: 1080x1920, Subtitle: 996x107, Position: grid
[debug] Final subtitle position: (42, 1579) for center,bottom
[debug] Video: 1080x1920, Subtitle: 996x107, Position: grid
[debug] Final subtitle position: (42, 1579) for center,bottom
[debug] Video: 1080x1920, Subtitle: 996x107, Position: grid
[debug] Final subtitle position: (42, 1579) for center,bottom
[debug] Video: 1080x1920, Subtitle: 996x107, Position: grid
[debug] Final subtitle position: (42, 1579) for center,bottom
[debug] Video: 1080x1920, Subtitle: 996x107, Position: grid
[debug] Final subtitle position: (42, 1579) for center,bottom
[debug] Video: 1080x1920, Subtitle: 996x107, Position: grid
[debug] Final subtitle position: (42, 1579) for center,bottom
[debug] Video: 1080x1920, Subtitle: 996x107, Position: grid
[debug] Final subtitle position: (42, 1579) for center,bottom
[debug] Video: 1080x1920, Subtitle: 996x107, Position: grid
[debug] Final subtitle position: (42, 1579) for center,bottom
[debug] Video: 1080x1920, Subtitle: 996x107, Position: grid
[debug] Final subtitle position: (42, 1579) for center,bottom
[debug] Video: 1080x1920, Subtitle: 996x107, Position: grid
[debug] Final subtitle position: (42, 1579) for center,bottom
[debug] Video: 1080x1920, Subtitle: 996x107, Position: grid
[debug] Final subtitle position: (42, 1579) for center,bottom
[debug] Video: 1080x1920, Subtitle: 996x107, Position: grid
[debug] Final subtitle position: (42, 1579) for center,bottom
[debug] Video: 1080x1920, Subtitle: 996x107, Position: grid
[debug] Final subtitle position: (42, 1579) for center,bottom
[debug] Video: 1080x1920, Subtitle: 996x107, Position: grid
[debug] Final subtitle position: (42, 1579) for center,bottom
[debug] Video: 1080x1920, Subtitle: 996x107, Position: grid
[debug] Final subtitle position: (42, 1579) for center,bottom
[debug] Video: 1080x1920, Subtitle: 996x107, Position: grid
[debug] Final subtitle position: (42, 1579) for center,bottom
[debug] Video: 1080x1920, Subtitle: 996x107, Position: grid
[debug] Final subtitle position: (42, 1579) for center,bottom
[debug] Video: 1080x1920, Subtitle: 996x107, Position: grid
[debug] Final subtitle position: (42, 1579) for center,bottom
[debug] Video: 1080x1920, Subtitle: 996x107, Position: grid
[debug] Final subtitle position: (42, 1579) for center,bottom
[debug] Video: 1080x1920, Subtitle: 996x107, Position: grid
[debug] Final subtitle position: (42, 1579) for center,bottom
[debug] Video: 1080x1920, Subtitle: 996x107, Position: grid
[debug] Final subtitle position: (42, 1579) for center,bottom
[debug] Video: 1080x1920, Subtitle: 996x107, Position: grid
[debug] Final subtitle position: (42, 1579) for center,bottom
[debug] Video: 1080x1920, Subtitle: 996x107, Position: grid
[debug] Final subtitle position: (42, 1579) for center,bottom
[debug] Video: 1080x1920, Subtitle: 996x107, Position: grid
[debug] Final subtitle position: (42, 1579) for center,bottom
[debug] Video: 1080x1920, Subtitle: 996x107, Position: grid
[debug] Final subtitle position: (42, 1579) for center,bottom
[debug] Video: 1080x1920, Subtitle: 996x107, Position: grid
[debug] Final subtitle position: (42, 1579) for center,bottom
[debug] Video: 1080x1920, Subtitle: 996x107, Position: grid
[debug] Final subtitle position: (42, 1579) for center,bottom
[debug] Video: 1080x1920, Subtitle: 996x107, Position: grid
[debug] Final subtitle position: (42, 1579) for center,bottom
[debug] Video: 1080x1920, Subtitle: 996x107, Position: grid
[debug] Final subtitle position: (42, 1579) for center,bottom
[debug] Video: 1080x1920, Subtitle: 996x107, Position: grid
[debug] Final subtitle position: (42, 1579) for center,bottom
[debug] Video: 1080x1920, Subtitle: 996x107, Position: grid
[debug] Final subtitle position: (42, 1579) for center,bottom
[debug] Video: 1080x1920, Subtitle: 996x107, Position: grid
[debug] Final subtitle position: (42, 1579) for center,bottom
[debug] Video: 1080x1920, Subtitle: 996x107, Position: grid
[debug] Final subtitle position: (42, 1579) for center,bottom
[debug] Video: 1080x1920, Subtitle: 996x107, Position: grid
[debug] Final subtitle position: (42, 1579) for center,bottom
[debug] Video: 1080x1920, Subtitle: 996x107, Position: grid
[debug] Final subtitle position: (42, 1579) for center,bottom
[debug] Video: 1080x1920, Subtitle: 996x107, Position: grid
[debug] Final subtitle position: (42, 1579) for center,bottom
[debug] Video: 1080x1920, Subtitle: 996x107, Position: grid
[debug] Final subtitle position: (42, 1579) for center,bottom
[debug] Video: 1080x1920, Subtitle: 996x107, Position: grid
[debug] Final subtitle position: (42, 1579) for center,bottom
[debug] Video: 1080x1920, Subtitle: 996x107, Position: grid
[debug] Final subtitle position: (42, 1579) for center,bottom
[debug] Video: 1080x1920, Subtitle: 996x107, Position: grid
[debug] Final subtitle position: (42, 1579) for center,bottom
[debug] Video: 1080x1920, Subtitle: 996x107, Position: grid
[debug] Final subtitle position: (42, 1579) for center,bottom
[debug] Video: 1080x1920, Subtitle: 996x107, Position: grid
[debug] Final subtitle position: (42, 1579) for center,bottom
[debug] Video: 1080x1920, Subtitle: 996x107, Position: grid
[debug] Final subtitle position: (42, 1579) for center,bottom
[debug] Video: 1080x1920, Subtitle: 996x107, Position: grid
[debug] Final subtitle position: (42, 1579) for center,bottom
[debug] Video: 1080x1920, Subtitle: 996x107, Position: grid
[debug] Final subtitle position: (42, 1579) for center,bottom
[debug] Video: 1080x1920, Subtitle: 996x107, Position: grid
[debug] Final subtitle position: (42, 1579) for center,bottom
[debug] Video: 1080x1920, Subtitle: 996x107, Position: grid
[debug] Final subtitle position: (42, 1579) for center,bottom
[debug] Video: 1080x1920, Subtitle: 996x107, Position: grid
[debug] Final subtitle position: (42, 1579) for center,bottom
[debug] Video: 1080x1920, Subtitle: 996x107, Position: grid
[debug] Final subtitle position: (42, 1579) for center,bottom
[debug] Video: 1080x1920, Subtitle: 996x107, Position: grid
[debug] Final subtitle position: (42, 1579) for center,bottom
[debug] Video: 1080x1920, Subtitle: 996x107, Position: grid
[debug] Final subtitle position: (42, 1579) for center,bottom
[debug] Video: 1080x1920, Subtitle: 996x107, Position: grid
[debug] Final subtitle position: (42, 1579) for center,bottom
[debug] Video: 1080x1920, Subtitle: 996x107, Position: grid
[debug] Final subtitle position: (42, 1579) for center,bottom
[debug] Video: 1080x1920, Subtitle: 996x107, Position: grid
[debug] Final subtitle position: (42, 1579) for center,bottom
[debug] Video: 1080x1920, Subtitle: 996x107, Position: grid
[debug] Final subtitle position: (42, 1579) for center,bottom
[debug] Video: 1080x1920, Subtitle: 996x107, Position: grid
[debug] Final subtitle position: (42, 1579) for center,bottom
[debug] Video: 1080x1920, Subtitle: 996x107, Position: grid
[debug] Final subtitle position: (42, 1579) for center,bottom
[debug] Video: 1080x1920, Subtitle: 996x107, Position: grid
[debug] Final subtitle position: (42, 1579) for center,bottom
[debug] Video: 1080x1920, Subtitle: 996x107, Position: grid
[debug] Final subtitle position: (42, 1579) for center,bottom
[debug] Video: 1080x1920, Subtitle: 996x107, Position: grid
[debug] Final subtitle position: (42, 1579) for center,bottom
[debug] Video: 1080x1920, Subtitle: 996x107, Position: grid
[debug] Final subtitle position: (42, 1579) for center,bottom
[debug] Video: 1080x1920, Subtitle: 996x107, Position: grid
[debug] Final subtitle position: (42, 1579) for center,bottom
[debug] Video: 1080x1920, Subtitle: 996x107, Position: grid
[debug] Final subtitle position: (42, 1579) for center,bottom
[debug] Video: 1080x1920, Subtitle: 996x107, Position: grid
[debug] Final subtitle position: (42, 1579) for center,bottom
[debug] Video: 1080x1920, Subtitle: 996x107, Position: grid
[debug] Final subtitle position: (42, 1579) for center,bottom
[debug] Video: 1080x1920, Subtitle: 996x107, Position: grid
[debug] Final subtitle position: (42, 1579) for center,bottom
[debug] Video: 1080x1920, Subtitle: 996x107, Position: grid
[debug] Final subtitle position: (42, 1579) for center,bottom
[debug] Video: 1080x1920, Subtitle: 996x107, Position: grid
[debug] Final subtitle position: (42, 1579) for center,bottom
[debug] Video: 1080x1920, Subtitle: 996x107, Position: grid
[debug] Final subtitle position: (42, 1579) for center,bottom
[debug] Video: 1080x1920, Subtitle: 996x107, Position: grid
[debug] Final subtitle position: (42, 1579) for center,bottom
[debug] Video: 1080x1920, Subtitle: 996x107, Position: grid
[debug] Final subtitle position: (42, 1579) for center,bottom
[debug] Video: 1080x1920, Subtitle: 996x107, Position: grid
[debug] Final subtitle position: (42, 1579) for center,bottom
[debug] Video: 1080x1920, Subtitle: 996x107, Position: grid
[debug] Final subtitle position: (42, 1579) for center,bottom
[debug] Video: 1080x1920, Subtitle: 996x107, Position: grid
[debug] Final subtitle position: (42, 1579) for center,bottom
[debug] Video: 1080x1920, Subtitle: 996x107, Position: grid
[debug] Final subtitle position: (42, 1579) for center,bottom
[debug] Video: 1080x1920, Subtitle: 996x107, Position: grid
[debug] Final subtitle position: (42, 1579) for center,bottom
[debug] Video: 1080x1920, Subtitle: 996x107, Position: grid
[debug] Final subtitle position: (42, 1579) for center,bottom
[debug] Video: 1080x1920, Subtitle: 996x107, Position: grid
[debug] Final subtitle position: (42, 1579) for center,bottom
[debug] Video: 1080x1920, Subtitle: 996x107, Position: grid
[debug] Final subtitle position: (42, 1579) for center,bottom
[debug] Video: 1080x1920, Subtitle: 996x107, Position: grid
[debug] Final subtitle position: (42, 1579) for center,bottom
[debug] Video: 1080x1920, Subtitle: 996x107, Position: grid
[debug] Final subtitle position: (42, 1579) for center,bottom
[debug] Video: 1080x1920, Subtitle: 996x107, Position: grid
[debug] Final subtitle position: (42, 1579) for center,bottom
[debug] Video: 1080x1920, Subtitle: 996x107, Position: grid
[debug] Final subtitle position: (42, 1579) for center,bottom
[debug] Video: 1080x1920, Subtitle: 996x107, Position: grid
[debug] Final subtitle position: (42, 1579) for center,bottom
[debug] Video: 1080x1920, Subtitle: 996x107, Position: grid
[debug] Final subtitle position: (42, 1579) for center,bottom
[debug] Video: 1080x1920, Subtitle: 996x107, Position: grid
[debug] Final subtitle position: (42, 1579) for center,bottom
[debug] Video: 1080x1920, Subtitle: 996x107, Position: grid
[debug] Final subtitle position: (42, 1579) for center,bottom
[debug] Video: 1080x1920, Subtitle: 996x107, Position: grid
[debug] Final subtitle position: (42, 1579) for center,bottom
[debug] Video: 1080x1920, Subtitle: 996x107, Position: grid
[debug] Final subtitle position: (42, 1579) for center,bottom
[debug] Video: 1080x1920, Subtitle: 996x107, Position: grid
[debug] Final subtitle position: (42, 1579) for center,bottom
[debug] Video: 1080x1920, Subtitle: 996x107, Position: grid
[debug] Final subtitle position: (42, 1579) for center,bottom
[debug] Video: 1080x1920, Subtitle: 996x107, Position: grid
[debug] Final subtitle position: (42, 1579) for center,bottom
[debug] Video: 1080x1920, Subtitle: 996x107, Position: grid
[debug] Final subtitle position: (42, 1579) for center,bottom
[debug] Video: 1080x1920, Subtitle: 996x107, Position: grid
[debug] Final subtitle position: (42, 1579) for center,bottom
[debug] Video: 1080x1920, Subtitle: 996x107, Position: grid
[debug] Final subtitle position: (42, 1579) for center,bottom
[debug] Video: 1080x1920, Subtitle: 996x107, Position: grid
[debug] Final subtitle position: (42, 1579) for center,bottom
[debug] Video: 1080x1920, Subtitle: 996x107, Position: grid
[debug] Final subtitle position: (42, 1579) for center,bottom
[debug] Video: 1080x1920, Subtitle: 996x107, Position: grid
[debug] Final subtitle position: (42, 1579) for center,bottom
[debug] Video: 1080x1920, Subtitle: 996x107, Position: grid
[debug] Final subtitle position: (42, 1579) for center,bottom
[debug] Video: 1080x1920, Subtitle: 996x107, Position: grid
[debug] Final subtitle position: (42, 1579) for center,bottom
[debug] Video: 1080x1920, Subtitle: 996x107, Position: grid
[debug] Final subtitle position: (42, 1579) for center,bottom
[debug] Video: 1080x1920, Subtitle: 996x107, Position: grid
[debug] Final subtitle position: (42, 1579) for center,bottom
[debug] Video: 1080x1920, Subtitle: 996x107, Position: grid
[debug] Final subtitle position: (42, 1579) for center,bottom
[debug] Video: 1080x1920, Subtitle: 996x107, Position: grid
[debug] Final subtitle position: (42, 1579) for center,bottom
[debug] Video: 1080x1920, Subtitle: 996x107, Position: grid
[debug] Final subtitle position: (42, 1579) for center,bottom
[debug] Video: 1080x1920, Subtitle: 996x107, Position: grid
[debug] Final subtitle position: (42, 1579) for center,bottom
[debug] Video: 1080x1920, Subtitle: 996x107, Position: grid
[debug] Final subtitle position: (42, 1579) for center,bottom
[debug] Video: 1080x1920, Subtitle: 996x107, Position: grid
[debug] Final subtitle position: (42, 1579) for center,bottom
[debug] Video: 1080x1920, Subtitle: 996x107, Position: grid
[debug] Final subtitle position: (42, 1579) for center,bottom
[debug] Video: 1080x1920, Subtitle: 996x107, Position: grid
[debug] Final subtitle position: (42, 1579) for center,bottom
[debug] Video: 1080x1920, Subtitle: 996x107, Position: grid
[debug] Final subtitle position: (42, 1579) for center,bottom
[debug] Video: 1080x1920, Subtitle: 996x107, Position: grid
[debug] Final subtitle position: (42, 1579) for center,bottom
[debug] Video: 1080x1920, Subtitle: 996x107, Position: grid
[debug] Final subtitle position: (42, 1579) for center,bottom
[debug] Video: 1080x1920, Subtitle: 996x107, Position: grid
[debug] Final subtitle position: (42, 1579) for center,bottom
[debug] Video: 1080x1920, Subtitle: 996x107, Position: grid
[debug] Final subtitle position: (42, 1579) for center,bottom
[debug] Video: 1080x1920, Subtitle: 996x107, Position: grid
[debug] Final subtitle position: (42, 1579) for center,bottom
[debug] Video: 1080x1920, Subtitle: 996x107, Position: grid
[debug] Final subtitle position: (42, 1579) for center,bottom
[debug] Video: 1080x1920, Subtitle: 996x107, Position: grid
[debug] Final subtitle position: (42, 1579) for center,bottom
[debug] Video: 1080x1920, Subtitle: 996x107, Position: grid
[debug] Final subtitle position: (42, 1579) for center,bottom
[debug] Video: 1080x1920, Subtitle: 996x107, Position: grid
[debug] Final subtitle position: (42, 1579) for center,bottom
[debug] Video: 1080x1920, Subtitle: 996x107, Position: grid
[debug] Final subtitle position: (42, 1579) for center,bottom
[debug] Video: 1080x1920, Subtitle: 996x107, Position: grid
[debug] Final subtitle position: (42, 1579) for center,bottom
[debug] Video: 1080x1920, Subtitle: 996x107, Position: grid
[debug] Final subtitle position: (42, 1579) for center,bottom
[debug] Video: 1080x1920, Subtitle: 996x107, Position: grid
[debug] Final subtitle position: (42, 1579) for center,bottom
[debug] Video: 1080x1920, Subtitle: 996x107, Position: grid
[debug] Final subtitle position: (42, 1579) for center,bottom
[debug] Video: 1080x1920, Subtitle: 996x107, Position: grid
[debug] Final subtitle position: (42, 1579) for center,bottom
[debug] Video: 1080x1920, Subtitle: 996x107, Position: grid
[debug] Final subtitle position: (42, 1579) for center,bottom
[debug] Video: 1080x1920, Subtitle: 996x107, Position: grid
[debug] Final subtitle position: (42, 1579) for center,bottom
[debug] Video: 1080x1920, Subtitle: 996x107, Position: grid
[debug] Final subtitle position: (42, 1579) for center,bottom
[debug] Video: 1080x1920, Subtitle: 996x107, Position: grid
[debug] Final subtitle position: (42, 1579) for center,bottom
[debug] Video: 1080x1920, Subtitle: 996x107, Position: grid
[debug] Final subtitle position: (42, 1579) for center,bottom
[debug] Video: 1080x1920, Subtitle: 996x107, Position: grid
[debug] Final subtitle position: (42, 1579) for center,bottom
[debug] Video: 1080x1920, Subtitle: 996x107, Position: grid
[debug] Final subtitle position: (42, 1579) for center,bottom
[debug] Video: 1080x1920, Subtitle: 996x107, Position: grid
[debug] Final subtitle position: (42, 1579) for center,bottom
[debug] Video: 1080x1920, Subtitle: 996x107, Position: grid
[debug] Final subtitle position: (42, 1579) for center,bottom
[debug] Video: 1080x1920, Subtitle: 996x107, Position: grid
[debug] Final subtitle position: (42, 1579) for center,bottom
[debug] Video: 1080x1920, Subtitle: 996x107, Position: grid
[debug] Final subtitle position: (42, 1579) for center,bottom
[debug] Video: 1080x1920, Subtitle: 996x107, Position: grid
[debug] Final subtitle position: (42, 1579) for center,bottom
[debug] Video: 1080x1920, Subtitle: 996x107, Position: grid
[debug] Final subtitle position: (42, 1579) for center,bottom
[debug] Video: 1080x1920, Subtitle: 996x107, Position: grid
[debug] Final subtitle position: (42, 1579) for center,bottom
[debug] Video: 1080x1920, Subtitle: 996x107, Position: grid
[debug] Final subtitle position: (42, 1579) for center,bottom
[debug] Video: 1080x1920, Subtitle: 996x107, Position: grid
[debug] Final subtitle position: (42, 1579) for center,bottom
[debug] Video: 1080x1920, Subtitle: 996x107, Position: grid
[debug] Final subtitle position: (42, 1579) for center,bottom
[debug] Video: 1080x1920, Subtitle: 996x107, Position: grid
[debug] Final subtitle position: (42, 1579) for center,bottom
[debug] Video: 1080x1920, Subtitle: 996x107, Position: grid
[debug] Final subtitle position: (42, 1579) for center,bottom
[debug] Video: 1080x1920, Subtitle: 996x107, Position: grid
[debug] Final subtitle position: (42, 1579) for center,bottom
[debug] Video: 1080x1920, Subtitle: 996x107, Position: grid
[debug] Final subtitle position: (42, 1579) for center,bottom
[debug] Video: 1080x1920, Subtitle: 996x107, Position: grid
[debug] Final subtitle position: (42, 1579) for center,bottom
[debug] Video: 1080x1920, Subtitle: 996x107, Position: grid
[debug] Final subtitle position: (42, 1579) for center,bottom
[debug] Video: 1080x1920, Subtitle: 996x107, Position: grid
[debug] Final subtitle position: (42, 1579) for center,bottom
[debug] Video: 1080x1920, Subtitle: 996x107, Position: grid
[debug] Final subtitle position: (42, 1579) for center,bottom
[debug] Video: 1080x1920, Subtitle: 996x107, Position: grid
[debug] Final subtitle position: (42, 1579) for center,bottom
[debug] Video: 1080x1920, Subtitle: 996x107, Position: grid
[debug] Final subtitle position: (42, 1579) for center,bottom
[debug] Video: 1080x1920, Subtitle: 996x107, Position: grid
[debug] Final subtitle position: (42, 1579) for center,bottom
[debug] Video: 1080x1920, Subtitle: 996x107, Position: grid
[debug] Final subtitle position: (42, 1579) for center,bottom
[debug] Video: 1080x1920, Subtitle: 996x107, Position: grid
[debug] Final subtitle position: (42, 1579) for center,bottom
[debug] Video: 1080x1920, Subtitle: 996x107, Position: grid
[debug] Final subtitle position: (42, 1579) for center,bottom
[warn] Font Arial-Bold failed: Invalid font Arial-Bold, pillow failed to use it with error cannot open resource
[warn] Font arial.ttf failed: Invalid font arial.ttf, pillow failed to use it with error cannot open resource
[debug] Successfully created TextClip with font: Arial, size: 972x101
[debug] Video: 1080x1920, Subtitle: 996x117, Position: grid
[debug] Final subtitle position: (42, 1574) for center,bottom
[debug] Video: 1080x1920, Subtitle: 996x117, Position: grid
[debug] Final subtitle position: (42, 1574) for center,bottom
[debug] Video: 1080x1920, Subtitle: 996x117, Position: grid
[debug] Final subtitle position: (42, 1574) for center,bottom
[debug] Video: 1080x1920, Subtitle: 996x117, Position: grid
[debug] Final subtitle position: (42, 1574) for center,bottom
[debug] Video: 1080x1920, Subtitle: 996x117, Position: grid
[debug] Final subtitle position: (42, 1574) for center,bottom
[debug] Video: 1080x1920, Subtitle: 996x117, Position: grid
[debug] Final subtitle position: (42, 1574) for center,bottom
[debug] Video: 1080x1920, Subtitle: 996x117, Position: grid
[debug] Final subtitle position: (42, 1574) for center,bottom
[debug] Video: 1080x1920, Subtitle: 996x117, Position: grid
[debug] Final subtitle position: (42, 1574) for center,bottom
[debug] Video: 1080x1920, Subtitle: 996x117, Position: grid
[debug] Final subtitle position: (42, 1574) for center,bottom
[debug] Video: 1080x1920, Subtitle: 996x117, Position: grid
[debug] Final subtitle position: (42, 1574) for center,bottom
[debug] Video: 1080x1920, Subtitle: 996x117, Position: grid
[debug] Final subtitle position: (42, 1574) for center,bottom
[debug] Video: 1080x1920, Subtitle: 996x117, Position: grid
[debug] Final subtitle position: (42, 1574) for center,bottom
[debug] Video: 1080x1920, Subtitle: 996x117, Position: grid
[debug] Final subtitle position: (42, 1574) for center,bottom
[debug] Video: 1080x1920, Subtitle: 996x117, Position: grid
[debug] Final subtitle position: (42, 1574) for center,bottom
[debug] Video: 1080x1920, Subtitle: 996x117, Position: grid
[debug] Final subtitle position: (42, 1574) for center,bottom
[debug] Video: 1080x1920, Subtitle: 996x117, Position: grid
[debug] Final subtitle position: (42, 1574) for center,bottom
[debug] Video: 1080x1920, Subtitle: 996x117, Position: grid
[debug] Final subtitle position: (42, 1574) for center,bottom
[debug] Video: 1080x1920, Subtitle: 996x117, Position: grid
[debug] Final subtitle position: (42, 1574) for center,bottom
[debug] Video: 1080x1920, Subtitle: 996x117, Position: grid
[debug] Final subtitle position: (42, 1574) for center,bottom
[debug] Video: 1080x1920, Subtitle: 996x117, Position: grid
[debug] Final subtitle position: (42, 1574) for center,bottom
[debug] Video: 1080x1920, Subtitle: 996x117, Position: grid
[debug] Final subtitle position: (42, 1574) for center,bottom
[debug] Video: 1080x1920, Subtitle: 996x117, Position: grid
[debug] Final subtitle position: (42, 1574) for center,bottom
[debug] Video: 1080x1920, Subtitle: 996x117, Position: grid
[debug] Final subtitle position: (42, 1574) for center,bottom
[debug] Video: 1080x1920, Subtitle: 996x117, Position: grid
[debug] Final subtitle position: (42, 1574) for center,bottom
[debug] Video: 1080x1920, Subtitle: 996x117, Position: grid
[debug] Final subtitle position: (42, 1574) for center,bottom
[debug] Video: 1080x1920, Subtitle: 996x117, Position: grid
[debug] Final subtitle position: (42, 1574) for center,bottom
[debug] Video: 1080x1920, Subtitle: 996x117, Position: grid
[debug] Final subtitle position: (42, 1574) for center,bottom
[debug] Video: 1080x1920, Subtitle: 996x117, Position: grid
[debug] Final subtitle position: (42, 1574) for center,bottom
[debug] Video: 1080x1920, Subtitle: 996x117, Position: grid
[debug] Final subtitle position: (42, 1574) for center,bottom
[debug] Video: 1080x1920, Subtitle: 996x117, Position: grid
[debug] Final subtitle position: (42, 1574) for center,bottom
[debug] Video: 1080x1920, Subtitle: 996x117, Position: grid
[debug] Final subtitle position: (42, 1574) for center,bottom
[debug] Video: 1080x1920, Subtitle: 996x117, Position: grid
[debug] Final subtitle position: (42, 1574) for center,bottom
[debug] Video: 1080x1920, Subtitle: 996x117, Position: grid
[debug] Final subtitle position: (42, 1574) for center,bottom
[debug] Video: 1080x1920, Subtitle: 996x117, Position: grid
[debug] Final subtitle position: (42, 1574) for center,bottom
[debug] Video: 1080x1920, Subtitle: 996x117, Position: grid
[debug] Final subtitle position: (42, 1574) for center,bottom
[debug] Video: 1080x1920, Subtitle: 996x117, Position: grid
[debug] Final subtitle position: (42, 1574) for center,bottom
[debug] Video: 1080x1920, Subtitle: 996x117, Position: grid
[debug] Final subtitle position: (42, 1574) for center,bottom
[debug] Video: 1080x1920, Subtitle: 996x117, Position: grid
[debug] Final subtitle position: (42, 1574) for center,bottom
[debug] Video: 1080x1920, Subtitle: 996x117, Position: grid
[debug] Final subtitle position: (42, 1574) for center,bottom
[debug] Video: 1080x1920, Subtitle: 996x117, Position: grid
[debug] Final subtitle position: (42, 1574) for center,bottom
[debug] Video: 1080x1920, Subtitle: 996x117, Position: grid
[debug] Final subtitle position: (42, 1574) for center,bottom
[debug] Video: 1080x1920, Subtitle: 996x117, Position: grid
[debug] Final subtitle position: (42, 1574) for center,bottom
[debug] Video: 1080x1920, Subtitle: 996x117, Position: grid
[debug] Final subtitle position: (42, 1574) for center,bottom
[debug] Video: 1080x1920, Subtitle: 996x117, Position: grid
[debug] Final subtitle position: (42, 1574) for center,bottom
[debug] Video: 1080x1920, Subtitle: 996x117, Position: grid
[debug] Final subtitle position: (42, 1574) for center,bottom
[debug] Video: 1080x1920, Subtitle: 996x117, Position: grid
[debug] Final subtitle position: (42, 1574) for center,bottom
[debug] Video: 1080x1920, Subtitle: 996x117, Position: grid
[debug] Final subtitle position: (42, 1574) for center,bottom
[debug] Video: 1080x1920, Subtitle: 996x117, Position: grid
[debug] Final subtitle position: (42, 1574) for center,bottom
[debug] Video: 1080x1920, Subtitle: 996x117, Position: grid
[debug] Final subtitle position: (42, 1574) for center,bottom
[debug] Video: 1080x1920, Subtitle: 996x117, Position: grid
[debug] Final subtitle position: (42, 1574) for center,bottom
[debug] Video: 1080x1920, Subtitle: 996x117, Position: grid
[debug] Final subtitle position: (42, 1574) for center,bottom
[debug] Video: 1080x1920, Subtitle: 996x117, Position: grid
[debug] Final subtitle position: (42, 1574) for center,bottom
[debug] Video: 1080x1920, Subtitle: 996x117, Position: grid
[debug] Final subtitle position: (42, 1574) for center,bottom
[debug] Video: 1080x1920, Subtitle: 996x117, Position: grid
[debug] Final subtitle position: (42, 1574) for center,bottom
[debug] Video: 1080x1920, Subtitle: 996x117, Position: grid
[debug] Final subtitle position: (42, 1574) for center,bottom
[debug] Video: 1080x1920, Subtitle: 996x117, Position: grid
[debug] Final subtitle position: (42, 1574) for center,bottom
[debug] Video: 1080x1920, Subtitle: 996x117, Position: grid
[debug] Final subtitle position: (42, 1574) for center,bottom
[debug] Video: 1080x1920, Subtitle: 996x117, Position: grid
[debug] Final subtitle position: (42, 1574) for center,bottom
[debug] Video: 1080x1920, Subtitle: 996x117, Position: grid
[debug] Final subtitle position: (42, 1574) for center,bottom
[debug] Video: 1080x1920, Subtitle: 996x117, Position: grid
[debug] Final subtitle position: (42, 1574) for center,bottom
[debug] Video: 1080x1920, Subtitle: 996x117, Position: grid
[debug] Final subtitle position: (42, 1574) for center,bottom
[debug] Video: 1080x1920, Subtitle: 996x117, Position: grid
[debug] Final subtitle position: (42, 1574) for center,bottom
[debug] Video: 1080x1920, Subtitle: 996x117, Position: grid
[debug] Final subtitle position: (42, 1574) for center,bottom
[debug] Video: 1080x1920, Subtitle: 996x117, Position: grid
[debug] Final subtitle position: (42, 1574) for center,bottom
[debug] Video: 1080x1920, Subtitle: 996x117, Position: grid
[debug] Final subtitle position: (42, 1574) for center,bottom
[debug] Video: 1080x1920, Subtitle: 996x117, Position: grid
[debug] Final subtitle position: (42, 1574) for center,bottom
[debug] Video: 1080x1920, Subtitle: 996x117, Position: grid
[debug] Final subtitle position: (42, 1574) for center,bottom
[debug] Video: 1080x1920, Subtitle: 996x117, Position: grid
[debug] Final subtitle position: (42, 1574) for center,bottom
[debug] Video: 1080x1920, Subtitle: 996x117, Position: grid
[debug] Final subtitle position: (42, 1574) for center,bottom
[debug] Video: 1080x1920, Subtitle: 996x117, Position: grid
[debug] Final subtitle position: (42, 1574) for center,bottom
[debug] Video: 1080x1920, Subtitle: 996x117, Position: grid
[debug] Final subtitle position: (42, 1574) for center,bottom
[debug] Video: 1080x1920, Subtitle: 996x117, Position: grid
[debug] Final subtitle position: (42, 1574) for center,bottom
[debug] Video: 1080x1920, Subtitle: 996x117, Position: grid
[debug] Final subtitle position: (42, 1574) for center,bottom
[debug] Video: 1080x1920, Subtitle: 996x117, Position: grid
[debug] Final subtitle position: (42, 1574) for center,bottom
[debug] Video: 1080x1920, Subtitle: 996x117, Position: grid
[debug] Final subtitle position: (42, 1574) for center,bottom
[debug] Video: 1080x1920, Subtitle: 996x117, Position: grid
[debug] Final subtitle position: (42, 1574) for center,bottom
[debug] Video: 1080x1920, Subtitle: 996x117, Position: grid
[debug] Final subtitle position: (42, 1574) for center,bottom
[debug] Video: 1080x1920, Subtitle: 996x117, Position: grid
[debug] Final subtitle position: (42, 1574) for center,bottom
[debug] Video: 1080x1920, Subtitle: 996x117, Position: grid
[debug] Final subtitle position: (42, 1574) for center,bottom
[debug] Video: 1080x1920, Subtitle: 996x117, Position: grid
[debug] Final subtitle position: (42, 1574) for center,bottom
[debug] Video: 1080x1920, Subtitle: 996x117, Position: grid
[debug] Final subtitle position: (42, 1574) for center,bottom
[debug] Video: 1080x1920, Subtitle: 996x117, Position: grid
[debug] Final subtitle position: (42, 1574) for center,bottom
[debug] Video: 1080x1920, Subtitle: 996x117, Position: grid
[debug] Final subtitle position: (42, 1574) for center,bottom
[debug] Video: 1080x1920, Subtitle: 996x117, Position: grid
[debug] Final subtitle position: (42, 1574) for center,bottom
[debug] Video: 1080x1920, Subtitle: 996x117, Position: grid
[debug] Final subtitle position: (42, 1574) for center,bottom
[debug] Video: 1080x1920, Subtitle: 996x117, Position: grid
[debug] Final subtitle position: (42, 1574) for center,bottom
[debug] Video: 1080x1920, Subtitle: 996x117, Position: grid
[debug] Final subtitle position: (42, 1574) for center,bottom
[debug] Video: 1080x1920, Subtitle: 996x117, Position: grid
[debug] Final subtitle position: (42, 1574) for center,bottom
[debug] Video: 1080x1920, Subtitle: 996x117, Position: grid
[debug] Final subtitle position: (42, 1574) for center,bottom
[debug] Video: 1080x1920, Subtitle: 996x117, Position: grid
[debug] Final subtitle position: (42, 1574) for center,bottom
[debug] Video: 1080x1920, Subtitle: 996x117, Position: grid
[debug] Final subtitle position: (42, 1574) for center,bottom
[debug] Video: 1080x1920, Subtitle: 996x117, Position: grid
[debug] Final subtitle position: (42, 1574) for center,bottom
[debug] Video: 1080x1920, Subtitle: 996x117, Position: grid
[debug] Final subtitle position: (42, 1574) for center,bottom
[debug] Video: 1080x1920, Subtitle: 996x117, Position: grid
[debug] Final subtitle position: (42, 1574) for center,bottom
[debug] Video: 1080x1920, Subtitle: 996x117, Position: grid
[debug] Final subtitle position: (42, 1574) for center,bottom
[debug] Video: 1080x1920, Subtitle: 996x117, Position: grid
[debug] Final subtitle position: (42, 1574) for center,bottom
[debug] Video: 1080x1920, Subtitle: 996x117, Position: grid
[debug] Final subtitle position: (42, 1574) for center,bottom
[debug] Video: 1080x1920, Subtitle: 996x117, Position: grid
[debug] Final subtitle position: (42, 1574) for center,bottom
[debug] Video: 1080x1920, Subtitle: 996x117, Position: grid
[debug] Final subtitle position: (42, 1574) for center,bottom
[debug] Video: 1080x1920, Subtitle: 996x117, Position: grid
[debug] Final subtitle position: (42, 1574) for center,bottom
[debug] Video: 1080x1920, Subtitle: 996x117, Position: grid
[debug] Final subtitle position: (42, 1574) for center,bottom
[debug] Video: 1080x1920, Subtitle: 996x117, Position: grid
[debug] Final subtitle position: (42, 1574) for center,bottom
[debug] Video: 1080x1920, Subtitle: 996x117, Position: grid
[debug] Final subtitle position: (42, 1574) for center,bottom
[debug] Video: 1080x1920, Subtitle: 996x117, Position: grid
[debug] Final subtitle position: (42, 1574) for center,bottom
[debug] Video: 1080x1920, Subtitle: 996x117, Position: grid
[debug] Final subtitle position: (42, 1574) for center,bottom
[debug] Video: 1080x1920, Subtitle: 996x117, Position: grid
[debug] Final subtitle position: (42, 1574) for center,bottom
[debug] Video: 1080x1920, Subtitle: 996x117, Position: grid
[debug] Final subtitle position: (42, 1574) for center,bottom
[debug] Video: 1080x1920, Subtitle: 996x117, Position: grid
[debug] Final subtitle position: (42, 1574) for center,bottom
[debug] Video: 1080x1920, Subtitle: 996x117, Position: grid
[debug] Final subtitle position: (42, 1574) for center,bottom
[debug] Video: 1080x1920, Subtitle: 996x117, Position: grid
[debug] Final subtitle position: (42, 1574) for center,bottom
[debug] Video: 1080x1920, Subtitle: 996x117, Position: grid
[debug] Final subtitle position: (42, 1574) for center,bottom
[debug] Video: 1080x1920, Subtitle: 996x117, Position: grid
[debug] Final subtitle position: (42, 1574) for center,bottom
[debug] Video: 1080x1920, Subtitle: 996x117, Position: grid
[debug] Final subtitle position: (42, 1574) for center,bottom
[debug] Video: 1080x1920, Subtitle: 996x117, Position: grid
[debug] Final subtitle position: (42, 1574) for center,bottom
[debug] Video: 1080x1920, Subtitle: 996x117, Position: grid
[debug] Final subtitle position: (42, 1574) for center,bottom
[debug] Video: 1080x1920, Subtitle: 996x117, Position: grid
[debug] Final subtitle position: (42, 1574) for center,bottom
[debug] Video: 1080x1920, Subtitle: 996x117, Position: grid
[debug] Final subtitle position: (42, 1574) for center,bottom
[debug] Video: 1080x1920, Subtitle: 996x117, Position: grid
[debug] Final subtitle position: (42, 1574) for center,bottom
[debug] Video: 1080x1920, Subtitle: 996x117, Position: grid
[debug] Final subtitle position: (42, 1574) for center,bottom
[debug] Video: 1080x1920, Subtitle: 996x117, Position: grid
[debug] Final subtitle position: (42, 1574) for center,bottom
[debug] Video: 1080x1920, Subtitle: 996x117, Position: grid
[debug] Final subtitle position: (42, 1574) for center,bottom
[debug] Video: 1080x1920, Subtitle: 996x117, Position: grid
[debug] Final subtitle position: (42, 1574) for center,bottom
[debug] Video: 1080x1920, Subtitle: 996x117, Position: grid
[debug] Final subtitle position: (42, 1574) for center,bottom
[debug] Video: 1080x1920, Subtitle: 996x117, Position: grid
[debug] Final subtitle position: (42, 1574) for center,bottom
[debug] Video: 1080x1920, Subtitle: 996x117, Position: grid
[debug] Final subtitle position: (42, 1574) for center,bottom
[debug] Video: 1080x1920, Subtitle: 996x117, Position: grid
[debug] Final subtitle position: (42, 1574) for center,bottom
[debug] Video: 1080x1920, Subtitle: 996x117, Position: grid
[debug] Final subtitle position: (42, 1574) for center,bottom
[debug] Video: 1080x1920, Subtitle: 996x117, Position: grid
[debug] Final subtitle position: (42, 1574) for center,bottom
[debug] Video: 1080x1920, Subtitle: 996x117, Position: grid
[debug] Final subtitle position: (42, 1574) for center,bottom
[debug] Video: 1080x1920, Subtitle: 996x117, Position: grid
[debug] Final subtitle position: (42, 1574) for center,bottom
[debug] Video: 1080x1920, Subtitle: 996x117, Position: grid
[debug] Final subtitle position: (42, 1574) for center,bottom
[debug] Video: 1080x1920, Subtitle: 996x117, Position: grid
[debug] Final subtitle position: (42, 1574) for center,bottom
[debug] Video: 1080x1920, Subtitle: 996x117, Position: grid
[debug] Final subtitle position: (42, 1574) for center,bottom
[debug] Video: 1080x1920, Subtitle: 996x117, Position: grid
[debug] Final subtitle position: (42, 1574) for center,bottom
[debug] Video: 1080x1920, Subtitle: 996x117, Position: grid
[debug] Final subtitle position: (42, 1574) for center,bottom
[debug] Video: 1080x1920, Subtitle: 996x117, Position: grid
[debug] Final subtitle position: (42, 1574) for center,bottom
[debug] Video: 1080x1920, Subtitle: 996x117, Position: grid
[debug] Final subtitle position: (42, 1574) for center,bottom
[debug] Video: 1080x1920, Subtitle: 996x117, Position: grid
[debug] Final subtitle position: (42, 1574) for center,bottom
[debug] Video: 1080x1920, Subtitle: 996x117, Position: grid
[debug] Final subtitle position: (42, 1574) for center,bottom
[debug] Video: 1080x1920, Subtitle: 996x117, Position: grid
[debug] Final subtitle position: (42, 1574) for center,bottom
[debug] Video: 1080x1920, Subtitle: 996x117, Position: grid
[debug] Final subtitle position: (42, 1574) for center,bottom
[debug] Video: 1080x1920, Subtitle: 996x117, Position: grid
[debug] Final subtitle position: (42, 1574) for center,bottom
[debug] Video: 1080x1920, Subtitle: 996x117, Position: grid
[debug] Final subtitle position: (42, 1574) for center,bottom
[debug] Video: 1080x1920, Subtitle: 996x117, Position: grid
[debug] Final subtitle position: (42, 1574) for center,bottom
[debug] Video: 1080x1920, Subtitle: 996x117, Position: grid
[debug] Final subtitle position: (42, 1574) for center,bottom
[debug] Video: 1080x1920, Subtitle: 996x117, Position: grid
[debug] Final subtitle position: (42, 1574) for center,bottom
[debug] Video: 1080x1920, Subtitle: 996x117, Position: grid
[debug] Final subtitle position: (42, 1574) for center,bottom
[debug] Video: 1080x1920, Subtitle: 996x117, Position: grid
[debug] Final subtitle position: (42, 1574) for center,bottom
[debug] Video: 1080x1920, Subtitle: 996x117, Position: grid
[debug] Final subtitle position: (42, 1574) for center,bottom
[debug] Video: 1080x1920, Subtitle: 996x117, Position: grid
[debug] Final subtitle position: (42, 1574) for center,bottom
[debug] Video: 1080x1920, Subtitle: 996x117, Position: grid
[debug] Final subtitle position: (42, 1574) for center,bottom
[debug] Video: 1080x1920, Subtitle: 996x117, Position: grid
[debug] Final subtitle position: (42, 1574) for center,bottom
[debug] Video: 1080x1920, Subtitle: 996x117, Position: grid
[debug] Final subtitle position: (42, 1574) for center,bottom
[debug] Video: 1080x1920, Subtitle: 996x117, Position: grid
[debug] Final subtitle position: (42, 1574) for center,bottom
[debug] Video: 1080x1920, Subtitle: 996x117, Position: grid
[debug] Final subtitle position: (42, 1574) for center,bottom
[debug] Video: 1080x1920, Subtitle: 996x117, Position: grid
[debug] Final subtitle position: (42, 1574) for center,bottom
[debug] Video: 1080x1920, Subtitle: 996x117, Position: grid
[debug] Final subtitle position: (42, 1574) for center,bottom
[debug] Video: 1080x1920, Subtitle: 996x117, Position: grid
[debug] Final subtitle position: (42, 1574) for center,bottom
[debug] Video: 1080x1920, Subtitle: 996x117, Position: grid
[debug] Final subtitle position: (42, 1574) for center,bottom
[debug] Video: 1080x1920, Subtitle: 996x117, Position: grid
[debug] Final subtitle position: (42, 1574) for center,bottom
[debug] Video: 1080x1920, Subtitle: 996x117, Position: grid
[debug] Final subtitle position: (42, 1574) for center,bottom
[debug] Video: 1080x1920, Subtitle: 996x117, Position: grid
[debug] Final subtitle position: (42, 1574) for center,bottom
[debug] Video: 1080x1920, Subtitle: 996x117, Position: grid
[debug] Final subtitle position: (42, 1574) for center,bottom
[debug] Video: 1080x1920, Subtitle: 996x117, Position: grid
[debug] Final subtitle position: (42, 1574) for center,bottom
[debug] Video: 1080x1920, Subtitle: 996x117, Position: grid
[debug] Final subtitle position: (42, 1574) for center,bottom
[debug] Video: 1080x1920, Subtitle: 996x117, Position: grid
[debug] Final subtitle position: (42, 1574) for center,bottom
[debug] Video: 1080x1920, Subtitle: 996x117, Position: grid
[debug] Final subtitle position: (42, 1574) for center,bottom
[debug] Video: 1080x1920, Subtitle: 996x117, Position: grid
[debug] Final subtitle position: (42, 1574) for center,bottom
[debug] Video: 1080x1920, Subtitle: 996x117, Position: grid
[debug] Final subtitle position: (42, 1574) for center,bottom
[debug] Video: 1080x1920, Subtitle: 996x117, Position: grid
[debug] Final subtitle position: (42, 1574) for center,bottom
[debug] Video: 1080x1920, Subtitle: 996x117, Position: grid
[debug] Final subtitle position: (42, 1574) for center,bottom
[debug] Video: 1080x1920, Subtitle: 996x117, Position: grid
[debug] Final subtitle position: (42, 1574) for center,bottom
[debug] Video: 1080x1920, Subtitle: 996x117, Position: grid
[debug] Final subtitle position: (42, 1574) for center,bottom
[debug] Video: 1080x1920, Subtitle: 996x117, Position: grid
[debug] Final subtitle position: (42, 1574) for center,bottom
[debug] Video: 1080x1920, Subtitle: 996x117, Position: grid
[debug] Final subtitle position: (42, 1574) for center,bottom
[debug] Video: 1080x1920, Subtitle: 996x117, Position: grid
[debug] Final subtitle position: (42, 1574) for center,bottom
[debug] Video: 1080x1920, Subtitle: 996x117, Position: grid
[debug] Final subtitle position: (42, 1574) for center,bottom
[debug] Video: 1080x1920, Subtitle: 996x117, Position: grid
[debug] Final subtitle position: (42, 1574) for center,bottom
[debug] Video: 1080x1920, Subtitle: 996x117, Position: grid
[debug] Final subtitle position: (42, 1574) for center,bottom
[debug] Video: 1080x1920, Subtitle: 996x117, Position: grid
[debug] Final subtitle position: (42, 1574) for center,bottom
[debug] Video: 1080x1920, Subtitle: 996x117, Position: grid
[debug] Final subtitle position: (42, 1574) for center,bottom
[debug] Video: 1080x1920, Subtitle: 996x117, Position: grid
[debug] Final subtitle position: (42, 1574) for center,bottom
[debug] Video: 1080x1920, Subtitle: 996x117, Position: grid
[debug] Final subtitle position: (42, 1574) for center,bottom
[debug] Video: 1080x1920, Subtitle: 996x117, Position: grid
[debug] Final subtitle position: (42, 1574) for center,bottom
[debug] Video: 1080x1920, Subtitle: 996x117, Position: grid
[debug] Final subtitle position: (42, 1574) for center,bottom
[debug] Video: 1080x1920, Subtitle: 996x117, Position: grid
[debug] Final subtitle position: (42, 1574) for center,bottom
[debug] Video: 1080x1920, Subtitle: 996x117, Position: grid
[debug] Final subtitle position: (42, 1574) for center,bottom
[debug] Video: 1080x1920, Subtitle: 996x117, Position: grid
[debug] Final subtitle position: (42, 1574) for center,bottom
[debug] Video: 1080x1920, Subtitle: 996x117, Position: grid
[debug] Final subtitle position: (42, 1574) for center,bottom
[debug] Video: 1080x1920, Subtitle: 996x117, Position: grid
[debug] Final subtitle position: (42, 1574) for center,bottom
[debug] Video: 1080x1920, Subtitle: 996x117, Position: grid
[debug] Final subtitle position: (42, 1574) for center,bottom
[debug] Video: 1080x1920, Subtitle: 996x117, Position: grid
[debug] Final subtitle position: (42, 1574) for center,bottom
[debug] Video: 1080x1920, Subtitle: 996x117, Position: grid
[debug] Final subtitle position: (42, 1574) for center,bottom
[debug] Video: 1080x1920, Subtitle: 996x117, Position: grid
[debug] Final subtitle position: (42, 1574) for center,bottom
[debug] Video: 1080x1920, Subtitle: 996x117, Position: grid
[debug] Final subtitle position: (42, 1574) for center,bottom
[debug] Video: 1080x1920, Subtitle: 996x117, Position: grid
[debug] Final subtitle position: (42, 1574) for center,bottom
[debug] Video: 1080x1920, Subtitle: 996x117, Position: grid
[debug] Final subtitle position: (42, 1574) for center,bottom
[debug] Video: 1080x1920, Subtitle: 996x117, Position: grid
[debug] Final subtitle position: (42, 1574) for center,bottom
[debug] Video: 1080x1920, Subtitle: 996x117, Position: grid
[debug] Final subtitle position: (42, 1574) for center,bottom
[debug] Video: 1080x1920, Subtitle: 996x117, Position: grid
[debug] Final subtitle position: (42, 1574) for center,bottom
[debug] Video: 1080x1920, Subtitle: 996x117, Position: grid
[debug] Final subtitle position: (42, 1574) for center,bottom
[debug] Video: 1080x1920, Subtitle: 996x117, Position: grid
[debug] Final subtitle position: (42, 1574) for center,bottom
[debug] Video: 1080x1920, Subtitle: 996x117, Position: grid
[debug] Final subtitle position: (42, 1574) for center,bottom
[debug] Video: 1080x1920, Subtitle: 996x117, Position: grid
[debug] Final subtitle position: (42, 1574) for center,bottom
[debug] Video: 1080x1920, Subtitle: 996x117, Position: grid
[debug] Final subtitle position: (42, 1574) for center,bottom
[debug] Video: 1080x1920, Subtitle: 996x117, Position: grid
[debug] Final subtitle position: (42, 1574) for center,bottom
[debug] Video: 1080x1920, Subtitle: 996x117, Position: grid
[debug] Final subtitle position: (42, 1574) for center,bottom
[debug] Video: 1080x1920, Subtitle: 996x117, Position: grid
[debug] Final subtitle position: (42, 1574) for center,bottom
[debug] Video: 1080x1920, Subtitle: 996x117, Position: grid
[debug] Final subtitle position: (42, 1574) for center,bottom
[debug] Video: 1080x1920, Subtitle: 996x117, Position: grid
[debug] Final subtitle position: (42, 1574) for center,bottom
[debug] Video: 1080x1920, Subtitle: 996x117, Position: grid
[debug] Final subtitle position: (42, 1574) for center,bottom
[debug] Video: 1080x1920, Subtitle: 996x117, Position: grid
[debug] Final subtitle position: (42, 1574) for center,bottom
[debug] Video: 1080x1920, Subtitle: 996x117, Position: grid
[debug] Final subtitle position: (42, 1574) for center,bottom
[debug] Video: 1080x1920, Subtitle: 996x117, Position: grid
[debug] Final subtitle position: (42, 1574) for center,bottom
[debug] Video: 1080x1920, Subtitle: 996x117, Position: grid
[debug] Final subtitle position: (42, 1574) for center,bottom
[debug] Video: 1080x1920, Subtitle: 996x117, Position: grid
[debug] Final subtitle position: (42, 1574) for center,bottom
[debug] Video: 1080x1920, Subtitle: 996x117, Position: grid
[debug] Final subtitle position: (42, 1574) for center,bottom
[debug] Video: 1080x1920, Subtitle: 996x117, Position: grid
[debug] Final subtitle position: (42, 1574) for center,bottom
[debug] Video: 1080x1920, Subtitle: 996x117, Position: grid
[debug] Final subtitle position: (42, 1574) for center,bottom
[debug] Video: 1080x1920, Subtitle: 996x117, Position: grid
[debug] Final subtitle position: (42, 1574) for center,bottom
[debug] Video: 1080x1920, Subtitle: 996x117, Position: grid
[debug] Final subtitle position: (42, 1574) for center,bottom
[debug] Video: 1080x1920, Subtitle: 996x117, Position: grid
[debug] Final subtitle position: (42, 1574) for center,bottom
[debug] Video: 1080x1920, Subtitle: 996x117, Position: grid
[debug] Final subtitle position: (42, 1574) for center,bottom
[debug] Video: 1080x1920, Subtitle: 996x117, Position: grid
[debug] Final subtitle position: (42, 1574) for center,bottom
[warn] Font Arial-Bold failed: Invalid font Arial-Bold, pillow failed to use it with error cannot open resource
[warn] Font arial.ttf failed: Invalid font arial.ttf, pillow failed to use it with error cannot open resource
[debug] Successfully created TextClip with font: Arial, size: 972x39
[debug] Video: 1080x1920, Subtitle: 996x55, Position: grid
[debug] Final subtitle position: (42, 1605) for center,bottom
[debug] Video: 1080x1920, Subtitle: 996x55, Position: grid
[debug] Final subtitle position: (42, 1605) for center,bottom
[debug] Video: 1080x1920, Subtitle: 996x55, Position: grid
[debug] Final subtitle position: (42, 1605) for center,bottom
[debug] Video: 1080x1920, Subtitle: 996x55, Position: grid
[debug] Final subtitle position: (42, 1605) for center,bottom
[debug] Video: 1080x1920, Subtitle: 996x55, Position: grid
[debug] Final subtitle position: (42, 1605) for center,bottom
[debug] Video: 1080x1920, Subtitle: 996x55, Position: grid
[debug] Final subtitle position: (42, 1605) for center,bottom
[debug] Video: 1080x1920, Subtitle: 996x55, Position: grid
[debug] Final subtitle position: (42, 1605) for center,bottom
[debug] Video: 1080x1920, Subtitle: 996x55, Position: grid
[debug] Final subtitle position: (42, 1605) for center,bottom
[debug] Video: 1080x1920, Subtitle: 996x55, Position: grid
[debug] Final subtitle position: (42, 1605) for center,bottom
[debug] Video: 1080x1920, Subtitle: 996x55, Position: grid
[debug] Final subtitle position: (42, 1605) for center,bottom
[debug] Video: 1080x1920, Subtitle: 996x55, Position: grid
[debug] Final subtitle position: (42, 1605) for center,bottom
[debug] Video: 1080x1920, Subtitle: 996x55, Position: grid
[debug] Final subtitle position: (42, 1605) for center,bottom
[debug] Video: 1080x1920, Subtitle: 996x55, Position: grid
[debug] Final subtitle position: (42, 1605) for center,bottom
[debug] Video: 1080x1920, Subtitle: 996x55, Position: grid
[debug] Final subtitle position: (42, 1605) for center,bottom
[debug] Video: 1080x1920, Subtitle: 996x55, Position: grid
[debug] Final subtitle position: (42, 1605) for center,bottom
[debug] Video: 1080x1920, Subtitle: 996x55, Position: grid
[debug] Final subtitle position: (42, 1605) for center,bottom
[debug] Video: 1080x1920, Subtitle: 996x55, Position: grid
[debug] Final subtitle position: (42, 1605) for center,bottom
[debug] Video: 1080x1920, Subtitle: 996x55, Position: grid
[debug] Final subtitle position: (42, 1605) for center,bottom
[debug] Video: 1080x1920, Subtitle: 996x55, Position: grid
[debug] Final subtitle position: (42, 1605) for center,bottom
[debug] Video: 1080x1920, Subtitle: 996x55, Position: grid
[debug] Final subtitle position: (42, 1605) for center,bottom
[debug] Video: 1080x1920, Subtitle: 996x55, Position: grid
[debug] Final subtitle position: (42, 1605) for center,bottom
[debug] Video: 1080x1920, Subtitle: 996x55, Position: grid
[debug] Final subtitle position: (42, 1605) for center,bottom
[debug] Video: 1080x1920, Subtitle: 996x55, Position: grid
[debug] Final subtitle position: (42, 1605) for center,bottom
[debug] Video: 1080x1920, Subtitle: 996x55, Position: grid
[debug] Final subtitle position: (42, 1605) for center,bottom
[debug] Video: 1080x1920, Subtitle: 996x55, Position: grid
[debug] Final subtitle position: (42, 1605) for center,bottom
[debug] Video: 1080x1920, Subtitle: 996x55, Position: grid
[debug] Final subtitle position: (42, 1605) for center,bottom
[debug] Video: 1080x1920, Subtitle: 996x55, Position: grid
[debug] Final subtitle position: (42, 1605) for center,bottom
[debug] Video: 1080x1920, Subtitle: 996x55, Position: grid
[debug] Final subtitle position: (42, 1605) for center,bottom
[debug] Video: 1080x1920, Subtitle: 996x55, Position: grid
[debug] Final subtitle position: (42, 1605) for center,bottom
[debug] Video: 1080x1920, Subtitle: 996x55, Position: grid
[debug] Final subtitle position: (42, 1605) for center,bottom
[debug] Video: 1080x1920, Subtitle: 996x55, Position: grid
[debug] Final subtitle position: (42, 1605) for center,bottom
[debug] Video: 1080x1920, Subtitle: 996x55, Position: grid
[debug] Final subtitle position: (42, 1605) for center,bottom
[debug] Video: 1080x1920, Subtitle: 996x55, Position: grid
[debug] Final subtitle position: (42, 1605) for center,bottom
[debug] Video: 1080x1920, Subtitle: 996x55, Position: grid
[debug] Final subtitle position: (42, 1605) for center,bottom
[debug] Video: 1080x1920, Subtitle: 996x55, Position: grid
[debug] Final subtitle position: (42, 1605) for center,bottom
[debug] Video: 1080x1920, Subtitle: 996x55, Position: grid
[debug] Final subtitle position: (42, 1605) for center,bottom
[debug] Video: 1080x1920, Subtitle: 996x55, Position: grid
[debug] Final subtitle position: (42, 1605) for center,bottom
[debug] Video: 1080x1920, Subtitle: 996x55, Position: grid
[debug] Final subtitle position: (42, 1605) for center,bottom
[debug] Video: 1080x1920, Subtitle: 996x55, Position: grid
[debug] Final subtitle position: (42, 1605) for center,bottom
[debug] Video: 1080x1920, Subtitle: 996x55, Position: grid
[debug] Final subtitle position: (42, 1605) for center,bottom
[debug] Video: 1080x1920, Subtitle: 996x55, Position: grid
[debug] Final subtitle position: (42, 1605) for center,bottom
[debug] Video: 1080x1920, Subtitle: 996x55, Position: grid
[debug] Final subtitle position: (42, 1605) for center,bottom
[debug] Video: 1080x1920, Subtitle: 996x55, Position: grid
[debug] Final subtitle position: (42, 1605) for center,bottom
[debug] Video: 1080x1920, Subtitle: 996x55, Position: grid
[debug] Final subtitle position: (42, 1605) for center,bottom
[debug] Video: 1080x1920, Subtitle: 996x55, Position: grid
[debug] Final subtitle position: (42, 1605) for center,bottom
[debug] Video: 1080x1920, Subtitle: 996x55, Position: grid
[debug] Final subtitle position: (42, 1605) for center,bottom
[debug] Video: 1080x1920, Subtitle: 996x55, Position: grid
[debug] Final subtitle position: (42, 1605) for center,bottom
[debug] Video: 1080x1920, Subtitle: 996x55, Position: grid
[debug] Final subtitle position: (42, 1605) for center,bottom
[debug] Video: 1080x1920, Subtitle: 996x55, Position: grid
[debug] Final subtitle position: (42, 1605) for center,bottom
[debug] Video: 1080x1920, Subtitle: 996x55, Position: grid
[debug] Final subtitle position: (42, 1605) for center,bottom
[debug] Video: 1080x1920, Subtitle: 996x55, Position: grid
[debug] Final subtitle position: (42, 1605) for center,bottom
[debug] Video: 1080x1920, Subtitle: 996x55, Position: grid
[debug] Final subtitle position: (42, 1605) for center,bottom
[debug] Video: 1080x1920, Subtitle: 996x55, Position: grid
[debug] Final subtitle position: (42, 1605) for center,bottom
[debug] Video: 1080x1920, Subtitle: 996x55, Position: grid
[debug] Final subtitle position: (42, 1605) for center,bottom
INFO:     127.0.0.1:52850 - "GET /api/download?path=%2FUsers%2Fguilhermetenroller%2FDocuments%2FGitHub%2Fpersonal%2Fai-video-generator%2Fcat-video-creator%2Foutput%2Fmoneyprinter_597eb00d-95da-4c2c-84c3-e4d8fd52103c.mp4 HTTP/1.1" 206 Partial Content
INFO:     127.0.0.1:52852 - "GET /api/download?path=%2FUsers%2Fguilhermetenroller%2FDocuments%2FGitHub%2Fpersonal%2Fai-video-generator%2Fcat-video-creator%2Foutput%2Fmoneyprinter_597eb00d-95da-4c2c-84c3-e4d8fd52103c.mp4 HTTP/1.1" 206 Partial Content
INFO:     127.0.0.1:52854 - "GET /api/download?path=%2FUsers%2Fguilhermetenroller%2FDocuments%2FGitHub%2Fpersonal%2Fai-video-generator%2Fcat-video-creator%2Foutput%2Fmoneyprinter_597eb00d-95da-4c2c-84c3-e4d8fd52103c.mp4 HTTP/1.1" 206 Partial Content
INFO:     127.0.0.1:52858 - "GET /api/download?path=%2FUsers%2Fguilhermetenroller%2FDocuments%2FGitHub%2Fpersonal%2Fai-video-generator%2Fcat-video-creator%2Foutput%2Fmoneyprinter_597eb00d-95da-4c2c-84c3-e4d8fd52103c.mp4 HTTP/1.1" 206 Partial Content
INFO:     127.0.0.1:52857 - "GET /api/download?path=%2FUsers%2Fguilhermetenroller%2FDocuments%2FGitHub%2Fpersonal%2Fai-video-generator%2Fcat-video-creator%2Foutput%2Fmoneyprinter_597eb00d-95da-4c2c-84c3-e4d8fd52103c.mp4 HTTP/1.1" 206 Partial Content
INFO:     127.0.0.1:52858 - "GET /api/download?path=%2FUsers%2Fguilhermetenroller%2FDocuments%2FGitHub%2Fpersonal%2Fai-video-generator%2Fcat-video-creator%2Foutput%2Fmoneyprinter_597eb00d-95da-4c2c-84c3-e4d8fd52103c.mp4 HTTP/1.1" 206 Partial Content
INFO:     127.0.0.1:52860 - "GET /api/download?path=%2FUsers%2Fguilhermetenroller%2FDocuments%2FGitHub%2Fpersonal%2Fai-video-generator%2Fcat-video-creator%2Foutput%2Fmoneyprinter_597eb00d-95da-4c2c-84c3-e4d8fd52103c.mp4 HTTP/1.1" 206 Partial Content
INFO:     127.0.0.1:52862 - "GET /api/download?path=%2FUsers%2Fguilhermetenroller%2FDocuments%2FGitHub%2Fpersonal%2Fai-video-generator%2Fcat-video-creator%2Foutput%2Fmoneyprinter_597eb00d-95da-4c2c-84c3-e4d8fd52103c.mp4 HTTP/1.1" 206 Partial Content
INFO:     connection closed
INFO:     127.0.0.1:52898 - "GET /api/models HTTP/1.1" 200 OK
INFO:     127.0.0.1:52899 - "GET /api/voices HTTP/1.1" 200 OK
INFO:     127.0.0.1:52899 - "GET /api/jobs/46f6b9a0-f597-4876-92a7-96def9edfe43 HTTP/1.1" 200 OK
INFO:     127.0.0.1:52917 - "GET /api/models HTTP/1.1" 200 OK
INFO:     127.0.0.1:52918 - "GET /api/voices HTTP/1.1" 200 OK
WARNING:  StatReload detected changes in 'vendors/moneyprinter/video.py'. Reloading...
INFO:     Shutting down
INFO:     Waiting for application shutdown.
INFO:     Application shutdown complete.
INFO:     Finished server process [40535]
INFO:     Started server process [40982]
INFO:     Waiting for application startup.
INFO:     Application startup complete.
WARNING:  StatReload detected changes in 'vendors/moneyprinter/video.py'. Reloading...
INFO:     Shutting down
INFO:     Waiting for application shutdown.
INFO:     Application shutdown complete.
INFO:     Finished server process [40982]
INFO:     Started server process [40984]
INFO:     Waiting for application startup.
INFO:     Application startup complete.
✅ Configured system espeak-ng for Kokoro TTS:
   ESPEAK_PATH: /opt/homebrew/bin/espeak-ng
   DATA_PATH: /opt/homebrew/share/espeak-ng-data
INFO:     127.0.0.1:52941 - "GET /api/models HTTP/1.1" 200 OK
INFO:     127.0.0.1:52942 - "GET /api/voices HTTP/1.1" 200 OK
WARNING:  StatReload detected changes in 'vendors/moneyprinter/video.py'. Reloading...
INFO:     Shutting down
INFO:     Waiting for application shutdown.
INFO:     Application shutdown complete.
INFO:     Finished server process [40984]
INFO:     Started server process [40997]
INFO:     Waiting for application startup.
INFO:     Application startup complete.
INFO:     Shutting down
INFO:     Waiting for application shutdown.
INFO:     Application shutdown complete.
INFO:     Finished server process [40997]
✅ Configured system espeak-ng for Kokoro TTS:
   ESPEAK_PATH: /opt/homebrew/bin/espeak-ng
   DATA_PATH: /opt/homebrew/share/espeak-ng-data
WARNING:  StatReload detected changes in 'vendors/moneyprinter/video.py'. Reloading...
INFO:     Stopping reloader process [40532]
/opt/homebrew/Cellar/python@3.10/3.10.18/Frameworks/Python.framework/Versions/3.10/lib/python3.10/multiprocessing/resource_tracker.py:224: UserWarning: resource_tracker: There appear to be 1 leaked semaphore objects to clean up at shutdown
  warnings.warn('resource_tracker: There appear to be %d '
INFO:     Will watch for changes in these directories: ['/Users/guilhermetenroller/Documents/GitHub/personal/ai-video-generator/cat-video-creator/backend']
INFO:     Uvicorn running on http://0.0.0.0:8080 (Press CTRL+C to quit)
INFO:     Started reloader process [41269] using StatReload
INFO:     Started server process [41272]
INFO:     Waiting for application startup.
INFO:     Application startup complete.
✅ Configured system espeak-ng for Kokoro TTS:
   ESPEAK_PATH: /opt/homebrew/bin/espeak-ng
   DATA_PATH: /opt/homebrew/share/espeak-ng-data
INFO:     127.0.0.1:53222 - "GET /api/models HTTP/1.1" 200 OK
INFO:     127.0.0.1:53222 - "GET /api/models HTTP/1.1" 200 OK
INFO:     127.0.0.1:53223 - "GET /api/voices HTTP/1.1" 200 OK
INFO:     127.0.0.1:53222 - "GET /api/voices HTTP/1.1" 200 OK
INFO:     127.0.0.1:53222 - "GET /api/models HTTP/1.1" 200 OK
INFO:     127.0.0.1:53223 - "GET /api/voices HTTP/1.1" 200 OK
INFO:     127.0.0.1:53225 - "GET /api/models HTTP/1.1" 200 OK
INFO:     127.0.0.1:53222 - "GET /api/voices HTTP/1.1" 200 OK
INFO:     127.0.0.1:53334 - "GET /api/models HTTP/1.1" 200 OK
INFO:     127.0.0.1:53335 - "GET /api/voices HTTP/1.1" 200 OK
INFO:     127.0.0.1:53343 - "GET /api/models HTTP/1.1" 200 OK
INFO:     127.0.0.1:53344 - "GET /api/voices HTTP/1.1" 200 OK
INFO:     127.0.0.1:53352 - "GET /api/models HTTP/1.1" 200 OK
INFO:     127.0.0.1:53353 - "GET /api/voices HTTP/1.1" 200 OK
INFO:     127.0.0.1:53583 - "GET /api/models HTTP/1.1" 200 OK
INFO:     127.0.0.1:53584 - "GET /api/voices HTTP/1.1" 200 OK
INFO:     127.0.0.1:53583 - "GET /api/models HTTP/1.1" 200 OK
INFO:     127.0.0.1:53586 - "GET /api/voices HTTP/1.1" 200 OK
MoviePy - Writing audio in /Users/guilhermetenroller/Documents/GitHub/personal/ai-video-generator/cat-video-creator/backend/vendors/temp/voice_sample_af_bella.mp3
chunk:   0%|          | 0/61 [00:00<?, ?it/s, now=None]                                                       MoviePy - Done.
[+] Audio file saved successfully as '/Users/guilhermetenroller/Documents/GitHub/personal/ai-video-generator/cat-video-creator/backend/vendors/temp/voice_sample_af_bella.mp3'
INFO:     127.0.0.1:53599 - "GET /api/voice-sample?voice=af_bella&t=1755040618190 HTTP/1.1" 206 Partial Content
MoviePy - Writing audio in /Users/guilhermetenroller/Documents/GitHub/personal/ai-video-generator/cat-video-creator/backend/vendors/temp/voice_sample_af_heart.mp3
chunk:   0%|          | 0/56 [00:00<?, ?it/s, now=None]                                                       MoviePy - Done.
[+] Audio file saved successfully as '/Users/guilhermetenroller/Documents/GitHub/personal/ai-video-generator/cat-video-creator/backend/vendors/temp/voice_sample_af_heart.mp3'
INFO:     127.0.0.1:53599 - "GET /api/voice-sample?voice=af_heart&t=1755040626256 HTTP/1.1" 206 Partial Content
MoviePy - Writing audio in /Users/guilhermetenroller/Documents/GitHub/personal/ai-video-generator/cat-video-creator/backend/vendors/temp/voice_sample_af_nicole.mp3
chunk:   0%|          | 0/79 [00:00<?, ?it/s, now=None]                                                       MoviePy - Done.
[+] Audio file saved successfully as '/Users/guilhermetenroller/Documents/GitHub/personal/ai-video-generator/cat-video-creator/backend/vendors/temp/voice_sample_af_nicole.mp3'
INFO:     127.0.0.1:53599 - "GET /api/voice-sample?voice=af_nicole&t=1755040631669 HTTP/1.1" 206 Partial Content
INFO:     127.0.0.1:53605 - "OPTIONS /api/moneyprinter/generate HTTP/1.1" 200 OK
INFO:     127.0.0.1:53605 - "POST /api/moneyprinter/generate HTTP/1.1" 200 OK
INFO:     127.0.0.1:53607 - "WebSocket /ws/jobs/8c213ddb-d97d-4b0d-9c82-a1e55a0e8928" [accepted]
INFO:     connection open
Different bird species are attracted to different types of food. Black oil sunflower seeds are a favorite of many birds due to their high oil content and relatively thin shells. White-striped sunflower seeds are larger with thicker shells, which can deter smaller birds. Thistle seeds, also known as nyjer seeds, are particularly attractive to finches. Suet, a high-energy food made from animal fat, is great for insect-eating birds and woodpeckers, especially during colder months. Peanuts, both shelled and unshelled, are enjoyed by jays, woodpeckers, and other larger birds. Offering a variety of these foods will increase the diversity of birds visiting your yard.

Number of paragraphs used: 1
["attract birds food", "backyard birds food", "sunflower seeds birds", "thistle seeds birds", "suet birds yard", "peanuts birds", "feeding birds yard", "best bird food", "birdseed mix", "wild birds eating"]


Generated 10 search terms: attract birds food, backyard birds food, sunflower seeds birds, thistle seeds birds, suet birds yard, peanuts birds, feeding birds yard, best bird food, birdseed mix, wild birds eating
	=> "attract birds food" found 2 Videos
	=> "backyard birds food" found 2 Videos
	=> "sunflower seeds birds" found 1 Videos
	=> "thistle seeds birds" found 1 Videos
	=> "suet birds yard" found 2 Videos
	=> "peanuts birds" found 1 Videos
	=> "feeding birds yard" found 2 Videos
	=> "best bird food" found 2 Videos
	=> "birdseed mix" found 2 Videos
	=> "wild birds eating" found 2 Videos
MoviePy - Writing audio in ../temp/8ebf7fd9-87ba-40e5-95ad-145b850479eb.mp3
chunk:   0%|          | 0/124 [00:00<?, ?it/s, now=None]                                                        MoviePy - Done.
[+] Audio file saved successfully as '../temp/8ebf7fd9-87ba-40e5-95ad-145b850479eb.mp3'
MoviePy - Writing audio in ../temp/567869d1-fe39-4881-ab42-49a328f145a7.mp3
chunk:   0%|          | 0/258 [00:00<?, ?it/s, now=None]                                                        MoviePy - Done.
[+] Audio file saved successfully as '../temp/567869d1-fe39-4881-ab42-49a328f145a7.mp3'
MoviePy - Writing audio in ../temp/edad61cd-9ce9-4151-a3f1-95edcd574408.mp3
chunk:   0%|          | 0/188 [00:00<?, ?it/s, now=None]                                                        MoviePy - Done.
[+] Audio file saved successfully as '../temp/edad61cd-9ce9-4151-a3f1-95edcd574408.mp3'
MoviePy - Writing audio in ../temp/23a79a72-a0c6-4bfd-9d3b-00bad9774b03.mp3
chunk:   0%|          | 0/174 [00:00<?, ?it/s, now=None]                                                        MoviePy - Done.
[+] Audio file saved successfully as '../temp/23a79a72-a0c6-4bfd-9d3b-00bad9774b03.mp3'
MoviePy - Writing audio in ../temp/d1053280-ba28-44a5-993a-6449bb3e5bcd.mp3
chunk:   0%|          | 0/283 [00:00<?, ?it/s, now=None]                                                        MoviePy - Done.
[+] Audio file saved successfully as '../temp/d1053280-ba28-44a5-993a-6449bb3e5bcd.mp3'
MoviePy - Writing audio in ../temp/46e8e1b0-5bdc-48bb-9508-aedd5bfbf6dd.mp3
chunk:   0%|          | 0/204 [00:00<?, ?it/s, now=None]                                                        MoviePy - Done.
[+] Audio file saved successfully as '../temp/46e8e1b0-5bdc-48bb-9508-aedd5bfbf6dd.mp3'
MoviePy - Writing audio in ../temp/88a61074-bd12-49bf-ba26-7dd8e2deb0d4.mp3
chunk:   0%|          | 0/188 [00:00<?, ?it/s, now=None]                                                        MoviePy - Done.
[+] Audio file saved successfully as '../temp/88a61074-bd12-49bf-ba26-7dd8e2deb0d4.mp3'
MoviePy - Writing audio in ../temp/7eb00c9d-4c94-4ed2-a6bd-345f8d79eacf.mp3
chunk:   0%|          | 0/1422 [00:00<?, ?it/s, now=None]chunk:  37%|███▋      | 521/1422 [00:00<00:00, 5204.89it/s, now=None]chunk:  79%|███████▊  | 1118/1422 [00:00<00:00, 5654.38it/s, now=None]                                                                      INFO:     Shutting down
INFO:     connection closed
INFO:     Waiting for application shutdown.
INFO:     Application shutdown complete.
INFO:     Finished server process [41272]
MoviePy - Done.
[+] Creating subtitles locally
[+] Subtitles generated.
[+] Combining videos...
[+] Each clip will be maximum 3.764705882352941 seconds long.
[i] Using ffmpeg at: /Users/guilhermetenroller/Documents/GitHub/personal/ai-video-generator/cat-video-creator/backend/venv/lib/python3.10/site-packages/imageio_ffmpeg/binaries/ffmpeg-macos-aarch64-v7.1
[i] ffmpeg GPU encoders — NVENC:False QSV:False AMF:False
[-] No GPU encoders detected, falling back to CPU encoding
[+] Using optimized CPU encoding
[debug] generate_video: combined=../temp/6930b67f-2706-4685-a7b5-9971d0cfcea3.mp4 tts=../temp/7eb00c9d-4c94-4ed2-a6bd-345f8d79eacf.mp3 subs=../subtitles/8137530d-0bcd-4b78-85c3-3dcf98d7ca12.srt
[debug] pillow version: 11.3.0
[debug] SubtitlesClip signature: (subtitles, font=None, make_textclip=None, encoding=None)
[debug] Creating SubtitlesClip from: ../subtitles/8137530d-0bcd-4b78-85c3-3dcf98d7ca12.srt
[debug] SRT file size: 1094 chars, first 200 chars: 1
00:00:00,000 --> 00:00:05,062
Different bird species are attracted to different types of food

2
00:00:05,062 --> 00:00:12,288
Black oil sunflower seeds are a favorite of many birds due to their

3

[warn] Font Arial-Bold failed: got an unexpected keyword argument 'align'
[warn] Font arial.ttf failed: got an unexpected keyword argument 'align'
[warn] Font Arial failed: got an unexpected keyword argument 'align'
[warn] Font None failed: got an unexpected keyword argument 'align'
[error] All TextClip creation methods failed: got an unexpected keyword argument 'align'
[warn] SubtitlesClip(make_textclip=...) failed (got an unexpected keyword argument 'align'), retrying positional.
[error] Both SubtitlesClip creation methods failed: Invalid font <function generate_video.<locals>.generator at 0x325ec3010>, pillow failed to use it with error 'function' object has no attribute 'read'
INFO:     Stopping reloader process [41269]
INFO:     Will watch for changes in these directories: ['/Users/guilhermetenroller/Documents/GitHub/personal/ai-video-generator/cat-video-creator/backend']
INFO:     Uvicorn running on http://0.0.0.0:8080 (Press CTRL+C to quit)
INFO:     Started reloader process [67372] using StatReload
INFO:     Started server process [67377]
INFO:     Waiting for application startup.
INFO:     Application startup complete.
✅ Configured system espeak-ng for Kokoro TTS:
   ESPEAK_PATH: /opt/homebrew/bin/espeak-ng
   DATA_PATH: /opt/homebrew/share/espeak-ng-data
INFO:     127.0.0.1:55590 - "GET /api/models HTTP/1.1" 200 OK
INFO:     127.0.0.1:55590 - "GET /api/models HTTP/1.1" 200 OK
INFO:     127.0.0.1:55591 - "GET /api/voices HTTP/1.1" 200 OK
INFO:     127.0.0.1:55593 - "GET /api/voices HTTP/1.1" 200 OK
INFO:     127.0.0.1:55599 - "OPTIONS /api/moneyprinter/generate HTTP/1.1" 200 OK
INFO:     127.0.0.1:55599 - "POST /api/moneyprinter/generate HTTP/1.1" 200 OK
INFO:     127.0.0.1:55601 - "WebSocket /ws/jobs/74d107f2-7144-47ee-ab87-cc1056f165d3" [accepted]
INFO:     connection open
Cats need a balanced diet of protein, fats, and a small amount of carbohydrates, but some foods are better than others. Cooked chicken or turkey without skin or bones is a great source of lean protein. Many cats also enjoy cooked fish like salmon, which is rich in omega-3 fatty acids for a healthy coat. Small amounts of certain vegetables like steamed broccoli or green beans can add fiber to their diet. Remember to avoid foods like chocolate, onions, garlic, grapes, and raisins, which are toxic to cats. Always consult with your vet for the best dietary advice for your furry friend.

Number of paragraphs used: 1
```json
[
  "good foods cats",
  "cat food",
  "healthy cat food",
  "cat diet",
  "best cat foods",
  "chicken for cats",
  "fish for cats",
  "vegetables cats",
  "safe cat food",
  "cat nutrition"
]
```
[*] GPT returned an unformatted response. Attempting to clean...

Generated 10 search terms: good foods cats, cat food, healthy cat food, cat diet, best cat foods, chicken for cats, fish for cats, vegetables cats, safe cat food, cat nutrition
	=> "good foods cats" found 1 Videos
	=> "cat food" found 2 Videos
	=> "healthy cat food" found 1 Videos
	=> "cat diet" found 1 Videos
	=> "best cat foods" found 1 Videos
	=> "chicken for cats" found 2 Videos
	=> "fish for cats" found 2 Videos
	=> "vegetables cats" found 2 Videos
	=> "safe cat food" found 1 Videos
	=> "cat nutrition" found 1 Videos
MoviePy - Writing audio in ../temp/bd03c232-b9a2-4dc3-ab00-f4b95500c62c.mp3
chunk:   0%|          | 0/178 [00:00<?, ?it/s, now=None]                                                        MoviePy - Done.
[+] Audio file saved successfully as '../temp/bd03c232-b9a2-4dc3-ab00-f4b95500c62c.mp3'
MoviePy - Writing audio in ../temp/ab176820-f45f-491b-b4c4-1a00895b66da.mp3
chunk:   0%|          | 0/126 [00:00<?, ?it/s, now=None]                                                        MoviePy - Done.
[+] Audio file saved successfully as '../temp/ab176820-f45f-491b-b4c4-1a00895b66da.mp3'
MoviePy - Writing audio in ../temp/85768eb3-8b07-477e-8445-3deccd7dc876.mp3
chunk:   0%|          | 0/165 [00:00<?, ?it/s, now=None]                                                        MoviePy - Done.
[+] Audio file saved successfully as '../temp/85768eb3-8b07-477e-8445-3deccd7dc876.mp3'
MoviePy - Writing audio in ../temp/3c4dcdc8-6a53-43c6-8e26-de92185cc748.mp3
chunk:   0%|          | 0/150 [00:00<?, ?it/s, now=None]                                                        MoviePy - Done.
[+] Audio file saved successfully as '../temp/3c4dcdc8-6a53-43c6-8e26-de92185cc748.mp3'
MoviePy - Writing audio in ../temp/55c0c977-62b9-4ebe-bd9d-63c7481addbf.mp3
chunk:   0%|          | 0/157 [00:00<?, ?it/s, now=None]                                                        MoviePy - Done.
[+] Audio file saved successfully as '../temp/55c0c977-62b9-4ebe-bd9d-63c7481addbf.mp3'
MoviePy - Writing audio in ../temp/6698fc48-d7f1-480c-91a9-13faa8907965.mp3
chunk:   0%|          | 0/122 [00:00<?, ?it/s, now=None]                                                        MoviePy - Done.
[+] Audio file saved successfully as '../temp/6698fc48-d7f1-480c-91a9-13faa8907965.mp3'
MoviePy - Writing audio in ../temp/fb1995f1-f4db-4bdd-b9ef-1657da4cd30f.mp3
chunk:   0%|          | 0/901 [00:00<?, ?it/s, now=None]chunk:  53%|█████▎    | 478/901 [00:00<00:00, 4777.99it/s, now=None]                                                                    MoviePy - Done.
[+] Creating subtitles locally
[+] Subtitles generated.
[+] Combining videos...
[+] Each clip will be maximum 2.857142857142857 seconds long.
[i] Using ffmpeg at: /Users/guilhermetenroller/Documents/GitHub/personal/ai-video-generator/cat-video-creator/backend/venv/lib/python3.10/site-packages/imageio_ffmpeg/binaries/ffmpeg-macos-aarch64-v7.1
[i] ffmpeg GPU encoders — NVENC:False QSV:False AMF:False
[-] No GPU encoders detected, falling back to CPU encoding
[+] Using optimized CPU encoding
[debug] generate_video: combined=../temp/e3cabd6f-8fa3-4194-b512-86bd1f6df851.mp4 tts=../temp/fb1995f1-f4db-4bdd-b9ef-1657da4cd30f.mp3 subs=../subtitles/5fec806f-b4b1-4b51-9a2d-19632fbff1cd.srt
[debug] pillow version: 11.3.0
[debug] SubtitlesClip signature: (subtitles, font=None, make_textclip=None, encoding=None)
[debug] Creating SubtitlesClip from: ../subtitles/5fec806f-b4b1-4b51-9a2d-19632fbff1cd.srt
[debug] SRT file size: 981 chars, first 200 chars: 1
00:00:00,000 --> 00:00:04,407
Cats need a balanced diet of protein, fats, and a small amount of

2
00:00:04,407 --> 00:00:08,001
carbohydrates, but some foods are better than others

3
00:00:08,001 
[warn] Font Arial-Bold failed: Invalid font Arial-Bold, pillow failed to use it with error cannot open resource
[warn] Font arial.ttf failed: Invalid font arial.ttf, pillow failed to use it with error cannot open resource
[debug] Successfully created TextClip with font: Arial, size: 918x39
[warn] Font Arial-Bold failed: Invalid font Arial-Bold, pillow failed to use it with error cannot open resource
[warn] Font arial.ttf failed: Invalid font arial.ttf, pillow failed to use it with error cannot open resource
[debug] Successfully created TextClip with font: Arial, size: 918x81
[debug] SubtitlesClip created successfully with make_textclip
[i] Using ffmpeg at: /Users/guilhermetenroller/Documents/GitHub/personal/ai-video-generator/cat-video-creator/backend/venv/lib/python3.10/site-packages/imageio_ffmpeg/binaries/ffmpeg-macos-aarch64-v7.1
[i] ffmpeg GPU encoders — NVENC:False QSV:False AMF:False
[-] No GPU encoders detected, falling back to CPU encoding
[+] Using optimized CPU encoding
[debug] Video: 1080x1920, Subtitle: 942x97, Position: grid
[debug] Final subtitle position: (69, 1584) for center,bottom
[debug] Video: 1080x1920, Subtitle: 942x97, Position: grid
[debug] Final subtitle position: (69, 1584) for center,bottom
[debug] Video: 1080x1920, Subtitle: 942x97, Position: grid
[debug] Final subtitle position: (69, 1584) for center,bottom
[debug] Video: 1080x1920, Subtitle: 942x97, Position: grid
[debug] Final subtitle position: (69, 1584) for center,bottom
[debug] Video: 1080x1920, Subtitle: 942x97, Position: grid
[debug] Final subtitle position: (69, 1584) for center,bottom
[debug] Video: 1080x1920, Subtitle: 942x97, Position: grid
[debug] Final subtitle position: (69, 1584) for center,bottom
[debug] Video: 1080x1920, Subtitle: 942x97, Position: grid
[debug] Final subtitle position: (69, 1584) for center,bottom
[debug] Video: 1080x1920, Subtitle: 942x97, Position: grid
[debug] Final subtitle position: (69, 1584) for center,bottom
[debug] Video: 1080x1920, Subtitle: 942x97, Position: grid
[debug] Final subtitle position: (69, 1584) for center,bottom
[debug] Video: 1080x1920, Subtitle: 942x97, Position: grid
[debug] Final subtitle position: (69, 1584) for center,bottom
[debug] Video: 1080x1920, Subtitle: 942x97, Position: grid
[debug] Final subtitle position: (69, 1584) for center,bottom
[debug] Video: 1080x1920, Subtitle: 942x97, Position: grid
[debug] Final subtitle position: (69, 1584) for center,bottom
[debug] Video: 1080x1920, Subtitle: 942x97, Position: grid
[debug] Final subtitle position: (69, 1584) for center,bottom
[debug] Video: 1080x1920, Subtitle: 942x97, Position: grid
[debug] Final subtitle position: (69, 1584) for center,bottom
[debug] Video: 1080x1920, Subtitle: 942x97, Position: grid
[debug] Final subtitle position: (69, 1584) for center,bottom
[debug] Video: 1080x1920, Subtitle: 942x97, Position: grid
[debug] Final subtitle position: (69, 1584) for center,bottom
[debug] Video: 1080x1920, Subtitle: 942x97, Position: grid
[debug] Final subtitle position: (69, 1584) for center,bottom
[debug] Video: 1080x1920, Subtitle: 942x97, Position: grid
[debug] Final subtitle position: (69, 1584) for center,bottom
[debug] Video: 1080x1920, Subtitle: 942x97, Position: grid
[debug] Final subtitle position: (69, 1584) for center,bottom
[debug] Video: 1080x1920, Subtitle: 942x97, Position: grid
[debug] Final subtitle position: (69, 1584) for center,bottom
[debug] Video: 1080x1920, Subtitle: 942x97, Position: grid
[debug] Final subtitle position: (69, 1584) for center,bottom
[debug] Video: 1080x1920, Subtitle: 942x97, Position: grid
[debug] Final subtitle position: (69, 1584) for center,bottom
[debug] Video: 1080x1920, Subtitle: 942x97, Position: grid
[debug] Final subtitle position: (69, 1584) for center,bottom
[debug] Video: 1080x1920, Subtitle: 942x97, Position: grid
[debug] Final subtitle position: (69, 1584) for center,bottom
[debug] Video: 1080x1920, Subtitle: 942x97, Position: grid
[debug] Final subtitle position: (69, 1584) for center,bottom
[debug] Video: 1080x1920, Subtitle: 942x97, Position: grid
[debug] Final subtitle position: (69, 1584) for center,bottom
[debug] Video: 1080x1920, Subtitle: 942x97, Position: grid
[debug] Final subtitle position: (69, 1584) for center,bottom
[debug] Video: 1080x1920, Subtitle: 942x97, Position: grid
[debug] Final subtitle position: (69, 1584) for center,bottom
[debug] Video: 1080x1920, Subtitle: 942x97, Position: grid
[debug] Final subtitle position: (69, 1584) for center,bottom
[debug] Video: 1080x1920, Subtitle: 942x97, Position: grid
[debug] Final subtitle position: (69, 1584) for center,bottom
[debug] Video: 1080x1920, Subtitle: 942x97, Position: grid
[debug] Final subtitle position: (69, 1584) for center,bottom
[debug] Video: 1080x1920, Subtitle: 942x97, Position: grid
[debug] Final subtitle position: (69, 1584) for center,bottom
[debug] Video: 1080x1920, Subtitle: 942x97, Position: grid
[debug] Final subtitle position: (69, 1584) for center,bottom
[debug] Video: 1080x1920, Subtitle: 942x97, Position: grid
[debug] Final subtitle position: (69, 1584) for center,bottom
[debug] Video: 1080x1920, Subtitle: 942x97, Position: grid
[debug] Final subtitle position: (69, 1584) for center,bottom
[debug] Video: 1080x1920, Subtitle: 942x97, Position: grid
[debug] Final subtitle position: (69, 1584) for center,bottom
[debug] Video: 1080x1920, Subtitle: 942x97, Position: grid
[debug] Final subtitle position: (69, 1584) for center,bottom
[debug] Video: 1080x1920, Subtitle: 942x97, Position: grid
[debug] Final subtitle position: (69, 1584) for center,bottom
[debug] Video: 1080x1920, Subtitle: 942x97, Position: grid
[debug] Final subtitle position: (69, 1584) for center,bottom
[debug] Video: 1080x1920, Subtitle: 942x97, Position: grid
[debug] Final subtitle position: (69, 1584) for center,bottom
[debug] Video: 1080x1920, Subtitle: 942x97, Position: grid
[debug] Final subtitle position: (69, 1584) for center,bottom
[debug] Video: 1080x1920, Subtitle: 942x97, Position: grid
[debug] Final subtitle position: (69, 1584) for center,bottom
[debug] Video: 1080x1920, Subtitle: 942x97, Position: grid
[debug] Final subtitle position: (69, 1584) for center,bottom
[debug] Video: 1080x1920, Subtitle: 942x97, Position: grid
[debug] Final subtitle position: (69, 1584) for center,bottom
[debug] Video: 1080x1920, Subtitle: 942x97, Position: grid
[debug] Final subtitle position: (69, 1584) for center,bottom
[debug] Video: 1080x1920, Subtitle: 942x97, Position: grid
[debug] Final subtitle position: (69, 1584) for center,bottom
[debug] Video: 1080x1920, Subtitle: 942x97, Position: grid
[debug] Final subtitle position: (69, 1584) for center,bottom
[debug] Video: 1080x1920, Subtitle: 942x97, Position: grid
[debug] Final subtitle position: (69, 1584) for center,bottom
[debug] Video: 1080x1920, Subtitle: 942x97, Position: grid
[debug] Final subtitle position: (69, 1584) for center,bottom
[debug] Video: 1080x1920, Subtitle: 942x97, Position: grid
[debug] Final subtitle position: (69, 1584) for center,bottom
[debug] Video: 1080x1920, Subtitle: 942x97, Position: grid
[debug] Final subtitle position: (69, 1584) for center,bottom
[debug] Video: 1080x1920, Subtitle: 942x97, Position: grid
[debug] Final subtitle position: (69, 1584) for center,bottom
[debug] Video: 1080x1920, Subtitle: 942x97, Position: grid
[debug] Final subtitle position: (69, 1584) for center,bottom
[debug] Video: 1080x1920, Subtitle: 942x97, Position: grid
[debug] Final subtitle position: (69, 1584) for center,bottom
[debug] Video: 1080x1920, Subtitle: 942x97, Position: grid
[debug] Final subtitle position: (69, 1584) for center,bottom
[debug] Video: 1080x1920, Subtitle: 942x97, Position: grid
[debug] Final subtitle position: (69, 1584) for center,bottom
[debug] Video: 1080x1920, Subtitle: 942x97, Position: grid
[debug] Final subtitle position: (69, 1584) for center,bottom
[debug] Video: 1080x1920, Subtitle: 942x97, Position: grid
[debug] Final subtitle position: (69, 1584) for center,bottom
[debug] Video: 1080x1920, Subtitle: 942x97, Position: grid
[debug] Final subtitle position: (69, 1584) for center,bottom
[debug] Video: 1080x1920, Subtitle: 942x97, Position: grid
[debug] Final subtitle position: (69, 1584) for center,bottom
[debug] Video: 1080x1920, Subtitle: 942x97, Position: grid
[debug] Final subtitle position: (69, 1584) for center,bottom
[debug] Video: 1080x1920, Subtitle: 942x97, Position: grid
[debug] Final subtitle position: (69, 1584) for center,bottom
[debug] Video: 1080x1920, Subtitle: 942x97, Position: grid
[debug] Final subtitle position: (69, 1584) for center,bottom
[debug] Video: 1080x1920, Subtitle: 942x97, Position: grid
[debug] Final subtitle position: (69, 1584) for center,bottom
[debug] Video: 1080x1920, Subtitle: 942x97, Position: grid
[debug] Final subtitle position: (69, 1584) for center,bottom
[debug] Video: 1080x1920, Subtitle: 942x97, Position: grid
[debug] Final subtitle position: (69, 1584) for center,bottom
[debug] Video: 1080x1920, Subtitle: 942x97, Position: grid
[debug] Final subtitle position: (69, 1584) for center,bottom
[debug] Video: 1080x1920, Subtitle: 942x97, Position: grid
[debug] Final subtitle position: (69, 1584) for center,bottom
[debug] Video: 1080x1920, Subtitle: 942x97, Position: grid
[debug] Final subtitle position: (69, 1584) for center,bottom
[debug] Video: 1080x1920, Subtitle: 942x97, Position: grid
[debug] Final subtitle position: (69, 1584) for center,bottom
[debug] Video: 1080x1920, Subtitle: 942x97, Position: grid
[debug] Final subtitle position: (69, 1584) for center,bottom
[debug] Video: 1080x1920, Subtitle: 942x97, Position: grid
[debug] Final subtitle position: (69, 1584) for center,bottom
[debug] Video: 1080x1920, Subtitle: 942x97, Position: grid
[debug] Final subtitle position: (69, 1584) for center,bottom
[debug] Video: 1080x1920, Subtitle: 942x97, Position: grid
[debug] Final subtitle position: (69, 1584) for center,bottom
[debug] Video: 1080x1920, Subtitle: 942x97, Position: grid
[debug] Final subtitle position: (69, 1584) for center,bottom
[debug] Video: 1080x1920, Subtitle: 942x97, Position: grid
[debug] Final subtitle position: (69, 1584) for center,bottom
[debug] Video: 1080x1920, Subtitle: 942x97, Position: grid
[debug] Final subtitle position: (69, 1584) for center,bottom
[debug] Video: 1080x1920, Subtitle: 942x97, Position: grid
[debug] Final subtitle position: (69, 1584) for center,bottom
[debug] Video: 1080x1920, Subtitle: 942x97, Position: grid
[debug] Final subtitle position: (69, 1584) for center,bottom
[debug] Video: 1080x1920, Subtitle: 942x97, Position: grid
[debug] Final subtitle position: (69, 1584) for center,bottom
[debug] Video: 1080x1920, Subtitle: 942x97, Position: grid
[debug] Final subtitle position: (69, 1584) for center,bottom
[debug] Video: 1080x1920, Subtitle: 942x97, Position: grid
[debug] Final subtitle position: (69, 1584) for center,bottom
[debug] Video: 1080x1920, Subtitle: 942x97, Position: grid
[debug] Final subtitle position: (69, 1584) for center,bottom
[debug] Video: 1080x1920, Subtitle: 942x97, Position: grid
[debug] Final subtitle position: (69, 1584) for center,bottom
[debug] Video: 1080x1920, Subtitle: 942x97, Position: grid
[debug] Final subtitle position: (69, 1584) for center,bottom
[debug] Video: 1080x1920, Subtitle: 942x97, Position: grid
[debug] Final subtitle position: (69, 1584) for center,bottom
[debug] Video: 1080x1920, Subtitle: 942x97, Position: grid
[debug] Final subtitle position: (69, 1584) for center,bottom
[debug] Video: 1080x1920, Subtitle: 942x97, Position: grid
[debug] Final subtitle position: (69, 1584) for center,bottom
[debug] Video: 1080x1920, Subtitle: 942x97, Position: grid
[debug] Final subtitle position: (69, 1584) for center,bottom
[debug] Video: 1080x1920, Subtitle: 942x97, Position: grid
[debug] Final subtitle position: (69, 1584) for center,bottom
[debug] Video: 1080x1920, Subtitle: 942x97, Position: grid
[debug] Final subtitle position: (69, 1584) for center,bottom
[debug] Video: 1080x1920, Subtitle: 942x97, Position: grid
[debug] Final subtitle position: (69, 1584) for center,bottom
[debug] Video: 1080x1920, Subtitle: 942x97, Position: grid
[debug] Final subtitle position: (69, 1584) for center,bottom
[debug] Video: 1080x1920, Subtitle: 942x97, Position: grid
[debug] Final subtitle position: (69, 1584) for center,bottom
[debug] Video: 1080x1920, Subtitle: 942x97, Position: grid
[debug] Final subtitle position: (69, 1584) for center,bottom
[debug] Video: 1080x1920, Subtitle: 942x97, Position: grid
[debug] Final subtitle position: (69, 1584) for center,bottom
[debug] Video: 1080x1920, Subtitle: 942x97, Position: grid
[debug] Final subtitle position: (69, 1584) for center,bottom
[debug] Video: 1080x1920, Subtitle: 942x97, Position: grid
[debug] Final subtitle position: (69, 1584) for center,bottom
[debug] Video: 1080x1920, Subtitle: 942x97, Position: grid
[debug] Final subtitle position: (69, 1584) for center,bottom
[debug] Video: 1080x1920, Subtitle: 942x97, Position: grid
[debug] Final subtitle position: (69, 1584) for center,bottom
[debug] Video: 1080x1920, Subtitle: 942x97, Position: grid
[debug] Final subtitle position: (69, 1584) for center,bottom
[debug] Video: 1080x1920, Subtitle: 942x97, Position: grid
[debug] Final subtitle position: (69, 1584) for center,bottom
[debug] Video: 1080x1920, Subtitle: 942x97, Position: grid
[debug] Final subtitle position: (69, 1584) for center,bottom
[debug] Video: 1080x1920, Subtitle: 942x97, Position: grid
[debug] Final subtitle position: (69, 1584) for center,bottom
[debug] Video: 1080x1920, Subtitle: 942x97, Position: grid
[debug] Final subtitle position: (69, 1584) for center,bottom
[debug] Video: 1080x1920, Subtitle: 942x97, Position: grid
[debug] Final subtitle position: (69, 1584) for center,bottom
[debug] Video: 1080x1920, Subtitle: 942x97, Position: grid
[debug] Final subtitle position: (69, 1584) for center,bottom
[debug] Video: 1080x1920, Subtitle: 942x97, Position: grid
[debug] Final subtitle position: (69, 1584) for center,bottom
[debug] Video: 1080x1920, Subtitle: 942x97, Position: grid
[debug] Final subtitle position: (69, 1584) for center,bottom
[debug] Video: 1080x1920, Subtitle: 942x97, Position: grid
[debug] Final subtitle position: (69, 1584) for center,bottom
[debug] Video: 1080x1920, Subtitle: 942x97, Position: grid
[debug] Final subtitle position: (69, 1584) for center,bottom
[debug] Video: 1080x1920, Subtitle: 942x97, Position: grid
[debug] Final subtitle position: (69, 1584) for center,bottom
[debug] Video: 1080x1920, Subtitle: 942x97, Position: grid
[debug] Final subtitle position: (69, 1584) for center,bottom
[debug] Video: 1080x1920, Subtitle: 942x97, Position: grid
[debug] Final subtitle position: (69, 1584) for center,bottom
[debug] Video: 1080x1920, Subtitle: 942x97, Position: grid
[debug] Final subtitle position: (69, 1584) for center,bottom
[debug] Video: 1080x1920, Subtitle: 942x97, Position: grid
[debug] Final subtitle position: (69, 1584) for center,bottom
[debug] Video: 1080x1920, Subtitle: 942x97, Position: grid
[debug] Final subtitle position: (69, 1584) for center,bottom
[debug] Video: 1080x1920, Subtitle: 942x97, Position: grid
[debug] Final subtitle position: (69, 1584) for center,bottom
[debug] Video: 1080x1920, Subtitle: 942x97, Position: grid
[debug] Final subtitle position: (69, 1584) for center,bottom
[debug] Video: 1080x1920, Subtitle: 942x97, Position: grid
[debug] Final subtitle position: (69, 1584) for center,bottom
[debug] Video: 1080x1920, Subtitle: 942x97, Position: grid
[debug] Final subtitle position: (69, 1584) for center,bottom
[debug] Video: 1080x1920, Subtitle: 942x97, Position: grid
[debug] Final subtitle position: (69, 1584) for center,bottom
[debug] Video: 1080x1920, Subtitle: 942x97, Position: grid
[debug] Final subtitle position: (69, 1584) for center,bottom
[debug] Video: 1080x1920, Subtitle: 942x97, Position: grid
[debug] Final subtitle position: (69, 1584) for center,bottom
[debug] Video: 1080x1920, Subtitle: 942x97, Position: grid
[debug] Final subtitle position: (69, 1584) for center,bottom
[debug] Video: 1080x1920, Subtitle: 942x97, Position: grid
[debug] Final subtitle position: (69, 1584) for center,bottom
[debug] Video: 1080x1920, Subtitle: 942x97, Position: grid
[debug] Final subtitle position: (69, 1584) for center,bottom
[debug] Video: 1080x1920, Subtitle: 942x97, Position: grid
[debug] Final subtitle position: (69, 1584) for center,bottom
[debug] Video: 1080x1920, Subtitle: 942x97, Position: grid
[debug] Final subtitle position: (69, 1584) for center,bottom
[debug] Video: 1080x1920, Subtitle: 942x97, Position: grid
[debug] Final subtitle position: (69, 1584) for center,bottom
[debug] Video: 1080x1920, Subtitle: 942x97, Position: grid
[debug] Final subtitle position: (69, 1584) for center,bottom
[debug] Video: 1080x1920, Subtitle: 942x97, Position: grid
[debug] Final subtitle position: (69, 1584) for center,bottom
[debug] Video: 1080x1920, Subtitle: 942x97, Position: grid
[debug] Final subtitle position: (69, 1584) for center,bottom
[debug] Video: 1080x1920, Subtitle: 942x97, Position: grid
[debug] Final subtitle position: (69, 1584) for center,bottom
[debug] Video: 1080x1920, Subtitle: 942x97, Position: grid
[debug] Final subtitle position: (69, 1584) for center,bottom
[debug] Video: 1080x1920, Subtitle: 942x97, Position: grid
[debug] Final subtitle position: (69, 1584) for center,bottom
[debug] Video: 1080x1920, Subtitle: 942x97, Position: grid
[debug] Final subtitle position: (69, 1584) for center,bottom
[debug] Video: 1080x1920, Subtitle: 942x97, Position: grid
[debug] Final subtitle position: (69, 1584) for center,bottom
[debug] Video: 1080x1920, Subtitle: 942x97, Position: grid
[debug] Final subtitle position: (69, 1584) for center,bottom
[debug] Video: 1080x1920, Subtitle: 942x97, Position: grid
[debug] Final subtitle position: (69, 1584) for center,bottom
[debug] Video: 1080x1920, Subtitle: 942x97, Position: grid
[debug] Final subtitle position: (69, 1584) for center,bottom
[debug] Video: 1080x1920, Subtitle: 942x97, Position: grid
[debug] Final subtitle position: (69, 1584) for center,bottom
[debug] Video: 1080x1920, Subtitle: 942x97, Position: grid
[debug] Final subtitle position: (69, 1584) for center,bottom
[debug] Video: 1080x1920, Subtitle: 942x97, Position: grid
[debug] Final subtitle position: (69, 1584) for center,bottom
[debug] Video: 1080x1920, Subtitle: 942x97, Position: grid
[debug] Final subtitle position: (69, 1584) for center,bottom
[debug] Video: 1080x1920, Subtitle: 942x97, Position: grid
[debug] Final subtitle position: (69, 1584) for center,bottom
[debug] Video: 1080x1920, Subtitle: 942x97, Position: grid
[debug] Final subtitle position: (69, 1584) for center,bottom
[debug] Video: 1080x1920, Subtitle: 942x97, Position: grid
[debug] Final subtitle position: (69, 1584) for center,bottom
[debug] Video: 1080x1920, Subtitle: 942x97, Position: grid
[debug] Final subtitle position: (69, 1584) for center,bottom
[debug] Video: 1080x1920, Subtitle: 942x97, Position: grid
[debug] Final subtitle position: (69, 1584) for center,bottom
[debug] Video: 1080x1920, Subtitle: 942x97, Position: grid
[debug] Final subtitle position: (69, 1584) for center,bottom
[debug] Video: 1080x1920, Subtitle: 942x97, Position: grid
[debug] Final subtitle position: (69, 1584) for center,bottom
[debug] Video: 1080x1920, Subtitle: 942x97, Position: grid
[debug] Final subtitle position: (69, 1584) for center,bottom
[debug] Video: 1080x1920, Subtitle: 942x97, Position: grid
[debug] Final subtitle position: (69, 1584) for center,bottom
[debug] Video: 1080x1920, Subtitle: 942x97, Position: grid
[debug] Final subtitle position: (69, 1584) for center,bottom
[debug] Video: 1080x1920, Subtitle: 942x97, Position: grid
[debug] Final subtitle position: (69, 1584) for center,bottom
[debug] Video: 1080x1920, Subtitle: 942x97, Position: grid
[debug] Final subtitle position: (69, 1584) for center,bottom
[debug] Video: 1080x1920, Subtitle: 942x97, Position: grid
[debug] Final subtitle position: (69, 1584) for center,bottom
[debug] Video: 1080x1920, Subtitle: 942x97, Position: grid
[debug] Final subtitle position: (69, 1584) for center,bottom
[debug] Video: 1080x1920, Subtitle: 942x97, Position: grid
[debug] Final subtitle position: (69, 1584) for center,bottom
[debug] Video: 1080x1920, Subtitle: 942x97, Position: grid
[debug] Final subtitle position: (69, 1584) for center,bottom
[debug] Video: 1080x1920, Subtitle: 942x97, Position: grid
[debug] Final subtitle position: (69, 1584) for center,bottom
[debug] Video: 1080x1920, Subtitle: 942x97, Position: grid
[debug] Final subtitle position: (69, 1584) for center,bottom
[debug] Video: 1080x1920, Subtitle: 942x97, Position: grid
[debug] Final subtitle position: (69, 1584) for center,bottom
[debug] Video: 1080x1920, Subtitle: 942x97, Position: grid
[debug] Final subtitle position: (69, 1584) for center,bottom
[debug] Video: 1080x1920, Subtitle: 942x97, Position: grid
[debug] Final subtitle position: (69, 1584) for center,bottom
[debug] Video: 1080x1920, Subtitle: 942x97, Position: grid
[debug] Final subtitle position: (69, 1584) for center,bottom
[debug] Video: 1080x1920, Subtitle: 942x97, Position: grid
[debug] Final subtitle position: (69, 1584) for center,bottom
[debug] Video: 1080x1920, Subtitle: 942x97, Position: grid
[debug] Final subtitle position: (69, 1584) for center,bottom
[debug] Video: 1080x1920, Subtitle: 942x97, Position: grid
[debug] Final subtitle position: (69, 1584) for center,bottom
[debug] Video: 1080x1920, Subtitle: 942x97, Position: grid
[debug] Final subtitle position: (69, 1584) for center,bottom
[debug] Video: 1080x1920, Subtitle: 942x97, Position: grid
[debug] Final subtitle position: (69, 1584) for center,bottom
[debug] Video: 1080x1920, Subtitle: 942x97, Position: grid
[debug] Final subtitle position: (69, 1584) for center,bottom
[debug] Video: 1080x1920, Subtitle: 942x97, Position: grid
[debug] Final subtitle position: (69, 1584) for center,bottom
[debug] Video: 1080x1920, Subtitle: 942x97, Position: grid
[debug] Final subtitle position: (69, 1584) for center,bottom
[debug] Video: 1080x1920, Subtitle: 942x97, Position: grid
[debug] Final subtitle position: (69, 1584) for center,bottom
[debug] Video: 1080x1920, Subtitle: 942x97, Position: grid
[debug] Final subtitle position: (69, 1584) for center,bottom
[debug] Video: 1080x1920, Subtitle: 942x97, Position: grid
[debug] Final subtitle position: (69, 1584) for center,bottom
[debug] Video: 1080x1920, Subtitle: 942x97, Position: grid
[debug] Final subtitle position: (69, 1584) for center,bottom
[debug] Video: 1080x1920, Subtitle: 942x97, Position: grid
[debug] Final subtitle position: (69, 1584) for center,bottom
[debug] Video: 1080x1920, Subtitle: 942x97, Position: grid
[debug] Final subtitle position: (69, 1584) for center,bottom
[debug] Video: 1080x1920, Subtitle: 942x97, Position: grid
[debug] Final subtitle position: (69, 1584) for center,bottom
[debug] Video: 1080x1920, Subtitle: 942x97, Position: grid
[debug] Final subtitle position: (69, 1584) for center,bottom
[debug] Video: 1080x1920, Subtitle: 942x97, Position: grid
[debug] Final subtitle position: (69, 1584) for center,bottom
[debug] Video: 1080x1920, Subtitle: 942x97, Position: grid
[debug] Final subtitle position: (69, 1584) for center,bottom
[debug] Video: 1080x1920, Subtitle: 942x97, Position: grid
[debug] Final subtitle position: (69, 1584) for center,bottom
[debug] Video: 1080x1920, Subtitle: 942x97, Position: grid
[debug] Final subtitle position: (69, 1584) for center,bottom
[debug] Video: 1080x1920, Subtitle: 942x97, Position: grid
[debug] Final subtitle position: (69, 1584) for center,bottom
[debug] Video: 1080x1920, Subtitle: 942x97, Position: grid
[debug] Final subtitle position: (69, 1584) for center,bottom
[debug] Video: 1080x1920, Subtitle: 942x97, Position: grid
[debug] Final subtitle position: (69, 1584) for center,bottom
[debug] Video: 1080x1920, Subtitle: 942x97, Position: grid
[debug] Final subtitle position: (69, 1584) for center,bottom
[debug] Video: 1080x1920, Subtitle: 942x97, Position: grid
[debug] Final subtitle position: (69, 1584) for center,bottom
[debug] Video: 1080x1920, Subtitle: 942x97, Position: grid
[debug] Final subtitle position: (69, 1584) for center,bottom
[debug] Video: 1080x1920, Subtitle: 942x97, Position: grid
[debug] Final subtitle position: (69, 1584) for center,bottom
[debug] Video: 1080x1920, Subtitle: 942x97, Position: grid
[debug] Final subtitle position: (69, 1584) for center,bottom
[debug] Video: 1080x1920, Subtitle: 942x97, Position: grid
[debug] Final subtitle position: (69, 1584) for center,bottom
[debug] Video: 1080x1920, Subtitle: 942x97, Position: grid
[debug] Final subtitle position: (69, 1584) for center,bottom
[debug] Video: 1080x1920, Subtitle: 942x97, Position: grid
[debug] Final subtitle position: (69, 1584) for center,bottom
[debug] Video: 1080x1920, Subtitle: 942x97, Position: grid
[debug] Final subtitle position: (69, 1584) for center,bottom
[debug] Video: 1080x1920, Subtitle: 942x97, Position: grid
[debug] Final subtitle position: (69, 1584) for center,bottom
[debug] Video: 1080x1920, Subtitle: 942x97, Position: grid
[debug] Final subtitle position: (69, 1584) for center,bottom
[debug] Video: 1080x1920, Subtitle: 942x97, Position: grid
[debug] Final subtitle position: (69, 1584) for center,bottom
[debug] Video: 1080x1920, Subtitle: 942x97, Position: grid
[debug] Final subtitle position: (69, 1584) for center,bottom
[debug] Video: 1080x1920, Subtitle: 942x97, Position: grid
[debug] Final subtitle position: (69, 1584) for center,bottom
[debug] Video: 1080x1920, Subtitle: 942x97, Position: grid
[debug] Final subtitle position: (69, 1584) for center,bottom
[debug] Video: 1080x1920, Subtitle: 942x97, Position: grid
[debug] Final subtitle position: (69, 1584) for center,bottom
[debug] Video: 1080x1920, Subtitle: 942x97, Position: grid
[debug] Final subtitle position: (69, 1584) for center,bottom
[debug] Video: 1080x1920, Subtitle: 942x97, Position: grid
[debug] Final subtitle position: (69, 1584) for center,bottom
[debug] Video: 1080x1920, Subtitle: 942x97, Position: grid
[debug] Final subtitle position: (69, 1584) for center,bottom
[debug] Video: 1080x1920, Subtitle: 942x97, Position: grid
[debug] Final subtitle position: (69, 1584) for center,bottom
[debug] Video: 1080x1920, Subtitle: 942x97, Position: grid
[debug] Final subtitle position: (69, 1584) for center,bottom
[debug] Video: 1080x1920, Subtitle: 942x97, Position: grid
[debug] Final subtitle position: (69, 1584) for center,bottom
[debug] Video: 1080x1920, Subtitle: 942x97, Position: grid
[debug] Final subtitle position: (69, 1584) for center,bottom
[debug] Video: 1080x1920, Subtitle: 942x97, Position: grid
[debug] Final subtitle position: (69, 1584) for center,bottom
[debug] Video: 1080x1920, Subtitle: 942x97, Position: grid
[debug] Final subtitle position: (69, 1584) for center,bottom
[debug] Video: 1080x1920, Subtitle: 942x97, Position: grid
[debug] Final subtitle position: (69, 1584) for center,bottom
[debug] Video: 1080x1920, Subtitle: 942x97, Position: grid
[debug] Final subtitle position: (69, 1584) for center,bottom
[debug] Video: 1080x1920, Subtitle: 942x97, Position: grid
[debug] Final subtitle position: (69, 1584) for center,bottom
[debug] Video: 1080x1920, Subtitle: 942x97, Position: grid
[debug] Final subtitle position: (69, 1584) for center,bottom
[debug] Video: 1080x1920, Subtitle: 942x97, Position: grid
[debug] Final subtitle position: (69, 1584) for center,bottom
[debug] Video: 1080x1920, Subtitle: 942x97, Position: grid
[debug] Final subtitle position: (69, 1584) for center,bottom
[debug] Video: 1080x1920, Subtitle: 942x97, Position: grid
[debug] Final subtitle position: (69, 1584) for center,bottom
[debug] Video: 1080x1920, Subtitle: 942x97, Position: grid
[debug] Final subtitle position: (69, 1584) for center,bottom
[debug] Video: 1080x1920, Subtitle: 942x97, Position: grid
[debug] Final subtitle position: (69, 1584) for center,bottom
[debug] Video: 1080x1920, Subtitle: 942x97, Position: grid
[debug] Final subtitle position: (69, 1584) for center,bottom
[debug] Video: 1080x1920, Subtitle: 942x97, Position: grid
[debug] Final subtitle position: (69, 1584) for center,bottom
[debug] Video: 1080x1920, Subtitle: 942x97, Position: grid
[debug] Final subtitle position: (69, 1584) for center,bottom
[debug] Video: 1080x1920, Subtitle: 942x97, Position: grid
[debug] Final subtitle position: (69, 1584) for center,bottom
[debug] Video: 1080x1920, Subtitle: 942x97, Position: grid
[debug] Final subtitle position: (69, 1584) for center,bottom
[debug] Video: 1080x1920, Subtitle: 942x97, Position: grid
[debug] Final subtitle position: (69, 1584) for center,bottom
[debug] Video: 1080x1920, Subtitle: 942x97, Position: grid
[debug] Final subtitle position: (69, 1584) for center,bottom
[debug] Video: 1080x1920, Subtitle: 942x97, Position: grid
[debug] Final subtitle position: (69, 1584) for center,bottom
[debug] Video: 1080x1920, Subtitle: 942x97, Position: grid
[debug] Final subtitle position: (69, 1584) for center,bottom
[debug] Video: 1080x1920, Subtitle: 942x97, Position: grid
[debug] Final subtitle position: (69, 1584) for center,bottom
[debug] Video: 1080x1920, Subtitle: 942x97, Position: grid
[debug] Final subtitle position: (69, 1584) for center,bottom
[debug] Video: 1080x1920, Subtitle: 942x97, Position: grid
[debug] Final subtitle position: (69, 1584) for center,bottom
[debug] Video: 1080x1920, Subtitle: 942x97, Position: grid
[debug] Final subtitle position: (69, 1584) for center,bottom
[debug] Video: 1080x1920, Subtitle: 942x97, Position: grid
[debug] Final subtitle position: (69, 1584) for center,bottom
[debug] Video: 1080x1920, Subtitle: 942x97, Position: grid
[debug] Final subtitle position: (69, 1584) for center,bottom
[debug] Video: 1080x1920, Subtitle: 942x97, Position: grid
[debug] Final subtitle position: (69, 1584) for center,bottom
[debug] Video: 1080x1920, Subtitle: 942x97, Position: grid
[debug] Final subtitle position: (69, 1584) for center,bottom
[debug] Video: 1080x1920, Subtitle: 942x97, Position: grid
[debug] Final subtitle position: (69, 1584) for center,bottom
[debug] Video: 1080x1920, Subtitle: 942x97, Position: grid
[debug] Final subtitle position: (69, 1584) for center,bottom
[debug] Video: 1080x1920, Subtitle: 942x97, Position: grid
[debug] Final subtitle position: (69, 1584) for center,bottom
[debug] Video: 1080x1920, Subtitle: 942x97, Position: grid
[debug] Final subtitle position: (69, 1584) for center,bottom
[debug] Video: 1080x1920, Subtitle: 942x97, Position: grid
[debug] Final subtitle position: (69, 1584) for center,bottom
[debug] Video: 1080x1920, Subtitle: 942x97, Position: grid
[debug] Final subtitle position: (69, 1584) for center,bottom
[debug] Video: 1080x1920, Subtitle: 942x97, Position: grid
[debug] Final subtitle position: (69, 1584) for center,bottom
[debug] Video: 1080x1920, Subtitle: 942x97, Position: grid
[debug] Final subtitle position: (69, 1584) for center,bottom
[debug] Video: 1080x1920, Subtitle: 942x97, Position: grid
[debug] Final subtitle position: (69, 1584) for center,bottom
[debug] Video: 1080x1920, Subtitle: 942x97, Position: grid
[debug] Final subtitle position: (69, 1584) for center,bottom
[debug] Video: 1080x1920, Subtitle: 942x97, Position: grid
[debug] Final subtitle position: (69, 1584) for center,bottom
[debug] Video: 1080x1920, Subtitle: 942x97, Position: grid
[debug] Final subtitle position: (69, 1584) for center,bottom
[debug] Video: 1080x1920, Subtitle: 942x97, Position: grid
[debug] Final subtitle position: (69, 1584) for center,bottom
[debug] Video: 1080x1920, Subtitle: 942x97, Position: grid
[debug] Final subtitle position: (69, 1584) for center,bottom
[debug] Video: 1080x1920, Subtitle: 942x97, Position: grid
[debug] Final subtitle position: (69, 1584) for center,bottom
[debug] Video: 1080x1920, Subtitle: 942x97, Position: grid
[debug] Final subtitle position: (69, 1584) for center,bottom
[debug] Video: 1080x1920, Subtitle: 942x97, Position: grid
[debug] Final subtitle position: (69, 1584) for center,bottom
[debug] Video: 1080x1920, Subtitle: 942x97, Position: grid
[debug] Final subtitle position: (69, 1584) for center,bottom
[debug] Video: 1080x1920, Subtitle: 942x97, Position: grid
[debug] Final subtitle position: (69, 1584) for center,bottom
[debug] Video: 1080x1920, Subtitle: 942x97, Position: grid
[debug] Final subtitle position: (69, 1584) for center,bottom
[debug] Video: 1080x1920, Subtitle: 942x97, Position: grid
[debug] Final subtitle position: (69, 1584) for center,bottom
[debug] Video: 1080x1920, Subtitle: 942x97, Position: grid
[debug] Final subtitle position: (69, 1584) for center,bottom
[debug] Video: 1080x1920, Subtitle: 942x97, Position: grid
[debug] Final subtitle position: (69, 1584) for center,bottom
[debug] Video: 1080x1920, Subtitle: 942x97, Position: grid
[debug] Final subtitle position: (69, 1584) for center,bottom
[debug] Video: 1080x1920, Subtitle: 942x97, Position: grid
[debug] Final subtitle position: (69, 1584) for center,bottom
[warn] Font Arial-Bold failed: Invalid font Arial-Bold, pillow failed to use it with error cannot open resource
[warn] Font arial.ttf failed: Invalid font arial.ttf, pillow failed to use it with error cannot open resource
[debug] Successfully created TextClip with font: Arial, size: 918x81
[debug] Video: 1080x1920, Subtitle: 942x97, Position: grid
[debug] Final subtitle position: (69, 1584) for center,bottom
[debug] Video: 1080x1920, Subtitle: 942x97, Position: grid
[debug] Final subtitle position: (69, 1584) for center,bottom
[debug] Video: 1080x1920, Subtitle: 942x97, Position: grid
[debug] Final subtitle position: (69, 1584) for center,bottom
[debug] Video: 1080x1920, Subtitle: 942x97, Position: grid
[debug] Final subtitle position: (69, 1584) for center,bottom
[debug] Video: 1080x1920, Subtitle: 942x97, Position: grid
[debug] Final subtitle position: (69, 1584) for center,bottom
[debug] Video: 1080x1920, Subtitle: 942x97, Position: grid
[debug] Final subtitle position: (69, 1584) for center,bottom
[debug] Video: 1080x1920, Subtitle: 942x97, Position: grid
[debug] Final subtitle position: (69, 1584) for center,bottom
[debug] Video: 1080x1920, Subtitle: 942x97, Position: grid
[debug] Final subtitle position: (69, 1584) for center,bottom
[debug] Video: 1080x1920, Subtitle: 942x97, Position: grid
[debug] Final subtitle position: (69, 1584) for center,bottom
[debug] Video: 1080x1920, Subtitle: 942x97, Position: grid
[debug] Final subtitle position: (69, 1584) for center,bottom
[debug] Video: 1080x1920, Subtitle: 942x97, Position: grid
[debug] Final subtitle position: (69, 1584) for center,bottom
[debug] Video: 1080x1920, Subtitle: 942x97, Position: grid
[debug] Final subtitle position: (69, 1584) for center,bottom
[debug] Video: 1080x1920, Subtitle: 942x97, Position: grid
[debug] Final subtitle position: (69, 1584) for center,bottom
[debug] Video: 1080x1920, Subtitle: 942x97, Position: grid
[debug] Final subtitle position: (69, 1584) for center,bottom
[debug] Video: 1080x1920, Subtitle: 942x97, Position: grid
[debug] Final subtitle position: (69, 1584) for center,bottom
[debug] Video: 1080x1920, Subtitle: 942x97, Position: grid
[debug] Final subtitle position: (69, 1584) for center,bottom
[debug] Video: 1080x1920, Subtitle: 942x97, Position: grid
[debug] Final subtitle position: (69, 1584) for center,bottom
[debug] Video: 1080x1920, Subtitle: 942x97, Position: grid
[debug] Final subtitle position: (69, 1584) for center,bottom
[debug] Video: 1080x1920, Subtitle: 942x97, Position: grid
[debug] Final subtitle position: (69, 1584) for center,bottom
[debug] Video: 1080x1920, Subtitle: 942x97, Position: grid
[debug] Final subtitle position: (69, 1584) for center,bottom
[debug] Video: 1080x1920, Subtitle: 942x97, Position: grid
[debug] Final subtitle position: (69, 1584) for center,bottom
[debug] Video: 1080x1920, Subtitle: 942x97, Position: grid
[debug] Final subtitle position: (69, 1584) for center,bottom
[debug] Video: 1080x1920, Subtitle: 942x97, Position: grid
[debug] Final subtitle position: (69, 1584) for center,bottom
[debug] Video: 1080x1920, Subtitle: 942x97, Position: grid
[debug] Final subtitle position: (69, 1584) for center,bottom
[debug] Video: 1080x1920, Subtitle: 942x97, Position: grid
[debug] Final subtitle position: (69, 1584) for center,bottom
[debug] Video: 1080x1920, Subtitle: 942x97, Position: grid
[debug] Final subtitle position: (69, 1584) for center,bottom
[debug] Video: 1080x1920, Subtitle: 942x97, Position: grid
[debug] Final subtitle position: (69, 1584) for center,bottom
[debug] Video: 1080x1920, Subtitle: 942x97, Position: grid
[debug] Final subtitle position: (69, 1584) for center,bottom
[debug] Video: 1080x1920, Subtitle: 942x97, Position: grid
[debug] Final subtitle position: (69, 1584) for center,bottom
[debug] Video: 1080x1920, Subtitle: 942x97, Position: grid
[debug] Final subtitle position: (69, 1584) for center,bottom
[debug] Video: 1080x1920, Subtitle: 942x97, Position: grid
[debug] Final subtitle position: (69, 1584) for center,bottom
[debug] Video: 1080x1920, Subtitle: 942x97, Position: grid
[debug] Final subtitle position: (69, 1584) for center,bottom
[debug] Video: 1080x1920, Subtitle: 942x97, Position: grid
[debug] Final subtitle position: (69, 1584) for center,bottom
[debug] Video: 1080x1920, Subtitle: 942x97, Position: grid
[debug] Final subtitle position: (69, 1584) for center,bottom
[debug] Video: 1080x1920, Subtitle: 942x97, Position: grid
[debug] Final subtitle position: (69, 1584) for center,bottom
[debug] Video: 1080x1920, Subtitle: 942x97, Position: grid
[debug] Final subtitle position: (69, 1584) for center,bottom
[debug] Video: 1080x1920, Subtitle: 942x97, Position: grid
[debug] Final subtitle position: (69, 1584) for center,bottom
[debug] Video: 1080x1920, Subtitle: 942x97, Position: grid
[debug] Final subtitle position: (69, 1584) for center,bottom
[debug] Video: 1080x1920, Subtitle: 942x97, Position: grid
[debug] Final subtitle position: (69, 1584) for center,bottom
[debug] Video: 1080x1920, Subtitle: 942x97, Position: grid
[debug] Final subtitle position: (69, 1584) for center,bottom
[debug] Video: 1080x1920, Subtitle: 942x97, Position: grid
[debug] Final subtitle position: (69, 1584) for center,bottom
[debug] Video: 1080x1920, Subtitle: 942x97, Position: grid
[debug] Final subtitle position: (69, 1584) for center,bottom
[debug] Video: 1080x1920, Subtitle: 942x97, Position: grid
[debug] Final subtitle position: (69, 1584) for center,bottom
[debug] Video: 1080x1920, Subtitle: 942x97, Position: grid
[debug] Final subtitle position: (69, 1584) for center,bottom
[debug] Video: 1080x1920, Subtitle: 942x97, Position: grid
[debug] Final subtitle position: (69, 1584) for center,bottom
[debug] Video: 1080x1920, Subtitle: 942x97, Position: grid
[debug] Final subtitle position: (69, 1584) for center,bottom
[debug] Video: 1080x1920, Subtitle: 942x97, Position: grid
[debug] Final subtitle position: (69, 1584) for center,bottom
[debug] Video: 1080x1920, Subtitle: 942x97, Position: grid
[debug] Final subtitle position: (69, 1584) for center,bottom
[debug] Video: 1080x1920, Subtitle: 942x97, Position: grid
[debug] Final subtitle position: (69, 1584) for center,bottom
[debug] Video: 1080x1920, Subtitle: 942x97, Position: grid
[debug] Final subtitle position: (69, 1584) for center,bottom
[debug] Video: 1080x1920, Subtitle: 942x97, Position: grid
[debug] Final subtitle position: (69, 1584) for center,bottom
[debug] Video: 1080x1920, Subtitle: 942x97, Position: grid
[debug] Final subtitle position: (69, 1584) for center,bottom
[debug] Video: 1080x1920, Subtitle: 942x97, Position: grid
[debug] Final subtitle position: (69, 1584) for center,bottom
[debug] Video: 1080x1920, Subtitle: 942x97, Position: grid
[debug] Final subtitle position: (69, 1584) for center,bottom
[debug] Video: 1080x1920, Subtitle: 942x97, Position: grid
[debug] Final subtitle position: (69, 1584) for center,bottom
[debug] Video: 1080x1920, Subtitle: 942x97, Position: grid
[debug] Final subtitle position: (69, 1584) for center,bottom
[debug] Video: 1080x1920, Subtitle: 942x97, Position: grid
[debug] Final subtitle position: (69, 1584) for center,bottom
[debug] Video: 1080x1920, Subtitle: 942x97, Position: grid
[debug] Final subtitle position: (69, 1584) for center,bottom
[debug] Video: 1080x1920, Subtitle: 942x97, Position: grid
[debug] Final subtitle position: (69, 1584) for center,bottom
[debug] Video: 1080x1920, Subtitle: 942x97, Position: grid
[debug] Final subtitle position: (69, 1584) for center,bottom
[debug] Video: 1080x1920, Subtitle: 942x97, Position: grid
[debug] Final subtitle position: (69, 1584) for center,bottom
[debug] Video: 1080x1920, Subtitle: 942x97, Position: grid
[debug] Final subtitle position: (69, 1584) for center,bottom
[debug] Video: 1080x1920, Subtitle: 942x97, Position: grid
[debug] Final subtitle position: (69, 1584) for center,bottom
[debug] Video: 1080x1920, Subtitle: 942x97, Position: grid
[debug] Final subtitle position: (69, 1584) for center,bottom
[debug] Video: 1080x1920, Subtitle: 942x97, Position: grid
[debug] Final subtitle position: (69, 1584) for center,bottom
[debug] Video: 1080x1920, Subtitle: 942x97, Position: grid
[debug] Final subtitle position: (69, 1584) for center,bottom
[debug] Video: 1080x1920, Subtitle: 942x97, Position: grid
[debug] Final subtitle position: (69, 1584) for center,bottom
[debug] Video: 1080x1920, Subtitle: 942x97, Position: grid
[debug] Final subtitle position: (69, 1584) for center,bottom
[debug] Video: 1080x1920, Subtitle: 942x97, Position: grid
[debug] Final subtitle position: (69, 1584) for center,bottom
[debug] Video: 1080x1920, Subtitle: 942x97, Position: grid
[debug] Final subtitle position: (69, 1584) for center,bottom
[debug] Video: 1080x1920, Subtitle: 942x97, Position: grid
[debug] Final subtitle position: (69, 1584) for center,bottom
[debug] Video: 1080x1920, Subtitle: 942x97, Position: grid
[debug] Final subtitle position: (69, 1584) for center,bottom
[debug] Video: 1080x1920, Subtitle: 942x97, Position: grid
[debug] Final subtitle position: (69, 1584) for center,bottom
[debug] Video: 1080x1920, Subtitle: 942x97, Position: grid
[debug] Final subtitle position: (69, 1584) for center,bottom
[debug] Video: 1080x1920, Subtitle: 942x97, Position: grid
[debug] Final subtitle position: (69, 1584) for center,bottom
[debug] Video: 1080x1920, Subtitle: 942x97, Position: grid
[debug] Final subtitle position: (69, 1584) for center,bottom
[debug] Video: 1080x1920, Subtitle: 942x97, Position: grid
[debug] Final subtitle position: (69, 1584) for center,bottom
[debug] Video: 1080x1920, Subtitle: 942x97, Position: grid
[debug] Final subtitle position: (69, 1584) for center,bottom
[debug] Video: 1080x1920, Subtitle: 942x97, Position: grid
[debug] Final subtitle position: (69, 1584) for center,bottom
[debug] Video: 1080x1920, Subtitle: 942x97, Position: grid
[debug] Final subtitle position: (69, 1584) for center,bottom
[debug] Video: 1080x1920, Subtitle: 942x97, Position: grid
[debug] Final subtitle position: (69, 1584) for center,bottom
[debug] Video: 1080x1920, Subtitle: 942x97, Position: grid
[debug] Final subtitle position: (69, 1584) for center,bottom
[debug] Video: 1080x1920, Subtitle: 942x97, Position: grid
[debug] Final subtitle position: (69, 1584) for center,bottom
[debug] Video: 1080x1920, Subtitle: 942x97, Position: grid
[debug] Final subtitle position: (69, 1584) for center,bottom
[debug] Video: 1080x1920, Subtitle: 942x97, Position: grid
[debug] Final subtitle position: (69, 1584) for center,bottom
[debug] Video: 1080x1920, Subtitle: 942x97, Position: grid
[debug] Final subtitle position: (69, 1584) for center,bottom
[debug] Video: 1080x1920, Subtitle: 942x97, Position: grid
[debug] Final subtitle position: (69, 1584) for center,bottom
[debug] Video: 1080x1920, Subtitle: 942x97, Position: grid
[debug] Final subtitle position: (69, 1584) for center,bottom
[debug] Video: 1080x1920, Subtitle: 942x97, Position: grid
[debug] Final subtitle position: (69, 1584) for center,bottom
[debug] Video: 1080x1920, Subtitle: 942x97, Position: grid
[debug] Final subtitle position: (69, 1584) for center,bottom
[debug] Video: 1080x1920, Subtitle: 942x97, Position: grid
[debug] Final subtitle position: (69, 1584) for center,bottom
[debug] Video: 1080x1920, Subtitle: 942x97, Position: grid
[debug] Final subtitle position: (69, 1584) for center,bottom
[debug] Video: 1080x1920, Subtitle: 942x97, Position: grid
[debug] Final subtitle position: (69, 1584) for center,bottom
[debug] Video: 1080x1920, Subtitle: 942x97, Position: grid
[debug] Final subtitle position: (69, 1584) for center,bottom
[debug] Video: 1080x1920, Subtitle: 942x97, Position: grid
[debug] Final subtitle position: (69, 1584) for center,bottom
[debug] Video: 1080x1920, Subtitle: 942x97, Position: grid
[debug] Final subtitle position: (69, 1584) for center,bottom
[debug] Video: 1080x1920, Subtitle: 942x97, Position: grid
[debug] Final subtitle position: (69, 1584) for center,bottom
[debug] Video: 1080x1920, Subtitle: 942x97, Position: grid
[debug] Final subtitle position: (69, 1584) for center,bottom
[debug] Video: 1080x1920, Subtitle: 942x97, Position: grid
[debug] Final subtitle position: (69, 1584) for center,bottom
[debug] Video: 1080x1920, Subtitle: 942x97, Position: grid
[debug] Final subtitle position: (69, 1584) for center,bottom
[debug] Video: 1080x1920, Subtitle: 942x97, Position: grid
[debug] Final subtitle position: (69, 1584) for center,bottom
[debug] Video: 1080x1920, Subtitle: 942x97, Position: grid
[debug] Final subtitle position: (69, 1584) for center,bottom
[debug] Video: 1080x1920, Subtitle: 942x97, Position: grid
[debug] Final subtitle position: (69, 1584) for center,bottom
[debug] Video: 1080x1920, Subtitle: 942x97, Position: grid
[debug] Final subtitle position: (69, 1584) for center,bottom
[debug] Video: 1080x1920, Subtitle: 942x97, Position: grid
[debug] Final subtitle position: (69, 1584) for center,bottom
[debug] Video: 1080x1920, Subtitle: 942x97, Position: grid
[debug] Final subtitle position: (69, 1584) for center,bottom
[debug] Video: 1080x1920, Subtitle: 942x97, Position: grid
[debug] Final subtitle position: (69, 1584) for center,bottom
[debug] Video: 1080x1920, Subtitle: 942x97, Position: grid
[debug] Final subtitle position: (69, 1584) for center,bottom
[debug] Video: 1080x1920, Subtitle: 942x97, Position: grid
[debug] Final subtitle position: (69, 1584) for center,bottom
[debug] Video: 1080x1920, Subtitle: 942x97, Position: grid
[debug] Final subtitle position: (69, 1584) for center,bottom
[debug] Video: 1080x1920, Subtitle: 942x97, Position: grid
[debug] Final subtitle position: (69, 1584) for center,bottom
[debug] Video: 1080x1920, Subtitle: 942x97, Position: grid
[debug] Final subtitle position: (69, 1584) for center,bottom
[debug] Video: 1080x1920, Subtitle: 942x97, Position: grid
[debug] Final subtitle position: (69, 1584) for center,bottom
[debug] Video: 1080x1920, Subtitle: 942x97, Position: grid
[debug] Final subtitle position: (69, 1584) for center,bottom
[debug] Video: 1080x1920, Subtitle: 942x97, Position: grid
[debug] Final subtitle position: (69, 1584) for center,bottom
[debug] Video: 1080x1920, Subtitle: 942x97, Position: grid
[debug] Final subtitle position: (69, 1584) for center,bottom
[debug] Video: 1080x1920, Subtitle: 942x97, Position: grid
[debug] Final subtitle position: (69, 1584) for center,bottom
[debug] Video: 1080x1920, Subtitle: 942x97, Position: grid
[debug] Final subtitle position: (69, 1584) for center,bottom
[debug] Video: 1080x1920, Subtitle: 942x97, Position: grid
[debug] Final subtitle position: (69, 1584) for center,bottom
[debug] Video: 1080x1920, Subtitle: 942x97, Position: grid
[debug] Final subtitle position: (69, 1584) for center,bottom
[debug] Video: 1080x1920, Subtitle: 942x97, Position: grid
[debug] Final subtitle position: (69, 1584) for center,bottom
[debug] Video: 1080x1920, Subtitle: 942x97, Position: grid
[debug] Final subtitle position: (69, 1584) for center,bottom
[debug] Video: 1080x1920, Subtitle: 942x97, Position: grid
[debug] Final subtitle position: (69, 1584) for center,bottom
[debug] Video: 1080x1920, Subtitle: 942x97, Position: grid
[debug] Final subtitle position: (69, 1584) for center,bottom
[debug] Video: 1080x1920, Subtitle: 942x97, Position: grid
[debug] Final subtitle position: (69, 1584) for center,bottom
[debug] Video: 1080x1920, Subtitle: 942x97, Position: grid
[debug] Final subtitle position: (69, 1584) for center,bottom
[debug] Video: 1080x1920, Subtitle: 942x97, Position: grid
[debug] Final subtitle position: (69, 1584) for center,bottom
[debug] Video: 1080x1920, Subtitle: 942x97, Position: grid
[debug] Final subtitle position: (69, 1584) for center,bottom
[debug] Video: 1080x1920, Subtitle: 942x97, Position: grid
[debug] Final subtitle position: (69, 1584) for center,bottom
[debug] Video: 1080x1920, Subtitle: 942x97, Position: grid
[debug] Final subtitle position: (69, 1584) for center,bottom
[debug] Video: 1080x1920, Subtitle: 942x97, Position: grid
[debug] Final subtitle position: (69, 1584) for center,bottom
[debug] Video: 1080x1920, Subtitle: 942x97, Position: grid
[debug] Final subtitle position: (69, 1584) for center,bottom
[debug] Video: 1080x1920, Subtitle: 942x97, Position: grid
[debug] Final subtitle position: (69, 1584) for center,bottom
[debug] Video: 1080x1920, Subtitle: 942x97, Position: grid
[debug] Final subtitle position: (69, 1584) for center,bottom
[debug] Video: 1080x1920, Subtitle: 942x97, Position: grid
[debug] Final subtitle position: (69, 1584) for center,bottom
[debug] Video: 1080x1920, Subtitle: 942x97, Position: grid
[debug] Final subtitle position: (69, 1584) for center,bottom
[debug] Video: 1080x1920, Subtitle: 942x97, Position: grid
[debug] Final subtitle position: (69, 1584) for center,bottom
[debug] Video: 1080x1920, Subtitle: 942x97, Position: grid
[debug] Final subtitle position: (69, 1584) for center,bottom
[debug] Video: 1080x1920, Subtitle: 942x97, Position: grid
[debug] Final subtitle position: (69, 1584) for center,bottom
[debug] Video: 1080x1920, Subtitle: 942x97, Position: grid
[debug] Final subtitle position: (69, 1584) for center,bottom
[debug] Video: 1080x1920, Subtitle: 942x97, Position: grid
[debug] Final subtitle position: (69, 1584) for center,bottom
[debug] Video: 1080x1920, Subtitle: 942x97, Position: grid
[debug] Final subtitle position: (69, 1584) for center,bottom
[debug] Video: 1080x1920, Subtitle: 942x97, Position: grid
[debug] Final subtitle position: (69, 1584) for center,bottom
[debug] Video: 1080x1920, Subtitle: 942x97, Position: grid
[debug] Final subtitle position: (69, 1584) for center,bottom
[debug] Video: 1080x1920, Subtitle: 942x97, Position: grid
[debug] Final subtitle position: (69, 1584) for center,bottom
[debug] Video: 1080x1920, Subtitle: 942x97, Position: grid
[debug] Final subtitle position: (69, 1584) for center,bottom
[debug] Video: 1080x1920, Subtitle: 942x97, Position: grid
[debug] Final subtitle position: (69, 1584) for center,bottom
[debug] Video: 1080x1920, Subtitle: 942x97, Position: grid
[debug] Final subtitle position: (69, 1584) for center,bottom
[debug] Video: 1080x1920, Subtitle: 942x97, Position: grid
[debug] Final subtitle position: (69, 1584) for center,bottom
[debug] Video: 1080x1920, Subtitle: 942x97, Position: grid
[debug] Final subtitle position: (69, 1584) for center,bottom
[debug] Video: 1080x1920, Subtitle: 942x97, Position: grid
[debug] Final subtitle position: (69, 1584) for center,bottom
[debug] Video: 1080x1920, Subtitle: 942x97, Position: grid
[debug] Final subtitle position: (69, 1584) for center,bottom
[debug] Video: 1080x1920, Subtitle: 942x97, Position: grid
[debug] Final subtitle position: (69, 1584) for center,bottom
[debug] Video: 1080x1920, Subtitle: 942x97, Position: grid
[debug] Final subtitle position: (69, 1584) for center,bottom
[debug] Video: 1080x1920, Subtitle: 942x97, Position: grid
[debug] Final subtitle position: (69, 1584) for center,bottom
[debug] Video: 1080x1920, Subtitle: 942x97, Position: grid
[debug] Final subtitle position: (69, 1584) for center,bottom
[debug] Video: 1080x1920, Subtitle: 942x97, Position: grid
[debug] Final subtitle position: (69, 1584) for center,bottom
[debug] Video: 1080x1920, Subtitle: 942x97, Position: grid
[debug] Final subtitle position: (69, 1584) for center,bottom
[debug] Video: 1080x1920, Subtitle: 942x97, Position: grid
[debug] Final subtitle position: (69, 1584) for center,bottom
[debug] Video: 1080x1920, Subtitle: 942x97, Position: grid
[debug] Final subtitle position: (69, 1584) for center,bottom
[debug] Video: 1080x1920, Subtitle: 942x97, Position: grid
[debug] Final subtitle position: (69, 1584) for center,bottom
[debug] Video: 1080x1920, Subtitle: 942x97, Position: grid
[debug] Final subtitle position: (69, 1584) for center,bottom
[debug] Video: 1080x1920, Subtitle: 942x97, Position: grid
[debug] Final subtitle position: (69, 1584) for center,bottom
[debug] Video: 1080x1920, Subtitle: 942x97, Position: grid
[debug] Final subtitle position: (69, 1584) for center,bottom
[debug] Video: 1080x1920, Subtitle: 942x97, Position: grid
[debug] Final subtitle position: (69, 1584) for center,bottom
[debug] Video: 1080x1920, Subtitle: 942x97, Position: grid
[debug] Final subtitle position: (69, 1584) for center,bottom
[debug] Video: 1080x1920, Subtitle: 942x97, Position: grid
[debug] Final subtitle position: (69, 1584) for center,bottom
[debug] Video: 1080x1920, Subtitle: 942x97, Position: grid
[debug] Final subtitle position: (69, 1584) for center,bottom
[debug] Video: 1080x1920, Subtitle: 942x97, Position: grid
[debug] Final subtitle position: (69, 1584) for center,bottom
[debug] Video: 1080x1920, Subtitle: 942x97, Position: grid
[debug] Final subtitle position: (69, 1584) for center,bottom
[debug] Video: 1080x1920, Subtitle: 942x97, Position: grid
[debug] Final subtitle position: (69, 1584) for center,bottom
[debug] Video: 1080x1920, Subtitle: 942x97, Position: grid
[debug] Final subtitle position: (69, 1584) for center,bottom
[debug] Video: 1080x1920, Subtitle: 942x97, Position: grid
[debug] Final subtitle position: (69, 1584) for center,bottom
[debug] Video: 1080x1920, Subtitle: 942x97, Position: grid
[debug] Final subtitle position: (69, 1584) for center,bottom
[debug] Video: 1080x1920, Subtitle: 942x97, Position: grid
[debug] Final subtitle position: (69, 1584) for center,bottom
[debug] Video: 1080x1920, Subtitle: 942x97, Position: grid
[debug] Final subtitle position: (69, 1584) for center,bottom
[debug] Video: 1080x1920, Subtitle: 942x97, Position: grid
[debug] Final subtitle position: (69, 1584) for center,bottom
[debug] Video: 1080x1920, Subtitle: 942x97, Position: grid
[debug] Final subtitle position: (69, 1584) for center,bottom
[debug] Video: 1080x1920, Subtitle: 942x97, Position: grid
[debug] Final subtitle position: (69, 1584) for center,bottom
[debug] Video: 1080x1920, Subtitle: 942x97, Position: grid
[debug] Final subtitle position: (69, 1584) for center,bottom
[debug] Video: 1080x1920, Subtitle: 942x97, Position: grid
[debug] Final subtitle position: (69, 1584) for center,bottom
[debug] Video: 1080x1920, Subtitle: 942x97, Position: grid
[debug] Final subtitle position: (69, 1584) for center,bottom
[debug] Video: 1080x1920, Subtitle: 942x97, Position: grid
[debug] Final subtitle position: (69, 1584) for center,bottom
[debug] Video: 1080x1920, Subtitle: 942x97, Position: grid
[debug] Final subtitle position: (69, 1584) for center,bottom
[debug] Video: 1080x1920, Subtitle: 942x97, Position: grid
[debug] Final subtitle position: (69, 1584) for center,bottom
[debug] Video: 1080x1920, Subtitle: 942x97, Position: grid
[debug] Final subtitle position: (69, 1584) for center,bottom
[debug] Video: 1080x1920, Subtitle: 942x97, Position: grid
[debug] Final subtitle position: (69, 1584) for center,bottom
[debug] Video: 1080x1920, Subtitle: 942x97, Position: grid
[debug] Final subtitle position: (69, 1584) for center,bottom
[debug] Video: 1080x1920, Subtitle: 942x97, Position: grid
[debug] Final subtitle position: (69, 1584) for center,bottom
[debug] Video: 1080x1920, Subtitle: 942x97, Position: grid
[debug] Final subtitle position: (69, 1584) for center,bottom
[debug] Video: 1080x1920, Subtitle: 942x97, Position: grid
[debug] Final subtitle position: (69, 1584) for center,bottom
[debug] Video: 1080x1920, Subtitle: 942x97, Position: grid
[debug] Final subtitle position: (69, 1584) for center,bottom
[debug] Video: 1080x1920, Subtitle: 942x97, Position: grid
[debug] Final subtitle position: (69, 1584) for center,bottom
[debug] Video: 1080x1920, Subtitle: 942x97, Position: grid
[debug] Final subtitle position: (69, 1584) for center,bottom
[debug] Video: 1080x1920, Subtitle: 942x97, Position: grid
[debug] Final subtitle position: (69, 1584) for center,bottom
[debug] Video: 1080x1920, Subtitle: 942x97, Position: grid
[debug] Final subtitle position: (69, 1584) for center,bottom
[debug] Video: 1080x1920, Subtitle: 942x97, Position: grid
[debug] Final subtitle position: (69, 1584) for center,bottom
[debug] Video: 1080x1920, Subtitle: 942x97, Position: grid
[debug] Final subtitle position: (69, 1584) for center,bottom
[debug] Video: 1080x1920, Subtitle: 942x97, Position: grid
[debug] Final subtitle position: (69, 1584) for center,bottom
[debug] Video: 1080x1920, Subtitle: 942x97, Position: grid
[debug] Final subtitle position: (69, 1584) for center,bottom
[debug] Video: 1080x1920, Subtitle: 942x97, Position: grid
[debug] Final subtitle position: (69, 1584) for center,bottom
[debug] Video: 1080x1920, Subtitle: 942x97, Position: grid
[debug] Final subtitle position: (69, 1584) for center,bottom
[debug] Video: 1080x1920, Subtitle: 942x97, Position: grid
[debug] Final subtitle position: (69, 1584) for center,bottom
[debug] Video: 1080x1920, Subtitle: 942x97, Position: grid
[debug] Final subtitle position: (69, 1584) for center,bottom
[debug] Video: 1080x1920, Subtitle: 942x97, Position: grid
[debug] Final subtitle position: (69, 1584) for center,bottom
[debug] Video: 1080x1920, Subtitle: 942x97, Position: grid
[debug] Final subtitle position: (69, 1584) for center,bottom
[debug] Video: 1080x1920, Subtitle: 942x97, Position: grid
[debug] Final subtitle position: (69, 1584) for center,bottom
[debug] Video: 1080x1920, Subtitle: 942x97, Position: grid
[debug] Final subtitle position: (69, 1584) for center,bottom
[debug] Video: 1080x1920, Subtitle: 942x97, Position: grid
[debug] Final subtitle position: (69, 1584) for center,bottom
[debug] Video: 1080x1920, Subtitle: 942x97, Position: grid
[debug] Final subtitle position: (69, 1584) for center,bottom
[debug] Video: 1080x1920, Subtitle: 942x97, Position: grid
[debug] Final subtitle position: (69, 1584) for center,bottom
[debug] Video: 1080x1920, Subtitle: 942x97, Position: grid
[debug] Final subtitle position: (69, 1584) for center,bottom
[debug] Video: 1080x1920, Subtitle: 942x97, Position: grid
[debug] Final subtitle position: (69, 1584) for center,bottom
[debug] Video: 1080x1920, Subtitle: 942x97, Position: grid
[debug] Final subtitle position: (69, 1584) for center,bottom
[debug] Video: 1080x1920, Subtitle: 942x97, Position: grid
[debug] Final subtitle position: (69, 1584) for center,bottom
[debug] Video: 1080x1920, Subtitle: 942x97, Position: grid
[debug] Final subtitle position: (69, 1584) for center,bottom
[warn] Font Arial-Bold failed: Invalid font Arial-Bold, pillow failed to use it with error cannot open resource
[warn] Font arial.ttf failed: Invalid font arial.ttf, pillow failed to use it with error cannot open resource
[debug] Successfully created TextClip with font: Arial, size: 918x89
[debug] Video: 1080x1920, Subtitle: 942x105, Position: grid
[debug] Final subtitle position: (69, 1580) for center,bottom
[debug] Video: 1080x1920, Subtitle: 942x105, Position: grid
[debug] Final subtitle position: (69, 1580) for center,bottom
[debug] Video: 1080x1920, Subtitle: 942x105, Position: grid
[debug] Final subtitle position: (69, 1580) for center,bottom
[debug] Video: 1080x1920, Subtitle: 942x105, Position: grid
[debug] Final subtitle position: (69, 1580) for center,bottom
[debug] Video: 1080x1920, Subtitle: 942x105, Position: grid
[debug] Final subtitle position: (69, 1580) for center,bottom
[debug] Video: 1080x1920, Subtitle: 942x105, Position: grid
[debug] Final subtitle position: (69, 1580) for center,bottom
[debug] Video: 1080x1920, Subtitle: 942x105, Position: grid
[debug] Final subtitle position: (69, 1580) for center,bottom
[debug] Video: 1080x1920, Subtitle: 942x105, Position: grid
[debug] Final subtitle position: (69, 1580) for center,bottom
[debug] Video: 1080x1920, Subtitle: 942x105, Position: grid
[debug] Final subtitle position: (69, 1580) for center,bottom
[debug] Video: 1080x1920, Subtitle: 942x105, Position: grid
[debug] Final subtitle position: (69, 1580) for center,bottom
[debug] Video: 1080x1920, Subtitle: 942x105, Position: grid
[debug] Final subtitle position: (69, 1580) for center,bottom
[debug] Video: 1080x1920, Subtitle: 942x105, Position: grid
[debug] Final subtitle position: (69, 1580) for center,bottom
[debug] Video: 1080x1920, Subtitle: 942x105, Position: grid
[debug] Final subtitle position: (69, 1580) for center,bottom
[debug] Video: 1080x1920, Subtitle: 942x105, Position: grid
[debug] Final subtitle position: (69, 1580) for center,bottom
[debug] Video: 1080x1920, Subtitle: 942x105, Position: grid
[debug] Final subtitle position: (69, 1580) for center,bottom
[debug] Video: 1080x1920, Subtitle: 942x105, Position: grid
[debug] Final subtitle position: (69, 1580) for center,bottom
[debug] Video: 1080x1920, Subtitle: 942x105, Position: grid
[debug] Final subtitle position: (69, 1580) for center,bottom
[debug] Video: 1080x1920, Subtitle: 942x105, Position: grid
[debug] Final subtitle position: (69, 1580) for center,bottom
[debug] Video: 1080x1920, Subtitle: 942x105, Position: grid
[debug] Final subtitle position: (69, 1580) for center,bottom
[debug] Video: 1080x1920, Subtitle: 942x105, Position: grid
[debug] Final subtitle position: (69, 1580) for center,bottom
[debug] Video: 1080x1920, Subtitle: 942x105, Position: grid
[debug] Final subtitle position: (69, 1580) for center,bottom
[debug] Video: 1080x1920, Subtitle: 942x105, Position: grid
[debug] Final subtitle position: (69, 1580) for center,bottom
[debug] Video: 1080x1920, Subtitle: 942x105, Position: grid
[debug] Final subtitle position: (69, 1580) for center,bottom
[debug] Video: 1080x1920, Subtitle: 942x105, Position: grid
[debug] Final subtitle position: (69, 1580) for center,bottom
[debug] Video: 1080x1920, Subtitle: 942x105, Position: grid
[debug] Final subtitle position: (69, 1580) for center,bottom
[debug] Video: 1080x1920, Subtitle: 942x105, Position: grid
[debug] Final subtitle position: (69, 1580) for center,bottom
[debug] Video: 1080x1920, Subtitle: 942x105, Position: grid
[debug] Final subtitle position: (69, 1580) for center,bottom
[debug] Video: 1080x1920, Subtitle: 942x105, Position: grid
[debug] Final subtitle position: (69, 1580) for center,bottom
[debug] Video: 1080x1920, Subtitle: 942x105, Position: grid
[debug] Final subtitle position: (69, 1580) for center,bottom
[debug] Video: 1080x1920, Subtitle: 942x105, Position: grid
[debug] Final subtitle position: (69, 1580) for center,bottom
[debug] Video: 1080x1920, Subtitle: 942x105, Position: grid
[debug] Final subtitle position: (69, 1580) for center,bottom
[debug] Video: 1080x1920, Subtitle: 942x105, Position: grid
[debug] Final subtitle position: (69, 1580) for center,bottom
[debug] Video: 1080x1920, Subtitle: 942x105, Position: grid
[debug] Final subtitle position: (69, 1580) for center,bottom
[debug] Video: 1080x1920, Subtitle: 942x105, Position: grid
[debug] Final subtitle position: (69, 1580) for center,bottom
[debug] Video: 1080x1920, Subtitle: 942x105, Position: grid
[debug] Final subtitle position: (69, 1580) for center,bottom
[debug] Video: 1080x1920, Subtitle: 942x105, Position: grid
[debug] Final subtitle position: (69, 1580) for center,bottom
[debug] Video: 1080x1920, Subtitle: 942x105, Position: grid
[debug] Final subtitle position: (69, 1580) for center,bottom
[debug] Video: 1080x1920, Subtitle: 942x105, Position: grid
[debug] Final subtitle position: (69, 1580) for center,bottom
[debug] Video: 1080x1920, Subtitle: 942x105, Position: grid
[debug] Final subtitle position: (69, 1580) for center,bottom
[debug] Video: 1080x1920, Subtitle: 942x105, Position: grid
[debug] Final subtitle position: (69, 1580) for center,bottom
[debug] Video: 1080x1920, Subtitle: 942x105, Position: grid
[debug] Final subtitle position: (69, 1580) for center,bottom
[debug] Video: 1080x1920, Subtitle: 942x105, Position: grid
[debug] Final subtitle position: (69, 1580) for center,bottom
[debug] Video: 1080x1920, Subtitle: 942x105, Position: grid
[debug] Final subtitle position: (69, 1580) for center,bottom
[debug] Video: 1080x1920, Subtitle: 942x105, Position: grid
[debug] Final subtitle position: (69, 1580) for center,bottom
[debug] Video: 1080x1920, Subtitle: 942x105, Position: grid
[debug] Final subtitle position: (69, 1580) for center,bottom
[debug] Video: 1080x1920, Subtitle: 942x105, Position: grid
[debug] Final subtitle position: (69, 1580) for center,bottom
[debug] Video: 1080x1920, Subtitle: 942x105, Position: grid
[debug] Final subtitle position: (69, 1580) for center,bottom
[debug] Video: 1080x1920, Subtitle: 942x105, Position: grid
[debug] Final subtitle position: (69, 1580) for center,bottom
[debug] Video: 1080x1920, Subtitle: 942x105, Position: grid
[debug] Final subtitle position: (69, 1580) for center,bottom
[debug] Video: 1080x1920, Subtitle: 942x105, Position: grid
[debug] Final subtitle position: (69, 1580) for center,bottom
[debug] Video: 1080x1920, Subtitle: 942x105, Position: grid
[debug] Final subtitle position: (69, 1580) for center,bottom
[debug] Video: 1080x1920, Subtitle: 942x105, Position: grid
[debug] Final subtitle position: (69, 1580) for center,bottom
[debug] Video: 1080x1920, Subtitle: 942x105, Position: grid
[debug] Final subtitle position: (69, 1580) for center,bottom
[debug] Video: 1080x1920, Subtitle: 942x105, Position: grid
[debug] Final subtitle position: (69, 1580) for center,bottom
[debug] Video: 1080x1920, Subtitle: 942x105, Position: grid
[debug] Final subtitle position: (69, 1580) for center,bottom
[debug] Video: 1080x1920, Subtitle: 942x105, Position: grid
[debug] Final subtitle position: (69, 1580) for center,bottom
[debug] Video: 1080x1920, Subtitle: 942x105, Position: grid
[debug] Final subtitle position: (69, 1580) for center,bottom
[debug] Video: 1080x1920, Subtitle: 942x105, Position: grid
[debug] Final subtitle position: (69, 1580) for center,bottom
[debug] Video: 1080x1920, Subtitle: 942x105, Position: grid
[debug] Final subtitle position: (69, 1580) for center,bottom
[debug] Video: 1080x1920, Subtitle: 942x105, Position: grid
[debug] Final subtitle position: (69, 1580) for center,bottom
[debug] Video: 1080x1920, Subtitle: 942x105, Position: grid
[debug] Final subtitle position: (69, 1580) for center,bottom
[debug] Video: 1080x1920, Subtitle: 942x105, Position: grid
[debug] Final subtitle position: (69, 1580) for center,bottom
[debug] Video: 1080x1920, Subtitle: 942x105, Position: grid
[debug] Final subtitle position: (69, 1580) for center,bottom
[debug] Video: 1080x1920, Subtitle: 942x105, Position: grid
[debug] Final subtitle position: (69, 1580) for center,bottom
[debug] Video: 1080x1920, Subtitle: 942x105, Position: grid
[debug] Final subtitle position: (69, 1580) for center,bottom
[debug] Video: 1080x1920, Subtitle: 942x105, Position: grid
[debug] Final subtitle position: (69, 1580) for center,bottom
[debug] Video: 1080x1920, Subtitle: 942x105, Position: grid
[debug] Final subtitle position: (69, 1580) for center,bottom
[debug] Video: 1080x1920, Subtitle: 942x105, Position: grid
[debug] Final subtitle position: (69, 1580) for center,bottom
[debug] Video: 1080x1920, Subtitle: 942x105, Position: grid
[debug] Final subtitle position: (69, 1580) for center,bottom
[debug] Video: 1080x1920, Subtitle: 942x105, Position: grid
[debug] Final subtitle position: (69, 1580) for center,bottom
[debug] Video: 1080x1920, Subtitle: 942x105, Position: grid
[debug] Final subtitle position: (69, 1580) for center,bottom
[debug] Video: 1080x1920, Subtitle: 942x105, Position: grid
[debug] Final subtitle position: (69, 1580) for center,bottom
[debug] Video: 1080x1920, Subtitle: 942x105, Position: grid
[debug] Final subtitle position: (69, 1580) for center,bottom
[debug] Video: 1080x1920, Subtitle: 942x105, Position: grid
[debug] Final subtitle position: (69, 1580) for center,bottom
[debug] Video: 1080x1920, Subtitle: 942x105, Position: grid
[debug] Final subtitle position: (69, 1580) for center,bottom
[debug] Video: 1080x1920, Subtitle: 942x105, Position: grid
[debug] Final subtitle position: (69, 1580) for center,bottom
[debug] Video: 1080x1920, Subtitle: 942x105, Position: grid
[debug] Final subtitle position: (69, 1580) for center,bottom
[debug] Video: 1080x1920, Subtitle: 942x105, Position: grid
[debug] Final subtitle position: (69, 1580) for center,bottom
[debug] Video: 1080x1920, Subtitle: 942x105, Position: grid
[debug] Final subtitle position: (69, 1580) for center,bottom
[debug] Video: 1080x1920, Subtitle: 942x105, Position: grid
[debug] Final subtitle position: (69, 1580) for center,bottom
[debug] Video: 1080x1920, Subtitle: 942x105, Position: grid
[debug] Final subtitle position: (69, 1580) for center,bottom
[debug] Video: 1080x1920, Subtitle: 942x105, Position: grid
[debug] Final subtitle position: (69, 1580) for center,bottom
[debug] Video: 1080x1920, Subtitle: 942x105, Position: grid
[debug] Final subtitle position: (69, 1580) for center,bottom
[debug] Video: 1080x1920, Subtitle: 942x105, Position: grid
[debug] Final subtitle position: (69, 1580) for center,bottom
[debug] Video: 1080x1920, Subtitle: 942x105, Position: grid
[debug] Final subtitle position: (69, 1580) for center,bottom
[debug] Video: 1080x1920, Subtitle: 942x105, Position: grid
[debug] Final subtitle position: (69, 1580) for center,bottom
[debug] Video: 1080x1920, Subtitle: 942x105, Position: grid
[debug] Final subtitle position: (69, 1580) for center,bottom
[debug] Video: 1080x1920, Subtitle: 942x105, Position: grid
[debug] Final subtitle position: (69, 1580) for center,bottom
[debug] Video: 1080x1920, Subtitle: 942x105, Position: grid
[debug] Final subtitle position: (69, 1580) for center,bottom
[debug] Video: 1080x1920, Subtitle: 942x105, Position: grid
[debug] Final subtitle position: (69, 1580) for center,bottom
[debug] Video: 1080x1920, Subtitle: 942x105, Position: grid
[debug] Final subtitle position: (69, 1580) for center,bottom
[debug] Video: 1080x1920, Subtitle: 942x105, Position: grid
[debug] Final subtitle position: (69, 1580) for center,bottom
[debug] Video: 1080x1920, Subtitle: 942x105, Position: grid
[debug] Final subtitle position: (69, 1580) for center,bottom
[debug] Video: 1080x1920, Subtitle: 942x105, Position: grid
[debug] Final subtitle position: (69, 1580) for center,bottom
[debug] Video: 1080x1920, Subtitle: 942x105, Position: grid
[debug] Final subtitle position: (69, 1580) for center,bottom
[debug] Video: 1080x1920, Subtitle: 942x105, Position: grid
[debug] Final subtitle position: (69, 1580) for center,bottom
[debug] Video: 1080x1920, Subtitle: 942x105, Position: grid
[debug] Final subtitle position: (69, 1580) for center,bottom
[debug] Video: 1080x1920, Subtitle: 942x105, Position: grid
[debug] Final subtitle position: (69, 1580) for center,bottom
[debug] Video: 1080x1920, Subtitle: 942x105, Position: grid
[debug] Final subtitle position: (69, 1580) for center,bottom
[debug] Video: 1080x1920, Subtitle: 942x105, Position: grid
[debug] Final subtitle position: (69, 1580) for center,bottom
[debug] Video: 1080x1920, Subtitle: 942x105, Position: grid
[debug] Final subtitle position: (69, 1580) for center,bottom
[debug] Video: 1080x1920, Subtitle: 942x105, Position: grid
[debug] Final subtitle position: (69, 1580) for center,bottom
[debug] Video: 1080x1920, Subtitle: 942x105, Position: grid
[debug] Final subtitle position: (69, 1580) for center,bottom
[debug] Video: 1080x1920, Subtitle: 942x105, Position: grid
[debug] Final subtitle position: (69, 1580) for center,bottom
[debug] Video: 1080x1920, Subtitle: 942x105, Position: grid
[debug] Final subtitle position: (69, 1580) for center,bottom
[debug] Video: 1080x1920, Subtitle: 942x105, Position: grid
[debug] Final subtitle position: (69, 1580) for center,bottom
[debug] Video: 1080x1920, Subtitle: 942x105, Position: grid
[debug] Final subtitle position: (69, 1580) for center,bottom
[debug] Video: 1080x1920, Subtitle: 942x105, Position: grid
[debug] Final subtitle position: (69, 1580) for center,bottom
[debug] Video: 1080x1920, Subtitle: 942x105, Position: grid
[debug] Final subtitle position: (69, 1580) for center,bottom
[debug] Video: 1080x1920, Subtitle: 942x105, Position: grid
[debug] Final subtitle position: (69, 1580) for center,bottom
[debug] Video: 1080x1920, Subtitle: 942x105, Position: grid
[debug] Final subtitle position: (69, 1580) for center,bottom
[debug] Video: 1080x1920, Subtitle: 942x105, Position: grid
[debug] Final subtitle position: (69, 1580) for center,bottom
[debug] Video: 1080x1920, Subtitle: 942x105, Position: grid
[debug] Final subtitle position: (69, 1580) for center,bottom
[debug] Video: 1080x1920, Subtitle: 942x105, Position: grid
[debug] Final subtitle position: (69, 1580) for center,bottom
[debug] Video: 1080x1920, Subtitle: 942x105, Position: grid
[debug] Final subtitle position: (69, 1580) for center,bottom
[debug] Video: 1080x1920, Subtitle: 942x105, Position: grid
[debug] Final subtitle position: (69, 1580) for center,bottom
[debug] Video: 1080x1920, Subtitle: 942x105, Position: grid
[debug] Final subtitle position: (69, 1580) for center,bottom
[debug] Video: 1080x1920, Subtitle: 942x105, Position: grid
[debug] Final subtitle position: (69, 1580) for center,bottom
[debug] Video: 1080x1920, Subtitle: 942x105, Position: grid
[debug] Final subtitle position: (69, 1580) for center,bottom
[debug] Video: 1080x1920, Subtitle: 942x105, Position: grid
[debug] Final subtitle position: (69, 1580) for center,bottom
[debug] Video: 1080x1920, Subtitle: 942x105, Position: grid
[debug] Final subtitle position: (69, 1580) for center,bottom
[debug] Video: 1080x1920, Subtitle: 942x105, Position: grid
[debug] Final subtitle position: (69, 1580) for center,bottom
[debug] Video: 1080x1920, Subtitle: 942x105, Position: grid
[debug] Final subtitle position: (69, 1580) for center,bottom
[debug] Video: 1080x1920, Subtitle: 942x105, Position: grid
[debug] Final subtitle position: (69, 1580) for center,bottom
[debug] Video: 1080x1920, Subtitle: 942x105, Position: grid
[debug] Final subtitle position: (69, 1580) for center,bottom
[debug] Video: 1080x1920, Subtitle: 942x105, Position: grid
[debug] Final subtitle position: (69, 1580) for center,bottom
[debug] Video: 1080x1920, Subtitle: 942x105, Position: grid
[debug] Final subtitle position: (69, 1580) for center,bottom
[debug] Video: 1080x1920, Subtitle: 942x105, Position: grid
[debug] Final subtitle position: (69, 1580) for center,bottom
[debug] Video: 1080x1920, Subtitle: 942x105, Position: grid
[debug] Final subtitle position: (69, 1580) for center,bottom
[debug] Video: 1080x1920, Subtitle: 942x105, Position: grid
[debug] Final subtitle position: (69, 1580) for center,bottom
[debug] Video: 1080x1920, Subtitle: 942x105, Position: grid
[debug] Final subtitle position: (69, 1580) for center,bottom
[debug] Video: 1080x1920, Subtitle: 942x105, Position: grid
[debug] Final subtitle position: (69, 1580) for center,bottom
[debug] Video: 1080x1920, Subtitle: 942x105, Position: grid
[debug] Final subtitle position: (69, 1580) for center,bottom
[debug] Video: 1080x1920, Subtitle: 942x105, Position: grid
[debug] Final subtitle position: (69, 1580) for center,bottom
[debug] Video: 1080x1920, Subtitle: 942x105, Position: grid
[debug] Final subtitle position: (69, 1580) for center,bottom
[debug] Video: 1080x1920, Subtitle: 942x105, Position: grid
[debug] Final subtitle position: (69, 1580) for center,bottom
[debug] Video: 1080x1920, Subtitle: 942x105, Position: grid
[debug] Final subtitle position: (69, 1580) for center,bottom
[debug] Video: 1080x1920, Subtitle: 942x105, Position: grid
[debug] Final subtitle position: (69, 1580) for center,bottom
[debug] Video: 1080x1920, Subtitle: 942x105, Position: grid
[debug] Final subtitle position: (69, 1580) for center,bottom
[debug] Video: 1080x1920, Subtitle: 942x105, Position: grid
[debug] Final subtitle position: (69, 1580) for center,bottom
[debug] Video: 1080x1920, Subtitle: 942x105, Position: grid
[debug] Final subtitle position: (69, 1580) for center,bottom
[debug] Video: 1080x1920, Subtitle: 942x105, Position: grid
[debug] Final subtitle position: (69, 1580) for center,bottom
[debug] Video: 1080x1920, Subtitle: 942x105, Position: grid
[debug] Final subtitle position: (69, 1580) for center,bottom
[debug] Video: 1080x1920, Subtitle: 942x105, Position: grid
[debug] Final subtitle position: (69, 1580) for center,bottom
[debug] Video: 1080x1920, Subtitle: 942x105, Position: grid
[debug] Final subtitle position: (69, 1580) for center,bottom
[debug] Video: 1080x1920, Subtitle: 942x105, Position: grid
[debug] Final subtitle position: (69, 1580) for center,bottom
[debug] Video: 1080x1920, Subtitle: 942x105, Position: grid
[debug] Final subtitle position: (69, 1580) for center,bottom
[debug] Video: 1080x1920, Subtitle: 942x105, Position: grid
[debug] Final subtitle position: (69, 1580) for center,bottom
[debug] Video: 1080x1920, Subtitle: 942x105, Position: grid
[debug] Final subtitle position: (69, 1580) for center,bottom
[debug] Video: 1080x1920, Subtitle: 942x105, Position: grid
[debug] Final subtitle position: (69, 1580) for center,bottom
[debug] Video: 1080x1920, Subtitle: 942x105, Position: grid
[debug] Final subtitle position: (69, 1580) for center,bottom
[debug] Video: 1080x1920, Subtitle: 942x105, Position: grid
[debug] Final subtitle position: (69, 1580) for center,bottom
[debug] Video: 1080x1920, Subtitle: 942x105, Position: grid
[debug] Final subtitle position: (69, 1580) for center,bottom
[debug] Video: 1080x1920, Subtitle: 942x105, Position: grid
[debug] Final subtitle position: (69, 1580) for center,bottom
[debug] Video: 1080x1920, Subtitle: 942x105, Position: grid
[debug] Final subtitle position: (69, 1580) for center,bottom
[debug] Video: 1080x1920, Subtitle: 942x105, Position: grid
[debug] Final subtitle position: (69, 1580) for center,bottom
[debug] Video: 1080x1920, Subtitle: 942x105, Position: grid
[debug] Final subtitle position: (69, 1580) for center,bottom
[debug] Video: 1080x1920, Subtitle: 942x105, Position: grid
[debug] Final subtitle position: (69, 1580) for center,bottom
[debug] Video: 1080x1920, Subtitle: 942x105, Position: grid
[debug] Final subtitle position: (69, 1580) for center,bottom
[debug] Video: 1080x1920, Subtitle: 942x105, Position: grid
[debug] Final subtitle position: (69, 1580) for center,bottom
[debug] Video: 1080x1920, Subtitle: 942x105, Position: grid
[debug] Final subtitle position: (69, 1580) for center,bottom
[debug] Video: 1080x1920, Subtitle: 942x105, Position: grid
[debug] Final subtitle position: (69, 1580) for center,bottom
[debug] Video: 1080x1920, Subtitle: 942x105, Position: grid
[debug] Final subtitle position: (69, 1580) for center,bottom
[debug] Video: 1080x1920, Subtitle: 942x105, Position: grid
[debug] Final subtitle position: (69, 1580) for center,bottom
[debug] Video: 1080x1920, Subtitle: 942x105, Position: grid
[debug] Final subtitle position: (69, 1580) for center,bottom
[debug] Video: 1080x1920, Subtitle: 942x105, Position: grid
[debug] Final subtitle position: (69, 1580) for center,bottom
[debug] Video: 1080x1920, Subtitle: 942x105, Position: grid
[debug] Final subtitle position: (69, 1580) for center,bottom
[debug] Video: 1080x1920, Subtitle: 942x105, Position: grid
[debug] Final subtitle position: (69, 1580) for center,bottom
[debug] Video: 1080x1920, Subtitle: 942x105, Position: grid
[debug] Final subtitle position: (69, 1580) for center,bottom
[debug] Video: 1080x1920, Subtitle: 942x105, Position: grid
[debug] Final subtitle position: (69, 1580) for center,bottom
[debug] Video: 1080x1920, Subtitle: 942x105, Position: grid
[debug] Final subtitle position: (69, 1580) for center,bottom
[debug] Video: 1080x1920, Subtitle: 942x105, Position: grid
[debug] Final subtitle position: (69, 1580) for center,bottom
[debug] Video: 1080x1920, Subtitle: 942x105, Position: grid
[debug] Final subtitle position: (69, 1580) for center,bottom
[debug] Video: 1080x1920, Subtitle: 942x105, Position: grid
[debug] Final subtitle position: (69, 1580) for center,bottom
[debug] Video: 1080x1920, Subtitle: 942x105, Position: grid
[debug] Final subtitle position: (69, 1580) for center,bottom
[debug] Video: 1080x1920, Subtitle: 942x105, Position: grid
[debug] Final subtitle position: (69, 1580) for center,bottom
[debug] Video: 1080x1920, Subtitle: 942x105, Position: grid
[debug] Final subtitle position: (69, 1580) for center,bottom
[debug] Video: 1080x1920, Subtitle: 942x105, Position: grid
[debug] Final subtitle position: (69, 1580) for center,bottom
[debug] Video: 1080x1920, Subtitle: 942x105, Position: grid
[debug] Final subtitle position: (69, 1580) for center,bottom
[debug] Video: 1080x1920, Subtitle: 942x105, Position: grid
[debug] Final subtitle position: (69, 1580) for center,bottom
[debug] Video: 1080x1920, Subtitle: 942x105, Position: grid
[debug] Final subtitle position: (69, 1580) for center,bottom
[debug] Video: 1080x1920, Subtitle: 942x105, Position: grid
[debug] Final subtitle position: (69, 1580) for center,bottom
[debug] Video: 1080x1920, Subtitle: 942x105, Position: grid
[debug] Final subtitle position: (69, 1580) for center,bottom
[debug] Video: 1080x1920, Subtitle: 942x105, Position: grid
[debug] Final subtitle position: (69, 1580) for center,bottom
[debug] Video: 1080x1920, Subtitle: 942x105, Position: grid
[debug] Final subtitle position: (69, 1580) for center,bottom
[debug] Video: 1080x1920, Subtitle: 942x105, Position: grid
[debug] Final subtitle position: (69, 1580) for center,bottom
[debug] Video: 1080x1920, Subtitle: 942x105, Position: grid
[debug] Final subtitle position: (69, 1580) for center,bottom
[debug] Video: 1080x1920, Subtitle: 942x105, Position: grid
[debug] Final subtitle position: (69, 1580) for center,bottom
[debug] Video: 1080x1920, Subtitle: 942x105, Position: grid
[debug] Final subtitle position: (69, 1580) for center,bottom
[debug] Video: 1080x1920, Subtitle: 942x105, Position: grid
[debug] Final subtitle position: (69, 1580) for center,bottom
[debug] Video: 1080x1920, Subtitle: 942x105, Position: grid
[debug] Final subtitle position: (69, 1580) for center,bottom
[debug] Video: 1080x1920, Subtitle: 942x105, Position: grid
[debug] Final subtitle position: (69, 1580) for center,bottom
[debug] Video: 1080x1920, Subtitle: 942x105, Position: grid
[debug] Final subtitle position: (69, 1580) for center,bottom
[debug] Video: 1080x1920, Subtitle: 942x105, Position: grid
[debug] Final subtitle position: (69, 1580) for center,bottom
[debug] Video: 1080x1920, Subtitle: 942x105, Position: grid
[debug] Final subtitle position: (69, 1580) for center,bottom
[debug] Video: 1080x1920, Subtitle: 942x105, Position: grid
[debug] Final subtitle position: (69, 1580) for center,bottom
[debug] Video: 1080x1920, Subtitle: 942x105, Position: grid
[debug] Final subtitle position: (69, 1580) for center,bottom
[debug] Video: 1080x1920, Subtitle: 942x105, Position: grid
[debug] Final subtitle position: (69, 1580) for center,bottom
[debug] Video: 1080x1920, Subtitle: 942x105, Position: grid
[debug] Final subtitle position: (69, 1580) for center,bottom
[debug] Video: 1080x1920, Subtitle: 942x105, Position: grid
[debug] Final subtitle position: (69, 1580) for center,bottom
[debug] Video: 1080x1920, Subtitle: 942x105, Position: grid
[debug] Final subtitle position: (69, 1580) for center,bottom
[debug] Video: 1080x1920, Subtitle: 942x105, Position: grid
[debug] Final subtitle position: (69, 1580) for center,bottom
[debug] Video: 1080x1920, Subtitle: 942x105, Position: grid
[debug] Final subtitle position: (69, 1580) for center,bottom
[debug] Video: 1080x1920, Subtitle: 942x105, Position: grid
[debug] Final subtitle position: (69, 1580) for center,bottom
[debug] Video: 1080x1920, Subtitle: 942x105, Position: grid
[debug] Final subtitle position: (69, 1580) for center,bottom
[debug] Video: 1080x1920, Subtitle: 942x105, Position: grid
[debug] Final subtitle position: (69, 1580) for center,bottom
[debug] Video: 1080x1920, Subtitle: 942x105, Position: grid
[debug] Final subtitle position: (69, 1580) for center,bottom
[debug] Video: 1080x1920, Subtitle: 942x105, Position: grid
[debug] Final subtitle position: (69, 1580) for center,bottom
[debug] Video: 1080x1920, Subtitle: 942x105, Position: grid
[debug] Final subtitle position: (69, 1580) for center,bottom
[debug] Video: 1080x1920, Subtitle: 942x105, Position: grid
[debug] Final subtitle position: (69, 1580) for center,bottom
[debug] Video: 1080x1920, Subtitle: 942x105, Position: grid
[debug] Final subtitle position: (69, 1580) for center,bottom
[debug] Video: 1080x1920, Subtitle: 942x105, Position: grid
[debug] Final subtitle position: (69, 1580) for center,bottom
[debug] Video: 1080x1920, Subtitle: 942x105, Position: grid
[debug] Final subtitle position: (69, 1580) for center,bottom
[debug] Video: 1080x1920, Subtitle: 942x105, Position: grid
[debug] Final subtitle position: (69, 1580) for center,bottom
[debug] Video: 1080x1920, Subtitle: 942x105, Position: grid
[debug] Final subtitle position: (69, 1580) for center,bottom
[debug] Video: 1080x1920, Subtitle: 942x105, Position: grid
[debug] Final subtitle position: (69, 1580) for center,bottom
[debug] Video: 1080x1920, Subtitle: 942x105, Position: grid
[debug] Final subtitle position: (69, 1580) for center,bottom
[debug] Video: 1080x1920, Subtitle: 942x105, Position: grid
[debug] Final subtitle position: (69, 1580) for center,bottom
[debug] Video: 1080x1920, Subtitle: 942x105, Position: grid
[debug] Final subtitle position: (69, 1580) for center,bottom
[debug] Video: 1080x1920, Subtitle: 942x105, Position: grid
[debug] Final subtitle position: (69, 1580) for center,bottom
[debug] Video: 1080x1920, Subtitle: 942x105, Position: grid
[debug] Final subtitle position: (69, 1580) for center,bottom
[debug] Video: 1080x1920, Subtitle: 942x105, Position: grid
[debug] Final subtitle position: (69, 1580) for center,bottom
[debug] Video: 1080x1920, Subtitle: 942x105, Position: grid
[debug] Final subtitle position: (69, 1580) for center,bottom
[debug] Video: 1080x1920, Subtitle: 942x105, Position: grid
[debug] Final subtitle position: (69, 1580) for center,bottom
[debug] Video: 1080x1920, Subtitle: 942x105, Position: grid
[debug] Final subtitle position: (69, 1580) for center,bottom
[debug] Video: 1080x1920, Subtitle: 942x105, Position: grid
[debug] Final subtitle position: (69, 1580) for center,bottom
[debug] Video: 1080x1920, Subtitle: 942x105, Position: grid
[debug] Final subtitle position: (69, 1580) for center,bottom
[debug] Video: 1080x1920, Subtitle: 942x105, Position: grid
[debug] Final subtitle position: (69, 1580) for center,bottom
[debug] Video: 1080x1920, Subtitle: 942x105, Position: grid
[debug] Final subtitle position: (69, 1580) for center,bottom
[debug] Video: 1080x1920, Subtitle: 942x105, Position: grid
[debug] Final subtitle position: (69, 1580) for center,bottom
[debug] Video: 1080x1920, Subtitle: 942x105, Position: grid
[debug] Final subtitle position: (69, 1580) for center,bottom
[debug] Video: 1080x1920, Subtitle: 942x105, Position: grid
[debug] Final subtitle position: (69, 1580) for center,bottom
[debug] Video: 1080x1920, Subtitle: 942x105, Position: grid
[debug] Final subtitle position: (69, 1580) for center,bottom
[debug] Video: 1080x1920, Subtitle: 942x105, Position: grid
[debug] Final subtitle position: (69, 1580) for center,bottom
[debug] Video: 1080x1920, Subtitle: 942x105, Position: grid
[debug] Final subtitle position: (69, 1580) for center,bottom
[debug] Video: 1080x1920, Subtitle: 942x105, Position: grid
[debug] Final subtitle position: (69, 1580) for center,bottom
[debug] Video: 1080x1920, Subtitle: 942x105, Position: grid
[debug] Final subtitle position: (69, 1580) for center,bottom
[debug] Video: 1080x1920, Subtitle: 942x105, Position: grid
[debug] Final subtitle position: (69, 1580) for center,bottom
[debug] Video: 1080x1920, Subtitle: 942x105, Position: grid
[debug] Final subtitle position: (69, 1580) for center,bottom
[debug] Video: 1080x1920, Subtitle: 942x105, Position: grid
[debug] Final subtitle position: (69, 1580) for center,bottom
[debug] Video: 1080x1920, Subtitle: 942x105, Position: grid
[debug] Final subtitle position: (69, 1580) for center,bottom
[debug] Video: 1080x1920, Subtitle: 942x105, Position: grid
[debug] Final subtitle position: (69, 1580) for center,bottom
[debug] Video: 1080x1920, Subtitle: 942x105, Position: grid
[debug] Final subtitle position: (69, 1580) for center,bottom
[debug] Video: 1080x1920, Subtitle: 942x105, Position: grid
[debug] Final subtitle position: (69, 1580) for center,bottom
[debug] Video: 1080x1920, Subtitle: 942x105, Position: grid
[debug] Final subtitle position: (69, 1580) for center,bottom
[debug] Video: 1080x1920, Subtitle: 942x105, Position: grid
[debug] Final subtitle position: (69, 1580) for center,bottom
[debug] Video: 1080x1920, Subtitle: 942x105, Position: grid
[debug] Final subtitle position: (69, 1580) for center,bottom
[debug] Video: 1080x1920, Subtitle: 942x105, Position: grid
[debug] Final subtitle position: (69, 1580) for center,bottom
[debug] Video: 1080x1920, Subtitle: 942x105, Position: grid
[debug] Final subtitle position: (69, 1580) for center,bottom
[debug] Video: 1080x1920, Subtitle: 942x105, Position: grid
[debug] Final subtitle position: (69, 1580) for center,bottom
[debug] Video: 1080x1920, Subtitle: 942x105, Position: grid
[debug] Final subtitle position: (69, 1580) for center,bottom
[debug] Video: 1080x1920, Subtitle: 942x105, Position: grid
[debug] Final subtitle position: (69, 1580) for center,bottom
[debug] Video: 1080x1920, Subtitle: 942x105, Position: grid
[debug] Final subtitle position: (69, 1580) for center,bottom
[debug] Video: 1080x1920, Subtitle: 942x105, Position: grid
[debug] Final subtitle position: (69, 1580) for center,bottom
[warn] Font Arial-Bold failed: Invalid font Arial-Bold, pillow failed to use it with error cannot open resource
[warn] Font arial.ttf failed: Invalid font arial.ttf, pillow failed to use it with error cannot open resource
[debug] Successfully created TextClip with font: Arial, size: 918x49
[debug] Video: 1080x1920, Subtitle: 942x65, Position: grid
[debug] Final subtitle position: (69, 1600) for center,bottom
[debug] Video: 1080x1920, Subtitle: 942x65, Position: grid
[debug] Final subtitle position: (69, 1600) for center,bottom
[debug] Video: 1080x1920, Subtitle: 942x65, Position: grid
[debug] Final subtitle position: (69, 1600) for center,bottom
[debug] Video: 1080x1920, Subtitle: 942x65, Position: grid
[debug] Final subtitle position: (69, 1600) for center,bottom
[debug] Video: 1080x1920, Subtitle: 942x65, Position: grid
[debug] Final subtitle position: (69, 1600) for center,bottom
[debug] Video: 1080x1920, Subtitle: 942x65, Position: grid
[debug] Final subtitle position: (69, 1600) for center,bottom
[debug] Video: 1080x1920, Subtitle: 942x65, Position: grid
[debug] Final subtitle position: (69, 1600) for center,bottom
[debug] Video: 1080x1920, Subtitle: 942x65, Position: grid
[debug] Final subtitle position: (69, 1600) for center,bottom
[debug] Video: 1080x1920, Subtitle: 942x65, Position: grid
[debug] Final subtitle position: (69, 1600) for center,bottom
[debug] Video: 1080x1920, Subtitle: 942x65, Position: grid
[debug] Final subtitle position: (69, 1600) for center,bottom
[debug] Video: 1080x1920, Subtitle: 942x65, Position: grid
[debug] Final subtitle position: (69, 1600) for center,bottom
[debug] Video: 1080x1920, Subtitle: 942x65, Position: grid
[debug] Final subtitle position: (69, 1600) for center,bottom
[debug] Video: 1080x1920, Subtitle: 942x65, Position: grid
[debug] Final subtitle position: (69, 1600) for center,bottom
[debug] Video: 1080x1920, Subtitle: 942x65, Position: grid
[debug] Final subtitle position: (69, 1600) for center,bottom
[debug] Video: 1080x1920, Subtitle: 942x65, Position: grid
[debug] Final subtitle position: (69, 1600) for center,bottom
[debug] Video: 1080x1920, Subtitle: 942x65, Position: grid
[debug] Final subtitle position: (69, 1600) for center,bottom
[debug] Video: 1080x1920, Subtitle: 942x65, Position: grid
[debug] Final subtitle position: (69, 1600) for center,bottom
[debug] Video: 1080x1920, Subtitle: 942x65, Position: grid
[debug] Final subtitle position: (69, 1600) for center,bottom
[debug] Video: 1080x1920, Subtitle: 942x65, Position: grid
[debug] Final subtitle position: (69, 1600) for center,bottom
[debug] Video: 1080x1920, Subtitle: 942x65, Position: grid
[debug] Final subtitle position: (69, 1600) for center,bottom
[debug] Video: 1080x1920, Subtitle: 942x65, Position: grid
[debug] Final subtitle position: (69, 1600) for center,bottom
[debug] Video: 1080x1920, Subtitle: 942x65, Position: grid
[debug] Final subtitle position: (69, 1600) for center,bottom
[debug] Video: 1080x1920, Subtitle: 942x65, Position: grid
[debug] Final subtitle position: (69, 1600) for center,bottom
[debug] Video: 1080x1920, Subtitle: 942x65, Position: grid
[debug] Final subtitle position: (69, 1600) for center,bottom
[debug] Video: 1080x1920, Subtitle: 942x65, Position: grid
[debug] Final subtitle position: (69, 1600) for center,bottom
[debug] Video: 1080x1920, Subtitle: 942x65, Position: grid
[debug] Final subtitle position: (69, 1600) for center,bottom
[debug] Video: 1080x1920, Subtitle: 942x65, Position: grid
[debug] Final subtitle position: (69, 1600) for center,bottom
[debug] Video: 1080x1920, Subtitle: 942x65, Position: grid
[debug] Final subtitle position: (69, 1600) for center,bottom
[debug] Video: 1080x1920, Subtitle: 942x65, Position: grid
[debug] Final subtitle position: (69, 1600) for center,bottom
[debug] Video: 1080x1920, Subtitle: 942x65, Position: grid
[debug] Final subtitle position: (69, 1600) for center,bottom
[debug] Video: 1080x1920, Subtitle: 942x65, Position: grid
[debug] Final subtitle position: (69, 1600) for center,bottom
[debug] Video: 1080x1920, Subtitle: 942x65, Position: grid
[debug] Final subtitle position: (69, 1600) for center,bottom
[debug] Video: 1080x1920, Subtitle: 942x65, Position: grid
[debug] Final subtitle position: (69, 1600) for center,bottom
[debug] Video: 1080x1920, Subtitle: 942x65, Position: grid
[debug] Final subtitle position: (69, 1600) for center,bottom
[debug] Video: 1080x1920, Subtitle: 942x65, Position: grid
[debug] Final subtitle position: (69, 1600) for center,bottom
[debug] Video: 1080x1920, Subtitle: 942x65, Position: grid
[debug] Final subtitle position: (69, 1600) for center,bottom
[debug] Video: 1080x1920, Subtitle: 942x65, Position: grid
[debug] Final subtitle position: (69, 1600) for center,bottom
[debug] Video: 1080x1920, Subtitle: 942x65, Position: grid
[debug] Final subtitle position: (69, 1600) for center,bottom
[debug] Video: 1080x1920, Subtitle: 942x65, Position: grid
[debug] Final subtitle position: (69, 1600) for center,bottom
[debug] Video: 1080x1920, Subtitle: 942x65, Position: grid
[debug] Final subtitle position: (69, 1600) for center,bottom
[debug] Video: 1080x1920, Subtitle: 942x65, Position: grid
[debug] Final subtitle position: (69, 1600) for center,bottom
[debug] Video: 1080x1920, Subtitle: 942x65, Position: grid
[debug] Final subtitle position: (69, 1600) for center,bottom
[debug] Video: 1080x1920, Subtitle: 942x65, Position: grid
[debug] Final subtitle position: (69, 1600) for center,bottom
[debug] Video: 1080x1920, Subtitle: 942x65, Position: grid
[debug] Final subtitle position: (69, 1600) for center,bottom
[debug] Video: 1080x1920, Subtitle: 942x65, Position: grid
[debug] Final subtitle position: (69, 1600) for center,bottom
[debug] Video: 1080x1920, Subtitle: 942x65, Position: grid
[debug] Final subtitle position: (69, 1600) for center,bottom
[debug] Video: 1080x1920, Subtitle: 942x65, Position: grid
[debug] Final subtitle position: (69, 1600) for center,bottom
[debug] Video: 1080x1920, Subtitle: 942x65, Position: grid
[debug] Final subtitle position: (69, 1600) for center,bottom
[debug] Video: 1080x1920, Subtitle: 942x65, Position: grid
[debug] Final subtitle position: (69, 1600) for center,bottom
[debug] Video: 1080x1920, Subtitle: 942x65, Position: grid
[debug] Final subtitle position: (69, 1600) for center,bottom
[warn] Font Arial-Bold failed: Invalid font Arial-Bold, pillow failed to use it with error cannot open resource
[warn] Font arial.ttf failed: Invalid font arial.ttf, pillow failed to use it with error cannot open resource
[debug] Successfully created TextClip with font: Arial, size: 918x81
[debug] Video: 1080x1920, Subtitle: 942x97, Position: grid
[debug] Final subtitle position: (69, 1584) for center,bottom
[debug] Video: 1080x1920, Subtitle: 942x97, Position: grid
[debug] Final subtitle position: (69, 1584) for center,bottom
[debug] Video: 1080x1920, Subtitle: 942x97, Position: grid
[debug] Final subtitle position: (69, 1584) for center,bottom
[debug] Video: 1080x1920, Subtitle: 942x97, Position: grid
[debug] Final subtitle position: (69, 1584) for center,bottom
[debug] Video: 1080x1920, Subtitle: 942x97, Position: grid
[debug] Final subtitle position: (69, 1584) for center,bottom
[debug] Video: 1080x1920, Subtitle: 942x97, Position: grid
[debug] Final subtitle position: (69, 1584) for center,bottom
[debug] Video: 1080x1920, Subtitle: 942x97, Position: grid
[debug] Final subtitle position: (69, 1584) for center,bottom
[debug] Video: 1080x1920, Subtitle: 942x97, Position: grid
[debug] Final subtitle position: (69, 1584) for center,bottom
[debug] Video: 1080x1920, Subtitle: 942x97, Position: grid
[debug] Final subtitle position: (69, 1584) for center,bottom
[debug] Video: 1080x1920, Subtitle: 942x97, Position: grid
[debug] Final subtitle position: (69, 1584) for center,bottom
[debug] Video: 1080x1920, Subtitle: 942x97, Position: grid
[debug] Final subtitle position: (69, 1584) for center,bottom
[debug] Video: 1080x1920, Subtitle: 942x97, Position: grid
[debug] Final subtitle position: (69, 1584) for center,bottom
[debug] Video: 1080x1920, Subtitle: 942x97, Position: grid
[debug] Final subtitle position: (69, 1584) for center,bottom
[debug] Video: 1080x1920, Subtitle: 942x97, Position: grid
[debug] Final subtitle position: (69, 1584) for center,bottom
[debug] Video: 1080x1920, Subtitle: 942x97, Position: grid
[debug] Final subtitle position: (69, 1584) for center,bottom
[debug] Video: 1080x1920, Subtitle: 942x97, Position: grid
[debug] Final subtitle position: (69, 1584) for center,bottom
[debug] Video: 1080x1920, Subtitle: 942x97, Position: grid
[debug] Final subtitle position: (69, 1584) for center,bottom
[debug] Video: 1080x1920, Subtitle: 942x97, Position: grid
[debug] Final subtitle position: (69, 1584) for center,bottom
[debug] Video: 1080x1920, Subtitle: 942x97, Position: grid
[debug] Final subtitle position: (69, 1584) for center,bottom
[debug] Video: 1080x1920, Subtitle: 942x97, Position: grid
[debug] Final subtitle position: (69, 1584) for center,bottom
[debug] Video: 1080x1920, Subtitle: 942x97, Position: grid
[debug] Final subtitle position: (69, 1584) for center,bottom
[debug] Video: 1080x1920, Subtitle: 942x97, Position: grid
[debug] Final subtitle position: (69, 1584) for center,bottom
[debug] Video: 1080x1920, Subtitle: 942x97, Position: grid
[debug] Final subtitle position: (69, 1584) for center,bottom
[debug] Video: 1080x1920, Subtitle: 942x97, Position: grid
[debug] Final subtitle position: (69, 1584) for center,bottom
[debug] Video: 1080x1920, Subtitle: 942x97, Position: grid
[debug] Final subtitle position: (69, 1584) for center,bottom
[debug] Video: 1080x1920, Subtitle: 942x97, Position: grid
[debug] Final subtitle position: (69, 1584) for center,bottom
[debug] Video: 1080x1920, Subtitle: 942x97, Position: grid
[debug] Final subtitle position: (69, 1584) for center,bottom
[debug] Video: 1080x1920, Subtitle: 942x97, Position: grid
[debug] Final subtitle position: (69, 1584) for center,bottom
[debug] Video: 1080x1920, Subtitle: 942x97, Position: grid
[debug] Final subtitle position: (69, 1584) for center,bottom
[debug] Video: 1080x1920, Subtitle: 942x97, Position: grid
[debug] Final subtitle position: (69, 1584) for center,bottom
[debug] Video: 1080x1920, Subtitle: 942x97, Position: grid
[debug] Final subtitle position: (69, 1584) for center,bottom
[debug] Video: 1080x1920, Subtitle: 942x97, Position: grid
[debug] Final subtitle position: (69, 1584) for center,bottom
[debug] Video: 1080x1920, Subtitle: 942x97, Position: grid
[debug] Final subtitle position: (69, 1584) for center,bottom
[debug] Video: 1080x1920, Subtitle: 942x97, Position: grid
[debug] Final subtitle position: (69, 1584) for center,bottom
[debug] Video: 1080x1920, Subtitle: 942x97, Position: grid
[debug] Final subtitle position: (69, 1584) for center,bottom
[debug] Video: 1080x1920, Subtitle: 942x97, Position: grid
[debug] Final subtitle position: (69, 1584) for center,bottom
[debug] Video: 1080x1920, Subtitle: 942x97, Position: grid
[debug] Final subtitle position: (69, 1584) for center,bottom
[debug] Video: 1080x1920, Subtitle: 942x97, Position: grid
[debug] Final subtitle position: (69, 1584) for center,bottom
[debug] Video: 1080x1920, Subtitle: 942x97, Position: grid
[debug] Final subtitle position: (69, 1584) for center,bottom
[debug] Video: 1080x1920, Subtitle: 942x97, Position: grid
[debug] Final subtitle position: (69, 1584) for center,bottom
[debug] Video: 1080x1920, Subtitle: 942x97, Position: grid
[debug] Final subtitle position: (69, 1584) for center,bottom
[debug] Video: 1080x1920, Subtitle: 942x97, Position: grid
[debug] Final subtitle position: (69, 1584) for center,bottom
[debug] Video: 1080x1920, Subtitle: 942x97, Position: grid
[debug] Final subtitle position: (69, 1584) for center,bottom
[debug] Video: 1080x1920, Subtitle: 942x97, Position: grid
[debug] Final subtitle position: (69, 1584) for center,bottom
[debug] Video: 1080x1920, Subtitle: 942x97, Position: grid
[debug] Final subtitle position: (69, 1584) for center,bottom
[debug] Video: 1080x1920, Subtitle: 942x97, Position: grid
[debug] Final subtitle position: (69, 1584) for center,bottom
[debug] Video: 1080x1920, Subtitle: 942x97, Position: grid
[debug] Final subtitle position: (69, 1584) for center,bottom
[debug] Video: 1080x1920, Subtitle: 942x97, Position: grid
[debug] Final subtitle position: (69, 1584) for center,bottom
[debug] Video: 1080x1920, Subtitle: 942x97, Position: grid
[debug] Final subtitle position: (69, 1584) for center,bottom
[debug] Video: 1080x1920, Subtitle: 942x97, Position: grid
[debug] Final subtitle position: (69, 1584) for center,bottom
[debug] Video: 1080x1920, Subtitle: 942x97, Position: grid
[debug] Final subtitle position: (69, 1584) for center,bottom
[debug] Video: 1080x1920, Subtitle: 942x97, Position: grid
[debug] Final subtitle position: (69, 1584) for center,bottom
[debug] Video: 1080x1920, Subtitle: 942x97, Position: grid
[debug] Final subtitle position: (69, 1584) for center,bottom
[debug] Video: 1080x1920, Subtitle: 942x97, Position: grid
[debug] Final subtitle position: (69, 1584) for center,bottom
[debug] Video: 1080x1920, Subtitle: 942x97, Position: grid
[debug] Final subtitle position: (69, 1584) for center,bottom
[debug] Video: 1080x1920, Subtitle: 942x97, Position: grid
[debug] Final subtitle position: (69, 1584) for center,bottom
[debug] Video: 1080x1920, Subtitle: 942x97, Position: grid
[debug] Final subtitle position: (69, 1584) for center,bottom
[debug] Video: 1080x1920, Subtitle: 942x97, Position: grid
[debug] Final subtitle position: (69, 1584) for center,bottom
[debug] Video: 1080x1920, Subtitle: 942x97, Position: grid
[debug] Final subtitle position: (69, 1584) for center,bottom
[debug] Video: 1080x1920, Subtitle: 942x97, Position: grid
[debug] Final subtitle position: (69, 1584) for center,bottom
[debug] Video: 1080x1920, Subtitle: 942x97, Position: grid
[debug] Final subtitle position: (69, 1584) for center,bottom
[debug] Video: 1080x1920, Subtitle: 942x97, Position: grid
[debug] Final subtitle position: (69, 1584) for center,bottom
[debug] Video: 1080x1920, Subtitle: 942x97, Position: grid
[debug] Final subtitle position: (69, 1584) for center,bottom
[debug] Video: 1080x1920, Subtitle: 942x97, Position: grid
[debug] Final subtitle position: (69, 1584) for center,bottom
[debug] Video: 1080x1920, Subtitle: 942x97, Position: grid
[debug] Final subtitle position: (69, 1584) for center,bottom
[debug] Video: 1080x1920, Subtitle: 942x97, Position: grid
[debug] Final subtitle position: (69, 1584) for center,bottom
[debug] Video: 1080x1920, Subtitle: 942x97, Position: grid
[debug] Final subtitle position: (69, 1584) for center,bottom
[debug] Video: 1080x1920, Subtitle: 942x97, Position: grid
[debug] Final subtitle position: (69, 1584) for center,bottom
[debug] Video: 1080x1920, Subtitle: 942x97, Position: grid
[debug] Final subtitle position: (69, 1584) for center,bottom
[debug] Video: 1080x1920, Subtitle: 942x97, Position: grid
[debug] Final subtitle position: (69, 1584) for center,bottom
[debug] Video: 1080x1920, Subtitle: 942x97, Position: grid
[debug] Final subtitle position: (69, 1584) for center,bottom
[debug] Video: 1080x1920, Subtitle: 942x97, Position: grid
[debug] Final subtitle position: (69, 1584) for center,bottom
[debug] Video: 1080x1920, Subtitle: 942x97, Position: grid
[debug] Final subtitle position: (69, 1584) for center,bottom
[debug] Video: 1080x1920, Subtitle: 942x97, Position: grid
[debug] Final subtitle position: (69, 1584) for center,bottom
[debug] Video: 1080x1920, Subtitle: 942x97, Position: grid
[debug] Final subtitle position: (69, 1584) for center,bottom
[debug] Video: 1080x1920, Subtitle: 942x97, Position: grid
[debug] Final subtitle position: (69, 1584) for center,bottom
[debug] Video: 1080x1920, Subtitle: 942x97, Position: grid
[debug] Final subtitle position: (69, 1584) for center,bottom
[debug] Video: 1080x1920, Subtitle: 942x97, Position: grid
[debug] Final subtitle position: (69, 1584) for center,bottom
[debug] Video: 1080x1920, Subtitle: 942x97, Position: grid
[debug] Final subtitle position: (69, 1584) for center,bottom
[debug] Video: 1080x1920, Subtitle: 942x97, Position: grid
[debug] Final subtitle position: (69, 1584) for center,bottom
[debug] Video: 1080x1920, Subtitle: 942x97, Position: grid
[debug] Final subtitle position: (69, 1584) for center,bottom
[debug] Video: 1080x1920, Subtitle: 942x97, Position: grid
[debug] Final subtitle position: (69, 1584) for center,bottom
[debug] Video: 1080x1920, Subtitle: 942x97, Position: grid
[debug] Final subtitle position: (69, 1584) for center,bottom
[debug] Video: 1080x1920, Subtitle: 942x97, Position: grid
[debug] Final subtitle position: (69, 1584) for center,bottom
[debug] Video: 1080x1920, Subtitle: 942x97, Position: grid
[debug] Final subtitle position: (69, 1584) for center,bottom
[debug] Video: 1080x1920, Subtitle: 942x97, Position: grid
[debug] Final subtitle position: (69, 1584) for center,bottom
[debug] Video: 1080x1920, Subtitle: 942x97, Position: grid
[debug] Final subtitle position: (69, 1584) for center,bottom
[debug] Video: 1080x1920, Subtitle: 942x97, Position: grid
[debug] Final subtitle position: (69, 1584) for center,bottom
[debug] Video: 1080x1920, Subtitle: 942x97, Position: grid
[debug] Final subtitle position: (69, 1584) for center,bottom
[debug] Video: 1080x1920, Subtitle: 942x97, Position: grid
[debug] Final subtitle position: (69, 1584) for center,bottom
[debug] Video: 1080x1920, Subtitle: 942x97, Position: grid
[debug] Final subtitle position: (69, 1584) for center,bottom
[debug] Video: 1080x1920, Subtitle: 942x97, Position: grid
[debug] Final subtitle position: (69, 1584) for center,bottom
[debug] Video: 1080x1920, Subtitle: 942x97, Position: grid
[debug] Final subtitle position: (69, 1584) for center,bottom
[debug] Video: 1080x1920, Subtitle: 942x97, Position: grid
[debug] Final subtitle position: (69, 1584) for center,bottom
[debug] Video: 1080x1920, Subtitle: 942x97, Position: grid
[debug] Final subtitle position: (69, 1584) for center,bottom
[debug] Video: 1080x1920, Subtitle: 942x97, Position: grid
[debug] Final subtitle position: (69, 1584) for center,bottom
[debug] Video: 1080x1920, Subtitle: 942x97, Position: grid
[debug] Final subtitle position: (69, 1584) for center,bottom
[debug] Video: 1080x1920, Subtitle: 942x97, Position: grid
[debug] Final subtitle position: (69, 1584) for center,bottom
[debug] Video: 1080x1920, Subtitle: 942x97, Position: grid
[debug] Final subtitle position: (69, 1584) for center,bottom
[debug] Video: 1080x1920, Subtitle: 942x97, Position: grid
[debug] Final subtitle position: (69, 1584) for center,bottom
[debug] Video: 1080x1920, Subtitle: 942x97, Position: grid
[debug] Final subtitle position: (69, 1584) for center,bottom
[debug] Video: 1080x1920, Subtitle: 942x97, Position: grid
[debug] Final subtitle position: (69, 1584) for center,bottom
[debug] Video: 1080x1920, Subtitle: 942x97, Position: grid
[debug] Final subtitle position: (69, 1584) for center,bottom
[debug] Video: 1080x1920, Subtitle: 942x97, Position: grid
[debug] Final subtitle position: (69, 1584) for center,bottom
[debug] Video: 1080x1920, Subtitle: 942x97, Position: grid
[debug] Final subtitle position: (69, 1584) for center,bottom
[debug] Video: 1080x1920, Subtitle: 942x97, Position: grid
[debug] Final subtitle position: (69, 1584) for center,bottom
[debug] Video: 1080x1920, Subtitle: 942x97, Position: grid
[debug] Final subtitle position: (69, 1584) for center,bottom
[debug] Video: 1080x1920, Subtitle: 942x97, Position: grid
[debug] Final subtitle position: (69, 1584) for center,bottom
[debug] Video: 1080x1920, Subtitle: 942x97, Position: grid
[debug] Final subtitle position: (69, 1584) for center,bottom
[debug] Video: 1080x1920, Subtitle: 942x97, Position: grid
[debug] Final subtitle position: (69, 1584) for center,bottom
[debug] Video: 1080x1920, Subtitle: 942x97, Position: grid
[debug] Final subtitle position: (69, 1584) for center,bottom
[debug] Video: 1080x1920, Subtitle: 942x97, Position: grid
[debug] Final subtitle position: (69, 1584) for center,bottom
[debug] Video: 1080x1920, Subtitle: 942x97, Position: grid
[debug] Final subtitle position: (69, 1584) for center,bottom
[debug] Video: 1080x1920, Subtitle: 942x97, Position: grid
[debug] Final subtitle position: (69, 1584) for center,bottom
[debug] Video: 1080x1920, Subtitle: 942x97, Position: grid
[debug] Final subtitle position: (69, 1584) for center,bottom
[debug] Video: 1080x1920, Subtitle: 942x97, Position: grid
[debug] Final subtitle position: (69, 1584) for center,bottom
[debug] Video: 1080x1920, Subtitle: 942x97, Position: grid
[debug] Final subtitle position: (69, 1584) for center,bottom
[debug] Video: 1080x1920, Subtitle: 942x97, Position: grid
[debug] Final subtitle position: (69, 1584) for center,bottom
[debug] Video: 1080x1920, Subtitle: 942x97, Position: grid
[debug] Final subtitle position: (69, 1584) for center,bottom
[debug] Video: 1080x1920, Subtitle: 942x97, Position: grid
[debug] Final subtitle position: (69, 1584) for center,bottom
[debug] Video: 1080x1920, Subtitle: 942x97, Position: grid
[debug] Final subtitle position: (69, 1584) for center,bottom
[debug] Video: 1080x1920, Subtitle: 942x97, Position: grid
[debug] Final subtitle position: (69, 1584) for center,bottom
[debug] Video: 1080x1920, Subtitle: 942x97, Position: grid
[debug] Final subtitle position: (69, 1584) for center,bottom
[debug] Video: 1080x1920, Subtitle: 942x97, Position: grid
[debug] Final subtitle position: (69, 1584) for center,bottom
[debug] Video: 1080x1920, Subtitle: 942x97, Position: grid
[debug] Final subtitle position: (69, 1584) for center,bottom
[debug] Video: 1080x1920, Subtitle: 942x97, Position: grid
[debug] Final subtitle position: (69, 1584) for center,bottom
[debug] Video: 1080x1920, Subtitle: 942x97, Position: grid
[debug] Final subtitle position: (69, 1584) for center,bottom
[debug] Video: 1080x1920, Subtitle: 942x97, Position: grid
[debug] Final subtitle position: (69, 1584) for center,bottom
[debug] Video: 1080x1920, Subtitle: 942x97, Position: grid
[debug] Final subtitle position: (69, 1584) for center,bottom
[debug] Video: 1080x1920, Subtitle: 942x97, Position: grid
[debug] Final subtitle position: (69, 1584) for center,bottom
[debug] Video: 1080x1920, Subtitle: 942x97, Position: grid
[debug] Final subtitle position: (69, 1584) for center,bottom
[debug] Video: 1080x1920, Subtitle: 942x97, Position: grid
[debug] Final subtitle position: (69, 1584) for center,bottom
[debug] Video: 1080x1920, Subtitle: 942x97, Position: grid
[debug] Final subtitle position: (69, 1584) for center,bottom
[debug] Video: 1080x1920, Subtitle: 942x97, Position: grid
[debug] Final subtitle position: (69, 1584) for center,bottom
[debug] Video: 1080x1920, Subtitle: 942x97, Position: grid
[debug] Final subtitle position: (69, 1584) for center,bottom
[debug] Video: 1080x1920, Subtitle: 942x97, Position: grid
[debug] Final subtitle position: (69, 1584) for center,bottom
[debug] Video: 1080x1920, Subtitle: 942x97, Position: grid
[debug] Final subtitle position: (69, 1584) for center,bottom
[debug] Video: 1080x1920, Subtitle: 942x97, Position: grid
[debug] Final subtitle position: (69, 1584) for center,bottom
[debug] Video: 1080x1920, Subtitle: 942x97, Position: grid
[debug] Final subtitle position: (69, 1584) for center,bottom
[debug] Video: 1080x1920, Subtitle: 942x97, Position: grid
[debug] Final subtitle position: (69, 1584) for center,bottom
[debug] Video: 1080x1920, Subtitle: 942x97, Position: grid
[debug] Final subtitle position: (69, 1584) for center,bottom
[debug] Video: 1080x1920, Subtitle: 942x97, Position: grid
[debug] Final subtitle position: (69, 1584) for center,bottom
[debug] Video: 1080x1920, Subtitle: 942x97, Position: grid
[debug] Final subtitle position: (69, 1584) for center,bottom
[debug] Video: 1080x1920, Subtitle: 942x97, Position: grid
[debug] Final subtitle position: (69, 1584) for center,bottom
[debug] Video: 1080x1920, Subtitle: 942x97, Position: grid
[debug] Final subtitle position: (69, 1584) for center,bottom
[debug] Video: 1080x1920, Subtitle: 942x97, Position: grid
[debug] Final subtitle position: (69, 1584) for center,bottom
[debug] Video: 1080x1920, Subtitle: 942x97, Position: grid
[debug] Final subtitle position: (69, 1584) for center,bottom
[debug] Video: 1080x1920, Subtitle: 942x97, Position: grid
[debug] Final subtitle position: (69, 1584) for center,bottom
[debug] Video: 1080x1920, Subtitle: 942x97, Position: grid
[debug] Final subtitle position: (69, 1584) for center,bottom
[debug] Video: 1080x1920, Subtitle: 942x97, Position: grid
[debug] Final subtitle position: (69, 1584) for center,bottom
[debug] Video: 1080x1920, Subtitle: 942x97, Position: grid
[debug] Final subtitle position: (69, 1584) for center,bottom
[debug] Video: 1080x1920, Subtitle: 942x97, Position: grid
[debug] Final subtitle position: (69, 1584) for center,bottom
[debug] Video: 1080x1920, Subtitle: 942x97, Position: grid
[debug] Final subtitle position: (69, 1584) for center,bottom
[debug] Video: 1080x1920, Subtitle: 942x97, Position: grid
[debug] Final subtitle position: (69, 1584) for center,bottom
[debug] Video: 1080x1920, Subtitle: 942x97, Position: grid
[debug] Final subtitle position: (69, 1584) for center,bottom
[debug] Video: 1080x1920, Subtitle: 942x97, Position: grid
[debug] Final subtitle position: (69, 1584) for center,bottom
[debug] Video: 1080x1920, Subtitle: 942x97, Position: grid
[debug] Final subtitle position: (69, 1584) for center,bottom
[debug] Video: 1080x1920, Subtitle: 942x97, Position: grid
[debug] Final subtitle position: (69, 1584) for center,bottom
[debug] Video: 1080x1920, Subtitle: 942x97, Position: grid
[debug] Final subtitle position: (69, 1584) for center,bottom
[debug] Video: 1080x1920, Subtitle: 942x97, Position: grid
[debug] Final subtitle position: (69, 1584) for center,bottom
[debug] Video: 1080x1920, Subtitle: 942x97, Position: grid
[debug] Final subtitle position: (69, 1584) for center,bottom
[debug] Video: 1080x1920, Subtitle: 942x97, Position: grid
[debug] Final subtitle position: (69, 1584) for center,bottom
[debug] Video: 1080x1920, Subtitle: 942x97, Position: grid
[debug] Final subtitle position: (69, 1584) for center,bottom
[debug] Video: 1080x1920, Subtitle: 942x97, Position: grid
[debug] Final subtitle position: (69, 1584) for center,bottom
[debug] Video: 1080x1920, Subtitle: 942x97, Position: grid
[debug] Final subtitle position: (69, 1584) for center,bottom
[debug] Video: 1080x1920, Subtitle: 942x97, Position: grid
[debug] Final subtitle position: (69, 1584) for center,bottom
[debug] Video: 1080x1920, Subtitle: 942x97, Position: grid
[debug] Final subtitle position: (69, 1584) for center,bottom
[debug] Video: 1080x1920, Subtitle: 942x97, Position: grid
[debug] Final subtitle position: (69, 1584) for center,bottom
[debug] Video: 1080x1920, Subtitle: 942x97, Position: grid
[debug] Final subtitle position: (69, 1584) for center,bottom
[debug] Video: 1080x1920, Subtitle: 942x97, Position: grid
[debug] Final subtitle position: (69, 1584) for center,bottom
[debug] Video: 1080x1920, Subtitle: 942x97, Position: grid
[debug] Final subtitle position: (69, 1584) for center,bottom
[debug] Video: 1080x1920, Subtitle: 942x97, Position: grid
[debug] Final subtitle position: (69, 1584) for center,bottom
[debug] Video: 1080x1920, Subtitle: 942x97, Position: grid
[debug] Final subtitle position: (69, 1584) for center,bottom
[debug] Video: 1080x1920, Subtitle: 942x97, Position: grid
[debug] Final subtitle position: (69, 1584) for center,bottom
[debug] Video: 1080x1920, Subtitle: 942x97, Position: grid
[debug] Final subtitle position: (69, 1584) for center,bottom
[debug] Video: 1080x1920, Subtitle: 942x97, Position: grid
[debug] Final subtitle position: (69, 1584) for center,bottom
[debug] Video: 1080x1920, Subtitle: 942x97, Position: grid
[debug] Final subtitle position: (69, 1584) for center,bottom
[debug] Video: 1080x1920, Subtitle: 942x97, Position: grid
[debug] Final subtitle position: (69, 1584) for center,bottom
[debug] Video: 1080x1920, Subtitle: 942x97, Position: grid
[debug] Final subtitle position: (69, 1584) for center,bottom
[debug] Video: 1080x1920, Subtitle: 942x97, Position: grid
[debug] Final subtitle position: (69, 1584) for center,bottom
[debug] Video: 1080x1920, Subtitle: 942x97, Position: grid
[debug] Final subtitle position: (69, 1584) for center,bottom
[debug] Video: 1080x1920, Subtitle: 942x97, Position: grid
[debug] Final subtitle position: (69, 1584) for center,bottom
[debug] Video: 1080x1920, Subtitle: 942x97, Position: grid
[debug] Final subtitle position: (69, 1584) for center,bottom
[debug] Video: 1080x1920, Subtitle: 942x97, Position: grid
[debug] Final subtitle position: (69, 1584) for center,bottom
[debug] Video: 1080x1920, Subtitle: 942x97, Position: grid
[debug] Final subtitle position: (69, 1584) for center,bottom
[debug] Video: 1080x1920, Subtitle: 942x97, Position: grid
[debug] Final subtitle position: (69, 1584) for center,bottom
[debug] Video: 1080x1920, Subtitle: 942x97, Position: grid
[debug] Final subtitle position: (69, 1584) for center,bottom
[debug] Video: 1080x1920, Subtitle: 942x97, Position: grid
[debug] Final subtitle position: (69, 1584) for center,bottom
[debug] Video: 1080x1920, Subtitle: 942x97, Position: grid
[debug] Final subtitle position: (69, 1584) for center,bottom
[debug] Video: 1080x1920, Subtitle: 942x97, Position: grid
[debug] Final subtitle position: (69, 1584) for center,bottom
[debug] Video: 1080x1920, Subtitle: 942x97, Position: grid
[debug] Final subtitle position: (69, 1584) for center,bottom
[debug] Video: 1080x1920, Subtitle: 942x97, Position: grid
[debug] Final subtitle position: (69, 1584) for center,bottom
[debug] Video: 1080x1920, Subtitle: 942x97, Position: grid
[debug] Final subtitle position: (69, 1584) for center,bottom
[debug] Video: 1080x1920, Subtitle: 942x97, Position: grid
[debug] Final subtitle position: (69, 1584) for center,bottom
[debug] Video: 1080x1920, Subtitle: 942x97, Position: grid
[debug] Final subtitle position: (69, 1584) for center,bottom
[debug] Video: 1080x1920, Subtitle: 942x97, Position: grid
[debug] Final subtitle position: (69, 1584) for center,bottom
[debug] Video: 1080x1920, Subtitle: 942x97, Position: grid
[debug] Final subtitle position: (69, 1584) for center,bottom
[debug] Video: 1080x1920, Subtitle: 942x97, Position: grid
[debug] Final subtitle position: (69, 1584) for center,bottom
[debug] Video: 1080x1920, Subtitle: 942x97, Position: grid
[debug] Final subtitle position: (69, 1584) for center,bottom
[debug] Video: 1080x1920, Subtitle: 942x97, Position: grid
[debug] Final subtitle position: (69, 1584) for center,bottom
[debug] Video: 1080x1920, Subtitle: 942x97, Position: grid
[debug] Final subtitle position: (69, 1584) for center,bottom
[debug] Video: 1080x1920, Subtitle: 942x97, Position: grid
[debug] Final subtitle position: (69, 1584) for center,bottom
[debug] Video: 1080x1920, Subtitle: 942x97, Position: grid
[debug] Final subtitle position: (69, 1584) for center,bottom
[debug] Video: 1080x1920, Subtitle: 942x97, Position: grid
[debug] Final subtitle position: (69, 1584) for center,bottom
[debug] Video: 1080x1920, Subtitle: 942x97, Position: grid
[debug] Final subtitle position: (69, 1584) for center,bottom
[debug] Video: 1080x1920, Subtitle: 942x97, Position: grid
[debug] Final subtitle position: (69, 1584) for center,bottom
[debug] Video: 1080x1920, Subtitle: 942x97, Position: grid
[debug] Final subtitle position: (69, 1584) for center,bottom
[debug] Video: 1080x1920, Subtitle: 942x97, Position: grid
[debug] Final subtitle position: (69, 1584) for center,bottom
[debug] Video: 1080x1920, Subtitle: 942x97, Position: grid
[debug] Final subtitle position: (69, 1584) for center,bottom
[debug] Video: 1080x1920, Subtitle: 942x97, Position: grid
[debug] Final subtitle position: (69, 1584) for center,bottom
[debug] Video: 1080x1920, Subtitle: 942x97, Position: grid
[debug] Final subtitle position: (69, 1584) for center,bottom
[debug] Video: 1080x1920, Subtitle: 942x97, Position: grid
[debug] Final subtitle position: (69, 1584) for center,bottom
[debug] Video: 1080x1920, Subtitle: 942x97, Position: grid
[debug] Final subtitle position: (69, 1584) for center,bottom
[debug] Video: 1080x1920, Subtitle: 942x97, Position: grid
[debug] Final subtitle position: (69, 1584) for center,bottom
[debug] Video: 1080x1920, Subtitle: 942x97, Position: grid
[debug] Final subtitle position: (69, 1584) for center,bottom
[debug] Video: 1080x1920, Subtitle: 942x97, Position: grid
[debug] Final subtitle position: (69, 1584) for center,bottom
[debug] Video: 1080x1920, Subtitle: 942x97, Position: grid
[debug] Final subtitle position: (69, 1584) for center,bottom
[debug] Video: 1080x1920, Subtitle: 942x97, Position: grid
[debug] Final subtitle position: (69, 1584) for center,bottom
[debug] Video: 1080x1920, Subtitle: 942x97, Position: grid
[debug] Final subtitle position: (69, 1584) for center,bottom
[debug] Video: 1080x1920, Subtitle: 942x97, Position: grid
[debug] Final subtitle position: (69, 1584) for center,bottom
[debug] Video: 1080x1920, Subtitle: 942x97, Position: grid
[debug] Final subtitle position: (69, 1584) for center,bottom
[debug] Video: 1080x1920, Subtitle: 942x97, Position: grid
[debug] Final subtitle position: (69, 1584) for center,bottom
[debug] Video: 1080x1920, Subtitle: 942x97, Position: grid
[debug] Final subtitle position: (69, 1584) for center,bottom
[debug] Video: 1080x1920, Subtitle: 942x97, Position: grid
[debug] Final subtitle position: (69, 1584) for center,bottom
[debug] Video: 1080x1920, Subtitle: 942x97, Position: grid
[debug] Final subtitle position: (69, 1584) for center,bottom
[debug] Video: 1080x1920, Subtitle: 942x97, Position: grid
[debug] Final subtitle position: (69, 1584) for center,bottom
[debug] Video: 1080x1920, Subtitle: 942x97, Position: grid
[debug] Final subtitle position: (69, 1584) for center,bottom
[debug] Video: 1080x1920, Subtitle: 942x97, Position: grid
[debug] Final subtitle position: (69, 1584) for center,bottom
[debug] Video: 1080x1920, Subtitle: 942x97, Position: grid
[debug] Final subtitle position: (69, 1584) for center,bottom
[debug] Video: 1080x1920, Subtitle: 942x97, Position: grid
[debug] Final subtitle position: (69, 1584) for center,bottom
[debug] Video: 1080x1920, Subtitle: 942x97, Position: grid
[debug] Final subtitle position: (69, 1584) for center,bottom
[debug] Video: 1080x1920, Subtitle: 942x97, Position: grid
[debug] Final subtitle position: (69, 1584) for center,bottom
[debug] Video: 1080x1920, Subtitle: 942x97, Position: grid
[debug] Final subtitle position: (69, 1584) for center,bottom
[debug] Video: 1080x1920, Subtitle: 942x97, Position: grid
[debug] Final subtitle position: (69, 1584) for center,bottom
[debug] Video: 1080x1920, Subtitle: 942x97, Position: grid
[debug] Final subtitle position: (69, 1584) for center,bottom
[debug] Video: 1080x1920, Subtitle: 942x97, Position: grid
[debug] Final subtitle position: (69, 1584) for center,bottom
[debug] Video: 1080x1920, Subtitle: 942x97, Position: grid
[debug] Final subtitle position: (69, 1584) for center,bottom
[debug] Video: 1080x1920, Subtitle: 942x97, Position: grid
[debug] Final subtitle position: (69, 1584) for center,bottom
[debug] Video: 1080x1920, Subtitle: 942x97, Position: grid
[debug] Final subtitle position: (69, 1584) for center,bottom
[debug] Video: 1080x1920, Subtitle: 942x97, Position: grid
[debug] Final subtitle position: (69, 1584) for center,bottom
[debug] Video: 1080x1920, Subtitle: 942x97, Position: grid
[debug] Final subtitle position: (69, 1584) for center,bottom
[debug] Video: 1080x1920, Subtitle: 942x97, Position: grid
[debug] Final subtitle position: (69, 1584) for center,bottom
[debug] Video: 1080x1920, Subtitle: 942x97, Position: grid
[debug] Final subtitle position: (69, 1584) for center,bottom
[debug] Video: 1080x1920, Subtitle: 942x97, Position: grid
[debug] Final subtitle position: (69, 1584) for center,bottom
[debug] Video: 1080x1920, Subtitle: 942x97, Position: grid
[debug] Final subtitle position: (69, 1584) for center,bottom
[debug] Video: 1080x1920, Subtitle: 942x97, Position: grid
[debug] Final subtitle position: (69, 1584) for center,bottom
[debug] Video: 1080x1920, Subtitle: 942x97, Position: grid
[debug] Final subtitle position: (69, 1584) for center,bottom
[debug] Video: 1080x1920, Subtitle: 942x97, Position: grid
[debug] Final subtitle position: (69, 1584) for center,bottom
[debug] Video: 1080x1920, Subtitle: 942x97, Position: grid
[debug] Final subtitle position: (69, 1584) for center,bottom
[debug] Video: 1080x1920, Subtitle: 942x97, Position: grid
[debug] Final subtitle position: (69, 1584) for center,bottom
[debug] Video: 1080x1920, Subtitle: 942x97, Position: grid
[debug] Final subtitle position: (69, 1584) for center,bottom
[debug] Video: 1080x1920, Subtitle: 942x97, Position: grid
[debug] Final subtitle position: (69, 1584) for center,bottom
[debug] Video: 1080x1920, Subtitle: 942x97, Position: grid
[debug] Final subtitle position: (69, 1584) for center,bottom
[debug] Video: 1080x1920, Subtitle: 942x97, Position: grid
[debug] Final subtitle position: (69, 1584) for center,bottom
[debug] Video: 1080x1920, Subtitle: 942x97, Position: grid
[debug] Final subtitle position: (69, 1584) for center,bottom
[debug] Video: 1080x1920, Subtitle: 942x97, Position: grid
[debug] Final subtitle position: (69, 1584) for center,bottom
[debug] Video: 1080x1920, Subtitle: 942x97, Position: grid
[debug] Final subtitle position: (69, 1584) for center,bottom
[debug] Video: 1080x1920, Subtitle: 942x97, Position: grid
[debug] Final subtitle position: (69, 1584) for center,bottom
[debug] Video: 1080x1920, Subtitle: 942x97, Position: grid
[debug] Final subtitle position: (69, 1584) for center,bottom
[debug] Video: 1080x1920, Subtitle: 942x97, Position: grid
[debug] Final subtitle position: (69, 1584) for center,bottom
[debug] Video: 1080x1920, Subtitle: 942x97, Position: grid
[debug] Final subtitle position: (69, 1584) for center,bottom
[debug] Video: 1080x1920, Subtitle: 942x97, Position: grid
[debug] Final subtitle position: (69, 1584) for center,bottom
[debug] Video: 1080x1920, Subtitle: 942x97, Position: grid
[debug] Final subtitle position: (69, 1584) for center,bottom
[debug] Video: 1080x1920, Subtitle: 942x97, Position: grid
[debug] Final subtitle position: (69, 1584) for center,bottom
[debug] Video: 1080x1920, Subtitle: 942x97, Position: grid
[debug] Final subtitle position: (69, 1584) for center,bottom
[debug] Video: 1080x1920, Subtitle: 942x97, Position: grid
[debug] Final subtitle position: (69, 1584) for center,bottom
[debug] Video: 1080x1920, Subtitle: 942x97, Position: grid
[debug] Final subtitle position: (69, 1584) for center,bottom
[debug] Video: 1080x1920, Subtitle: 942x97, Position: grid
[debug] Final subtitle position: (69, 1584) for center,bottom
[debug] Video: 1080x1920, Subtitle: 942x97, Position: grid
[debug] Final subtitle position: (69, 1584) for center,bottom
[debug] Video: 1080x1920, Subtitle: 942x97, Position: grid
[debug] Final subtitle position: (69, 1584) for center,bottom
[debug] Video: 1080x1920, Subtitle: 942x97, Position: grid
[debug] Final subtitle position: (69, 1584) for center,bottom
[debug] Video: 1080x1920, Subtitle: 942x97, Position: grid
[debug] Final subtitle position: (69, 1584) for center,bottom
[debug] Video: 1080x1920, Subtitle: 942x97, Position: grid
[debug] Final subtitle position: (69, 1584) for center,bottom
[debug] Video: 1080x1920, Subtitle: 942x97, Position: grid
[debug] Final subtitle position: (69, 1584) for center,bottom
[debug] Video: 1080x1920, Subtitle: 942x97, Position: grid
[debug] Final subtitle position: (69, 1584) for center,bottom
[debug] Video: 1080x1920, Subtitle: 942x97, Position: grid
[debug] Final subtitle position: (69, 1584) for center,bottom
[debug] Video: 1080x1920, Subtitle: 942x97, Position: grid
[debug] Final subtitle position: (69, 1584) for center,bottom
[debug] Video: 1080x1920, Subtitle: 942x97, Position: grid
[debug] Final subtitle position: (69, 1584) for center,bottom
[debug] Video: 1080x1920, Subtitle: 942x97, Position: grid
[debug] Final subtitle position: (69, 1584) for center,bottom
[debug] Video: 1080x1920, Subtitle: 942x97, Position: grid
[debug] Final subtitle position: (69, 1584) for center,bottom
[debug] Video: 1080x1920, Subtitle: 942x97, Position: grid
[debug] Final subtitle position: (69, 1584) for center,bottom
[debug] Video: 1080x1920, Subtitle: 942x97, Position: grid
[debug] Final subtitle position: (69, 1584) for center,bottom
[debug] Video: 1080x1920, Subtitle: 942x97, Position: grid
[debug] Final subtitle position: (69, 1584) for center,bottom
[debug] Video: 1080x1920, Subtitle: 942x97, Position: grid
[debug] Final subtitle position: (69, 1584) for center,bottom
[debug] Video: 1080x1920, Subtitle: 942x97, Position: grid
[debug] Final subtitle position: (69, 1584) for center,bottom
[debug] Video: 1080x1920, Subtitle: 942x97, Position: grid
[debug] Final subtitle position: (69, 1584) for center,bottom
[debug] Video: 1080x1920, Subtitle: 942x97, Position: grid
[debug] Final subtitle position: (69, 1584) for center,bottom
[debug] Video: 1080x1920, Subtitle: 942x97, Position: grid
[debug] Final subtitle position: (69, 1584) for center,bottom
[debug] Video: 1080x1920, Subtitle: 942x97, Position: grid
[debug] Final subtitle position: (69, 1584) for center,bottom
[debug] Video: 1080x1920, Subtitle: 942x97, Position: grid
[debug] Final subtitle position: (69, 1584) for center,bottom
[debug] Video: 1080x1920, Subtitle: 942x97, Position: grid
[debug] Final subtitle position: (69, 1584) for center,bottom
[debug] Video: 1080x1920, Subtitle: 942x97, Position: grid
[debug] Final subtitle position: (69, 1584) for center,bottom
[warn] Font Arial-Bold failed: Invalid font Arial-Bold, pillow failed to use it with error cannot open resource
[warn] Font arial.ttf failed: Invalid font arial.ttf, pillow failed to use it with error cannot open resource
[debug] Successfully created TextClip with font: Arial, size: 918x49
[debug] Video: 1080x1920, Subtitle: 942x65, Position: grid
[debug] Final subtitle position: (69, 1600) for center,bottom
[debug] Video: 1080x1920, Subtitle: 942x65, Position: grid
[debug] Final subtitle position: (69, 1600) for center,bottom
[debug] Video: 1080x1920, Subtitle: 942x65, Position: grid
[debug] Final subtitle position: (69, 1600) for center,bottom
[debug] Video: 1080x1920, Subtitle: 942x65, Position: grid
[debug] Final subtitle position: (69, 1600) for center,bottom
[debug] Video: 1080x1920, Subtitle: 942x65, Position: grid
[debug] Final subtitle position: (69, 1600) for center,bottom
[debug] Video: 1080x1920, Subtitle: 942x65, Position: grid
[debug] Final subtitle position: (69, 1600) for center,bottom
[debug] Video: 1080x1920, Subtitle: 942x65, Position: grid
[debug] Final subtitle position: (69, 1600) for center,bottom
[debug] Video: 1080x1920, Subtitle: 942x65, Position: grid
[debug] Final subtitle position: (69, 1600) for center,bottom
[debug] Video: 1080x1920, Subtitle: 942x65, Position: grid
[debug] Final subtitle position: (69, 1600) for center,bottom
[debug] Video: 1080x1920, Subtitle: 942x65, Position: grid
[debug] Final subtitle position: (69, 1600) for center,bottom
[debug] Video: 1080x1920, Subtitle: 942x65, Position: grid
[debug] Final subtitle position: (69, 1600) for center,bottom
[debug] Video: 1080x1920, Subtitle: 942x65, Position: grid
[debug] Final subtitle position: (69, 1600) for center,bottom
[debug] Video: 1080x1920, Subtitle: 942x65, Position: grid
[debug] Final subtitle position: (69, 1600) for center,bottom
[debug] Video: 1080x1920, Subtitle: 942x65, Position: grid
[debug] Final subtitle position: (69, 1600) for center,bottom
[debug] Video: 1080x1920, Subtitle: 942x65, Position: grid
[debug] Final subtitle position: (69, 1600) for center,bottom
[debug] Video: 1080x1920, Subtitle: 942x65, Position: grid
[debug] Final subtitle position: (69, 1600) for center,bottom
[debug] Video: 1080x1920, Subtitle: 942x65, Position: grid
[debug] Final subtitle position: (69, 1600) for center,bottom
[debug] Video: 1080x1920, Subtitle: 942x65, Position: grid
[debug] Final subtitle position: (69, 1600) for center,bottom
[debug] Video: 1080x1920, Subtitle: 942x65, Position: grid
[debug] Final subtitle position: (69, 1600) for center,bottom
[debug] Video: 1080x1920, Subtitle: 942x65, Position: grid
[debug] Final subtitle position: (69, 1600) for center,bottom
[debug] Video: 1080x1920, Subtitle: 942x65, Position: grid
[debug] Final subtitle position: (69, 1600) for center,bottom
[debug] Video: 1080x1920, Subtitle: 942x65, Position: grid
[debug] Final subtitle position: (69, 1600) for center,bottom
[debug] Video: 1080x1920, Subtitle: 942x65, Position: grid
[debug] Final subtitle position: (69, 1600) for center,bottom
[debug] Video: 1080x1920, Subtitle: 942x65, Position: grid
[debug] Final subtitle position: (69, 1600) for center,bottom
[debug] Video: 1080x1920, Subtitle: 942x65, Position: grid
[debug] Final subtitle position: (69, 1600) for center,bottom
[debug] Video: 1080x1920, Subtitle: 942x65, Position: grid
[debug] Final subtitle position: (69, 1600) for center,bottom
[debug] Video: 1080x1920, Subtitle: 942x65, Position: grid
[debug] Final subtitle position: (69, 1600) for center,bottom
[debug] Video: 1080x1920, Subtitle: 942x65, Position: grid
[debug] Final subtitle position: (69, 1600) for center,bottom
[debug] Video: 1080x1920, Subtitle: 942x65, Position: grid
[debug] Final subtitle position: (69, 1600) for center,bottom
[debug] Video: 1080x1920, Subtitle: 942x65, Position: grid
[debug] Final subtitle position: (69, 1600) for center,bottom
[debug] Video: 1080x1920, Subtitle: 942x65, Position: grid
[debug] Final subtitle position: (69, 1600) for center,bottom
[debug] Video: 1080x1920, Subtitle: 942x65, Position: grid
[debug] Final subtitle position: (69, 1600) for center,bottom
[debug] Video: 1080x1920, Subtitle: 942x65, Position: grid
[debug] Final subtitle position: (69, 1600) for center,bottom
[debug] Video: 1080x1920, Subtitle: 942x65, Position: grid
[debug] Final subtitle position: (69, 1600) for center,bottom
[debug] Video: 1080x1920, Subtitle: 942x65, Position: grid
[debug] Final subtitle position: (69, 1600) for center,bottom
[debug] Video: 1080x1920, Subtitle: 942x65, Position: grid
[debug] Final subtitle position: (69, 1600) for center,bottom
[debug] Video: 1080x1920, Subtitle: 942x65, Position: grid
[debug] Final subtitle position: (69, 1600) for center,bottom
[debug] Video: 1080x1920, Subtitle: 942x65, Position: grid
[debug] Final subtitle position: (69, 1600) for center,bottom
[debug] Video: 1080x1920, Subtitle: 942x65, Position: grid
[debug] Final subtitle position: (69, 1600) for center,bottom
[debug] Video: 1080x1920, Subtitle: 942x65, Position: grid
[debug] Final subtitle position: (69, 1600) for center,bottom
[debug] Video: 1080x1920, Subtitle: 942x65, Position: grid
[debug] Final subtitle position: (69, 1600) for center,bottom
[debug] Video: 1080x1920, Subtitle: 942x65, Position: grid
[debug] Final subtitle position: (69, 1600) for center,bottom
[debug] Video: 1080x1920, Subtitle: 942x65, Position: grid
[debug] Final subtitle position: (69, 1600) for center,bottom
[debug] Video: 1080x1920, Subtitle: 942x65, Position: grid
[debug] Final subtitle position: (69, 1600) for center,bottom
[debug] Video: 1080x1920, Subtitle: 942x65, Position: grid
[debug] Final subtitle position: (69, 1600) for center,bottom
[debug] Video: 1080x1920, Subtitle: 942x65, Position: grid
[debug] Final subtitle position: (69, 1600) for center,bottom
[debug] Video: 1080x1920, Subtitle: 942x65, Position: grid
[debug] Final subtitle position: (69, 1600) for center,bottom
[debug] Video: 1080x1920, Subtitle: 942x65, Position: grid
[debug] Final subtitle position: (69, 1600) for center,bottom
[debug] Video: 1080x1920, Subtitle: 942x65, Position: grid
[debug] Final subtitle position: (69, 1600) for center,bottom
[debug] Video: 1080x1920, Subtitle: 942x65, Position: grid
[debug] Final subtitle position: (69, 1600) for center,bottom
[debug] Video: 1080x1920, Subtitle: 942x65, Position: grid
[debug] Final subtitle position: (69, 1600) for center,bottom
[debug] Video: 1080x1920, Subtitle: 942x65, Position: grid
[debug] Final subtitle position: (69, 1600) for center,bottom
[debug] Video: 1080x1920, Subtitle: 942x65, Position: grid
[debug] Final subtitle position: (69, 1600) for center,bottom
[debug] Video: 1080x1920, Subtitle: 942x65, Position: grid
[debug] Final subtitle position: (69, 1600) for center,bottom
[debug] Video: 1080x1920, Subtitle: 942x65, Position: grid
[debug] Final subtitle position: (69, 1600) for center,bottom
[debug] Video: 1080x1920, Subtitle: 942x65, Position: grid
[debug] Final subtitle position: (69, 1600) for center,bottom
[debug] Video: 1080x1920, Subtitle: 942x65, Position: grid
[debug] Final subtitle position: (69, 1600) for center,bottom
[debug] Video: 1080x1920, Subtitle: 942x65, Position: grid
[debug] Final subtitle position: (69, 1600) for center,bottom
[debug] Video: 1080x1920, Subtitle: 942x65, Position: grid
[debug] Final subtitle position: (69, 1600) for center,bottom
[debug] Video: 1080x1920, Subtitle: 942x65, Position: grid
[debug] Final subtitle position: (69, 1600) for center,bottom
[debug] Video: 1080x1920, Subtitle: 942x65, Position: grid
[debug] Final subtitle position: (69, 1600) for center,bottom
[debug] Video: 1080x1920, Subtitle: 942x65, Position: grid
[debug] Final subtitle position: (69, 1600) for center,bottom
[debug] Video: 1080x1920, Subtitle: 942x65, Position: grid
[debug] Final subtitle position: (69, 1600) for center,bottom
[debug] Video: 1080x1920, Subtitle: 942x65, Position: grid
[debug] Final subtitle position: (69, 1600) for center,bottom
[debug] Video: 1080x1920, Subtitle: 942x65, Position: grid
[debug] Final subtitle position: (69, 1600) for center,bottom
[debug] Video: 1080x1920, Subtitle: 942x65, Position: grid
[debug] Final subtitle position: (69, 1600) for center,bottom
[debug] Video: 1080x1920, Subtitle: 942x65, Position: grid
[debug] Final subtitle position: (69, 1600) for center,bottom
[debug] Video: 1080x1920, Subtitle: 942x65, Position: grid
[debug] Final subtitle position: (69, 1600) for center,bottom
[debug] Video: 1080x1920, Subtitle: 942x65, Position: grid
[debug] Final subtitle position: (69, 1600) for center,bottom
[debug] Video: 1080x1920, Subtitle: 942x65, Position: grid
[debug] Final subtitle position: (69, 1600) for center,bottom
[debug] Video: 1080x1920, Subtitle: 942x65, Position: grid
[debug] Final subtitle position: (69, 1600) for center,bottom
[debug] Video: 1080x1920, Subtitle: 942x65, Position: grid
[debug] Final subtitle position: (69, 1600) for center,bottom
[debug] Video: 1080x1920, Subtitle: 942x65, Position: grid
[debug] Final subtitle position: (69, 1600) for center,bottom
[debug] Video: 1080x1920, Subtitle: 942x65, Position: grid
[debug] Final subtitle position: (69, 1600) for center,bottom
[debug] Video: 1080x1920, Subtitle: 942x65, Position: grid
[debug] Final subtitle position: (69, 1600) for center,bottom
[debug] Video: 1080x1920, Subtitle: 942x65, Position: grid
[debug] Final subtitle position: (69, 1600) for center,bottom
[debug] Video: 1080x1920, Subtitle: 942x65, Position: grid
[debug] Final subtitle position: (69, 1600) for center,bottom
[debug] Video: 1080x1920, Subtitle: 942x65, Position: grid
[debug] Final subtitle position: (69, 1600) for center,bottom
[debug] Video: 1080x1920, Subtitle: 942x65, Position: grid
[debug] Final subtitle position: (69, 1600) for center,bottom
[debug] Video: 1080x1920, Subtitle: 942x65, Position: grid
[debug] Final subtitle position: (69, 1600) for center,bottom
[debug] Video: 1080x1920, Subtitle: 942x65, Position: grid
[debug] Final subtitle position: (69, 1600) for center,bottom
[debug] Video: 1080x1920, Subtitle: 942x65, Position: grid
[debug] Final subtitle position: (69, 1600) for center,bottom
[debug] Video: 1080x1920, Subtitle: 942x65, Position: grid
[debug] Final subtitle position: (69, 1600) for center,bottom
[debug] Video: 1080x1920, Subtitle: 942x65, Position: grid
[debug] Final subtitle position: (69, 1600) for center,bottom
[debug] Video: 1080x1920, Subtitle: 942x65, Position: grid
[debug] Final subtitle position: (69, 1600) for center,bottom
[debug] Video: 1080x1920, Subtitle: 942x65, Position: grid
[debug] Final subtitle position: (69, 1600) for center,bottom
[debug] Video: 1080x1920, Subtitle: 942x65, Position: grid
[debug] Final subtitle position: (69, 1600) for center,bottom
[debug] Video: 1080x1920, Subtitle: 942x65, Position: grid
[debug] Final subtitle position: (69, 1600) for center,bottom
[debug] Video: 1080x1920, Subtitle: 942x65, Position: grid
[debug] Final subtitle position: (69, 1600) for center,bottom
[debug] Video: 1080x1920, Subtitle: 942x65, Position: grid
[debug] Final subtitle position: (69, 1600) for center,bottom
[debug] Video: 1080x1920, Subtitle: 942x65, Position: grid
[debug] Final subtitle position: (69, 1600) for center,bottom
[debug] Video: 1080x1920, Subtitle: 942x65, Position: grid
[debug] Final subtitle position: (69, 1600) for center,bottom
[debug] Video: 1080x1920, Subtitle: 942x65, Position: grid
[debug] Final subtitle position: (69, 1600) for center,bottom
[debug] Video: 1080x1920, Subtitle: 942x65, Position: grid
[debug] Final subtitle position: (69, 1600) for center,bottom
[debug] Video: 1080x1920, Subtitle: 942x65, Position: grid
[debug] Final subtitle position: (69, 1600) for center,bottom
[debug] Video: 1080x1920, Subtitle: 942x65, Position: grid
[debug] Final subtitle position: (69, 1600) for center,bottom
[debug] Video: 1080x1920, Subtitle: 942x65, Position: grid
[debug] Final subtitle position: (69, 1600) for center,bottom
[debug] Video: 1080x1920, Subtitle: 942x65, Position: grid
[debug] Final subtitle position: (69, 1600) for center,bottom
[debug] Video: 1080x1920, Subtitle: 942x65, Position: grid
[debug] Final subtitle position: (69, 1600) for center,bottom
[debug] Video: 1080x1920, Subtitle: 942x65, Position: grid
[debug] Final subtitle position: (69, 1600) for center,bottom
[debug] Video: 1080x1920, Subtitle: 942x65, Position: grid
[debug] Final subtitle position: (69, 1600) for center,bottom
[debug] Video: 1080x1920, Subtitle: 942x65, Position: grid
[debug] Final subtitle position: (69, 1600) for center,bottom
[debug] Video: 1080x1920, Subtitle: 942x65, Position: grid
[debug] Final subtitle position: (69, 1600) for center,bottom
[debug] Video: 1080x1920, Subtitle: 942x65, Position: grid
[debug] Final subtitle position: (69, 1600) for center,bottom
[debug] Video: 1080x1920, Subtitle: 942x65, Position: grid
[debug] Final subtitle position: (69, 1600) for center,bottom
[debug] Video: 1080x1920, Subtitle: 942x65, Position: grid
[debug] Final subtitle position: (69, 1600) for center,bottom
[debug] Video: 1080x1920, Subtitle: 942x65, Position: grid
[debug] Final subtitle position: (69, 1600) for center,bottom
[debug] Video: 1080x1920, Subtitle: 942x65, Position: grid
[debug] Final subtitle position: (69, 1600) for center,bottom
[debug] Video: 1080x1920, Subtitle: 942x65, Position: grid
[debug] Final subtitle position: (69, 1600) for center,bottom
[debug] Video: 1080x1920, Subtitle: 942x65, Position: grid
[debug] Final subtitle position: (69, 1600) for center,bottom
[debug] Video: 1080x1920, Subtitle: 942x65, Position: grid
[debug] Final subtitle position: (69, 1600) for center,bottom
[debug] Video: 1080x1920, Subtitle: 942x65, Position: grid
[debug] Final subtitle position: (69, 1600) for center,bottom
[debug] Video: 1080x1920, Subtitle: 942x65, Position: grid
[debug] Final subtitle position: (69, 1600) for center,bottom
[debug] Video: 1080x1920, Subtitle: 942x65, Position: grid
[debug] Final subtitle position: (69, 1600) for center,bottom
[debug] Video: 1080x1920, Subtitle: 942x65, Position: grid
[debug] Final subtitle position: (69, 1600) for center,bottom
[debug] Video: 1080x1920, Subtitle: 942x65, Position: grid
[debug] Final subtitle position: (69, 1600) for center,bottom
[debug] Video: 1080x1920, Subtitle: 942x65, Position: grid
[debug] Final subtitle position: (69, 1600) for center,bottom
[debug] Video: 1080x1920, Subtitle: 942x65, Position: grid
[debug] Final subtitle position: (69, 1600) for center,bottom
[debug] Video: 1080x1920, Subtitle: 942x65, Position: grid
[debug] Final subtitle position: (69, 1600) for center,bottom
[debug] Video: 1080x1920, Subtitle: 942x65, Position: grid
[debug] Final subtitle position: (69, 1600) for center,bottom
[debug] Video: 1080x1920, Subtitle: 942x65, Position: grid
[debug] Final subtitle position: (69, 1600) for center,bottom
[debug] Video: 1080x1920, Subtitle: 942x65, Position: grid
[debug] Final subtitle position: (69, 1600) for center,bottom
[debug] Video: 1080x1920, Subtitle: 942x65, Position: grid
[debug] Final subtitle position: (69, 1600) for center,bottom
[debug] Video: 1080x1920, Subtitle: 942x65, Position: grid
[debug] Final subtitle position: (69, 1600) for center,bottom
[debug] Video: 1080x1920, Subtitle: 942x65, Position: grid
[debug] Final subtitle position: (69, 1600) for center,bottom
[debug] Video: 1080x1920, Subtitle: 942x65, Position: grid
[debug] Final subtitle position: (69, 1600) for center,bottom
[debug] Video: 1080x1920, Subtitle: 942x65, Position: grid
[debug] Final subtitle position: (69, 1600) for center,bottom
[debug] Video: 1080x1920, Subtitle: 942x65, Position: grid
[debug] Final subtitle position: (69, 1600) for center,bottom
[debug] Video: 1080x1920, Subtitle: 942x65, Position: grid
[debug] Final subtitle position: (69, 1600) for center,bottom
[debug] Video: 1080x1920, Subtitle: 942x65, Position: grid
[debug] Final subtitle position: (69, 1600) for center,bottom
[debug] Video: 1080x1920, Subtitle: 942x65, Position: grid
[debug] Final subtitle position: (69, 1600) for center,bottom
[debug] Video: 1080x1920, Subtitle: 942x65, Position: grid
[debug] Final subtitle position: (69, 1600) for center,bottom
[debug] Video: 1080x1920, Subtitle: 942x65, Position: grid
[debug] Final subtitle position: (69, 1600) for center,bottom
[debug] Video: 1080x1920, Subtitle: 942x65, Position: grid
[debug] Final subtitle position: (69, 1600) for center,bottom
[debug] Video: 1080x1920, Subtitle: 942x65, Position: grid
[debug] Final subtitle position: (69, 1600) for center,bottom
[debug] Video: 1080x1920, Subtitle: 942x65, Position: grid
[debug] Final subtitle position: (69, 1600) for center,bottom
[debug] Video: 1080x1920, Subtitle: 942x65, Position: grid
[debug] Final subtitle position: (69, 1600) for center,bottom
[debug] Video: 1080x1920, Subtitle: 942x65, Position: grid
[debug] Final subtitle position: (69, 1600) for center,bottom
[debug] Video: 1080x1920, Subtitle: 942x65, Position: grid
[debug] Final subtitle position: (69, 1600) for center,bottom
[debug] Video: 1080x1920, Subtitle: 942x65, Position: grid
[debug] Final subtitle position: (69, 1600) for center,bottom
[debug] Video: 1080x1920, Subtitle: 942x65, Position: grid
[debug] Final subtitle position: (69, 1600) for center,bottom
[debug] Video: 1080x1920, Subtitle: 942x65, Position: grid
[debug] Final subtitle position: (69, 1600) for center,bottom
[debug] Video: 1080x1920, Subtitle: 942x65, Position: grid
[debug] Final subtitle position: (69, 1600) for center,bottom
[debug] Video: 1080x1920, Subtitle: 942x65, Position: grid
[debug] Final subtitle position: (69, 1600) for center,bottom
[debug] Video: 1080x1920, Subtitle: 942x65, Position: grid
[debug] Final subtitle position: (69, 1600) for center,bottom
[debug] Video: 1080x1920, Subtitle: 942x65, Position: grid
[debug] Final subtitle position: (69, 1600) for center,bottom
[debug] Video: 1080x1920, Subtitle: 942x65, Position: grid
[debug] Final subtitle position: (69, 1600) for center,bottom
[debug] Video: 1080x1920, Subtitle: 942x65, Position: grid
[debug] Final subtitle position: (69, 1600) for center,bottom
[debug] Video: 1080x1920, Subtitle: 942x65, Position: grid
[debug] Final subtitle position: (69, 1600) for center,bottom
[debug] Video: 1080x1920, Subtitle: 942x65, Position: grid
[debug] Final subtitle position: (69, 1600) for center,bottom
[debug] Video: 1080x1920, Subtitle: 942x65, Position: grid
[debug] Final subtitle position: (69, 1600) for center,bottom
[debug] Video: 1080x1920, Subtitle: 942x65, Position: grid
[debug] Final subtitle position: (69, 1600) for center,bottom
[debug] Video: 1080x1920, Subtitle: 942x65, Position: grid
[debug] Final subtitle position: (69, 1600) for center,bottom
[debug] Video: 1080x1920, Subtitle: 942x65, Position: grid
[debug] Final subtitle position: (69, 1600) for center,bottom
[debug] Video: 1080x1920, Subtitle: 942x65, Position: grid
[debug] Final subtitle position: (69, 1600) for center,bottom
[debug] Video: 1080x1920, Subtitle: 942x65, Position: grid
[debug] Final subtitle position: (69, 1600) for center,bottom
[debug] Video: 1080x1920, Subtitle: 942x65, Position: grid
[debug] Final subtitle position: (69, 1600) for center,bottom
[debug] Video: 1080x1920, Subtitle: 942x65, Position: grid
[debug] Final subtitle position: (69, 1600) for center,bottom
[debug] Video: 1080x1920, Subtitle: 942x65, Position: grid
[debug] Final subtitle position: (69, 1600) for center,bottom
[debug] Video: 1080x1920, Subtitle: 942x65, Position: grid
[debug] Final subtitle position: (69, 1600) for center,bottom
[debug] Video: 1080x1920, Subtitle: 942x65, Position: grid
[debug] Final subtitle position: (69, 1600) for center,bottom
[debug] Video: 1080x1920, Subtitle: 942x65, Position: grid
[debug] Final subtitle position: (69, 1600) for center,bottom
[debug] Video: 1080x1920, Subtitle: 942x65, Position: grid
[debug] Final subtitle position: (69, 1600) for center,bottom
[debug] Video: 1080x1920, Subtitle: 942x65, Position: grid
[debug] Final subtitle position: (69, 1600) for center,bottom
[debug] Video: 1080x1920, Subtitle: 942x65, Position: grid
[debug] Final subtitle position: (69, 1600) for center,bottom
[debug] Video: 1080x1920, Subtitle: 942x65, Position: grid
[debug] Final subtitle position: (69, 1600) for center,bottom
[debug] Video: 1080x1920, Subtitle: 942x65, Position: grid
[debug] Final subtitle position: (69, 1600) for center,bottom
[debug] Video: 1080x1920, Subtitle: 942x65, Position: grid
[debug] Final subtitle position: (69, 1600) for center,bottom
[debug] Video: 1080x1920, Subtitle: 942x65, Position: grid
[debug] Final subtitle position: (69, 1600) for center,bottom
[debug] Video: 1080x1920, Subtitle: 942x65, Position: grid
[debug] Final subtitle position: (69, 1600) for center,bottom
[debug] Video: 1080x1920, Subtitle: 942x65, Position: grid
[debug] Final subtitle position: (69, 1600) for center,bottom
[debug] Video: 1080x1920, Subtitle: 942x65, Position: grid
[debug] Final subtitle position: (69, 1600) for center,bottom
[debug] Video: 1080x1920, Subtitle: 942x65, Position: grid
[debug] Final subtitle position: (69, 1600) for center,bottom
[debug] Video: 1080x1920, Subtitle: 942x65, Position: grid
[debug] Final subtitle position: (69, 1600) for center,bottom
[debug] Video: 1080x1920, Subtitle: 942x65, Position: grid
[debug] Final subtitle position: (69, 1600) for center,bottom
[debug] Video: 1080x1920, Subtitle: 942x65, Position: grid
[debug] Final subtitle position: (69, 1600) for center,bottom
[debug] Video: 1080x1920, Subtitle: 942x65, Position: grid
[debug] Final subtitle position: (69, 1600) for center,bottom
[debug] Video: 1080x1920, Subtitle: 942x65, Position: grid
[debug] Final subtitle position: (69, 1600) for center,bottom
[debug] Video: 1080x1920, Subtitle: 942x65, Position: grid
[debug] Final subtitle position: (69, 1600) for center,bottom
[debug] Video: 1080x1920, Subtitle: 942x65, Position: grid
[debug] Final subtitle position: (69, 1600) for center,bottom
[debug] Video: 1080x1920, Subtitle: 942x65, Position: grid
[debug] Final subtitle position: (69, 1600) for center,bottom
[debug] Video: 1080x1920, Subtitle: 942x65, Position: grid
[debug] Final subtitle position: (69, 1600) for center,bottom
[debug] Video: 1080x1920, Subtitle: 942x65, Position: grid
[debug] Final subtitle position: (69, 1600) for center,bottom
[debug] Video: 1080x1920, Subtitle: 942x65, Position: grid
[debug] Final subtitle position: (69, 1600) for center,bottom
[debug] Video: 1080x1920, Subtitle: 942x65, Position: grid
[debug] Final subtitle position: (69, 1600) for center,bottom
[debug] Video: 1080x1920, Subtitle: 942x65, Position: grid
[debug] Final subtitle position: (69, 1600) for center,bottom
[warn] Font Arial-Bold failed: Invalid font Arial-Bold, pillow failed to use it with error cannot open resource
[warn] Font arial.ttf failed: Invalid font arial.ttf, pillow failed to use it with error cannot open resource
[debug] Successfully created TextClip with font: Arial, size: 918x89
[debug] Video: 1080x1920, Subtitle: 942x105, Position: grid
[debug] Final subtitle position: (69, 1580) for center,bottom
[debug] Video: 1080x1920, Subtitle: 942x105, Position: grid
[debug] Final subtitle position: (69, 1580) for center,bottom
[debug] Video: 1080x1920, Subtitle: 942x105, Position: grid
[debug] Final subtitle position: (69, 1580) for center,bottom
[debug] Video: 1080x1920, Subtitle: 942x105, Position: grid
[debug] Final subtitle position: (69, 1580) for center,bottom
[debug] Video: 1080x1920, Subtitle: 942x105, Position: grid
[debug] Final subtitle position: (69, 1580) for center,bottom
[debug] Video: 1080x1920, Subtitle: 942x105, Position: grid
[debug] Final subtitle position: (69, 1580) for center,bottom
[debug] Video: 1080x1920, Subtitle: 942x105, Position: grid
[debug] Final subtitle position: (69, 1580) for center,bottom
[debug] Video: 1080x1920, Subtitle: 942x105, Position: grid
[debug] Final subtitle position: (69, 1580) for center,bottom
[debug] Video: 1080x1920, Subtitle: 942x105, Position: grid
[debug] Final subtitle position: (69, 1580) for center,bottom
[debug] Video: 1080x1920, Subtitle: 942x105, Position: grid
[debug] Final subtitle position: (69, 1580) for center,bottom
[debug] Video: 1080x1920, Subtitle: 942x105, Position: grid
[debug] Final subtitle position: (69, 1580) for center,bottom
[debug] Video: 1080x1920, Subtitle: 942x105, Position: grid
[debug] Final subtitle position: (69, 1580) for center,bottom
[debug] Video: 1080x1920, Subtitle: 942x105, Position: grid
[debug] Final subtitle position: (69, 1580) for center,bottom
[debug] Video: 1080x1920, Subtitle: 942x105, Position: grid
[debug] Final subtitle position: (69, 1580) for center,bottom
[debug] Video: 1080x1920, Subtitle: 942x105, Position: grid
[debug] Final subtitle position: (69, 1580) for center,bottom
[debug] Video: 1080x1920, Subtitle: 942x105, Position: grid
[debug] Final subtitle position: (69, 1580) for center,bottom
[debug] Video: 1080x1920, Subtitle: 942x105, Position: grid
[debug] Final subtitle position: (69, 1580) for center,bottom
[debug] Video: 1080x1920, Subtitle: 942x105, Position: grid
[debug] Final subtitle position: (69, 1580) for center,bottom
[debug] Video: 1080x1920, Subtitle: 942x105, Position: grid
[debug] Final subtitle position: (69, 1580) for center,bottom
[debug] Video: 1080x1920, Subtitle: 942x105, Position: grid
[debug] Final subtitle position: (69, 1580) for center,bottom
[debug] Video: 1080x1920, Subtitle: 942x105, Position: grid
[debug] Final subtitle position: (69, 1580) for center,bottom
[debug] Video: 1080x1920, Subtitle: 942x105, Position: grid
[debug] Final subtitle position: (69, 1580) for center,bottom
[debug] Video: 1080x1920, Subtitle: 942x105, Position: grid
[debug] Final subtitle position: (69, 1580) for center,bottom
[debug] Video: 1080x1920, Subtitle: 942x105, Position: grid
[debug] Final subtitle position: (69, 1580) for center,bottom
[debug] Video: 1080x1920, Subtitle: 942x105, Position: grid
[debug] Final subtitle position: (69, 1580) for center,bottom
[debug] Video: 1080x1920, Subtitle: 942x105, Position: grid
[debug] Final subtitle position: (69, 1580) for center,bottom
[debug] Video: 1080x1920, Subtitle: 942x105, Position: grid
[debug] Final subtitle position: (69, 1580) for center,bottom
[debug] Video: 1080x1920, Subtitle: 942x105, Position: grid
[debug] Final subtitle position: (69, 1580) for center,bottom
[debug] Video: 1080x1920, Subtitle: 942x105, Position: grid
[debug] Final subtitle position: (69, 1580) for center,bottom
[debug] Video: 1080x1920, Subtitle: 942x105, Position: grid
[debug] Final subtitle position: (69, 1580) for center,bottom
[debug] Video: 1080x1920, Subtitle: 942x105, Position: grid
[debug] Final subtitle position: (69, 1580) for center,bottom
[debug] Video: 1080x1920, Subtitle: 942x105, Position: grid
[debug] Final subtitle position: (69, 1580) for center,bottom
[debug] Video: 1080x1920, Subtitle: 942x105, Position: grid
[debug] Final subtitle position: (69, 1580) for center,bottom
[debug] Video: 1080x1920, Subtitle: 942x105, Position: grid
[debug] Final subtitle position: (69, 1580) for center,bottom
[debug] Video: 1080x1920, Subtitle: 942x105, Position: grid
[debug] Final subtitle position: (69, 1580) for center,bottom
[debug] Video: 1080x1920, Subtitle: 942x105, Position: grid
[debug] Final subtitle position: (69, 1580) for center,bottom
[debug] Video: 1080x1920, Subtitle: 942x105, Position: grid
[debug] Final subtitle position: (69, 1580) for center,bottom
[debug] Video: 1080x1920, Subtitle: 942x105, Position: grid
[debug] Final subtitle position: (69, 1580) for center,bottom
[debug] Video: 1080x1920, Subtitle: 942x105, Position: grid
[debug] Final subtitle position: (69, 1580) for center,bottom
[debug] Video: 1080x1920, Subtitle: 942x105, Position: grid
[debug] Final subtitle position: (69, 1580) for center,bottom
[debug] Video: 1080x1920, Subtitle: 942x105, Position: grid
[debug] Final subtitle position: (69, 1580) for center,bottom
[debug] Video: 1080x1920, Subtitle: 942x105, Position: grid
[debug] Final subtitle position: (69, 1580) for center,bottom
[debug] Video: 1080x1920, Subtitle: 942x105, Position: grid
[debug] Final subtitle position: (69, 1580) for center,bottom
[debug] Video: 1080x1920, Subtitle: 942x105, Position: grid
[debug] Final subtitle position: (69, 1580) for center,bottom
[debug] Video: 1080x1920, Subtitle: 942x105, Position: grid
[debug] Final subtitle position: (69, 1580) for center,bottom
[debug] Video: 1080x1920, Subtitle: 942x105, Position: grid
[debug] Final subtitle position: (69, 1580) for center,bottom
[debug] Video: 1080x1920, Subtitle: 942x105, Position: grid
[debug] Final subtitle position: (69, 1580) for center,bottom
[debug] Video: 1080x1920, Subtitle: 942x105, Position: grid
[debug] Final subtitle position: (69, 1580) for center,bottom
[debug] Video: 1080x1920, Subtitle: 942x105, Position: grid
[debug] Final subtitle position: (69, 1580) for center,bottom
[debug] Video: 1080x1920, Subtitle: 942x105, Position: grid
[debug] Final subtitle position: (69, 1580) for center,bottom
[debug] Video: 1080x1920, Subtitle: 942x105, Position: grid
[debug] Final subtitle position: (69, 1580) for center,bottom
[debug] Video: 1080x1920, Subtitle: 942x105, Position: grid
[debug] Final subtitle position: (69, 1580) for center,bottom
[debug] Video: 1080x1920, Subtitle: 942x105, Position: grid
[debug] Final subtitle position: (69, 1580) for center,bottom
[debug] Video: 1080x1920, Subtitle: 942x105, Position: grid
[debug] Final subtitle position: (69, 1580) for center,bottom
[debug] Video: 1080x1920, Subtitle: 942x105, Position: grid
[debug] Final subtitle position: (69, 1580) for center,bottom
[debug] Video: 1080x1920, Subtitle: 942x105, Position: grid
[debug] Final subtitle position: (69, 1580) for center,bottom
[debug] Video: 1080x1920, Subtitle: 942x105, Position: grid
[debug] Final subtitle position: (69, 1580) for center,bottom
[debug] Video: 1080x1920, Subtitle: 942x105, Position: grid
[debug] Final subtitle position: (69, 1580) for center,bottom
[debug] Video: 1080x1920, Subtitle: 942x105, Position: grid
[debug] Final subtitle position: (69, 1580) for center,bottom
[debug] Video: 1080x1920, Subtitle: 942x105, Position: grid
[debug] Final subtitle position: (69, 1580) for center,bottom
[debug] Video: 1080x1920, Subtitle: 942x105, Position: grid
[debug] Final subtitle position: (69, 1580) for center,bottom
[debug] Video: 1080x1920, Subtitle: 942x105, Position: grid
[debug] Final subtitle position: (69, 1580) for center,bottom
[debug] Video: 1080x1920, Subtitle: 942x105, Position: grid
[debug] Final subtitle position: (69, 1580) for center,bottom
[debug] Video: 1080x1920, Subtitle: 942x105, Position: grid
[debug] Final subtitle position: (69, 1580) for center,bottom
[debug] Video: 1080x1920, Subtitle: 942x105, Position: grid
[debug] Final subtitle position: (69, 1580) for center,bottom
[debug] Video: 1080x1920, Subtitle: 942x105, Position: grid
[debug] Final subtitle position: (69, 1580) for center,bottom
[debug] Video: 1080x1920, Subtitle: 942x105, Position: grid
[debug] Final subtitle position: (69, 1580) for center,bottom
[debug] Video: 1080x1920, Subtitle: 942x105, Position: grid
[debug] Final subtitle position: (69, 1580) for center,bottom
[debug] Video: 1080x1920, Subtitle: 942x105, Position: grid
[debug] Final subtitle position: (69, 1580) for center,bottom
[debug] Video: 1080x1920, Subtitle: 942x105, Position: grid
[debug] Final subtitle position: (69, 1580) for center,bottom
[debug] Video: 1080x1920, Subtitle: 942x105, Position: grid
[debug] Final subtitle position: (69, 1580) for center,bottom
[debug] Video: 1080x1920, Subtitle: 942x105, Position: grid
[debug] Final subtitle position: (69, 1580) for center,bottom
[debug] Video: 1080x1920, Subtitle: 942x105, Position: grid
[debug] Final subtitle position: (69, 1580) for center,bottom
[debug] Video: 1080x1920, Subtitle: 942x105, Position: grid
[debug] Final subtitle position: (69, 1580) for center,bottom
[debug] Video: 1080x1920, Subtitle: 942x105, Position: grid
[debug] Final subtitle position: (69, 1580) for center,bottom
[debug] Video: 1080x1920, Subtitle: 942x105, Position: grid
[debug] Final subtitle position: (69, 1580) for center,bottom
[debug] Video: 1080x1920, Subtitle: 942x105, Position: grid
[debug] Final subtitle position: (69, 1580) for center,bottom
[debug] Video: 1080x1920, Subtitle: 942x105, Position: grid
[debug] Final subtitle position: (69, 1580) for center,bottom
[debug] Video: 1080x1920, Subtitle: 942x105, Position: grid
[debug] Final subtitle position: (69, 1580) for center,bottom
[debug] Video: 1080x1920, Subtitle: 942x105, Position: grid
[debug] Final subtitle position: (69, 1580) for center,bottom
[debug] Video: 1080x1920, Subtitle: 942x105, Position: grid
[debug] Final subtitle position: (69, 1580) for center,bottom
[debug] Video: 1080x1920, Subtitle: 942x105, Position: grid
[debug] Final subtitle position: (69, 1580) for center,bottom
[debug] Video: 1080x1920, Subtitle: 942x105, Position: grid
[debug] Final subtitle position: (69, 1580) for center,bottom
[debug] Video: 1080x1920, Subtitle: 942x105, Position: grid
[debug] Final subtitle position: (69, 1580) for center,bottom
[debug] Video: 1080x1920, Subtitle: 942x105, Position: grid
[debug] Final subtitle position: (69, 1580) for center,bottom
[debug] Video: 1080x1920, Subtitle: 942x105, Position: grid
[debug] Final subtitle position: (69, 1580) for center,bottom
[debug] Video: 1080x1920, Subtitle: 942x105, Position: grid
[debug] Final subtitle position: (69, 1580) for center,bottom
[debug] Video: 1080x1920, Subtitle: 942x105, Position: grid
[debug] Final subtitle position: (69, 1580) for center,bottom
[debug] Video: 1080x1920, Subtitle: 942x105, Position: grid
[debug] Final subtitle position: (69, 1580) for center,bottom
[debug] Video: 1080x1920, Subtitle: 942x105, Position: grid
[debug] Final subtitle position: (69, 1580) for center,bottom
[debug] Video: 1080x1920, Subtitle: 942x105, Position: grid
[debug] Final subtitle position: (69, 1580) for center,bottom
[debug] Video: 1080x1920, Subtitle: 942x105, Position: grid
[debug] Final subtitle position: (69, 1580) for center,bottom
[debug] Video: 1080x1920, Subtitle: 942x105, Position: grid
[debug] Final subtitle position: (69, 1580) for center,bottom
[debug] Video: 1080x1920, Subtitle: 942x105, Position: grid
[debug] Final subtitle position: (69, 1580) for center,bottom
[debug] Video: 1080x1920, Subtitle: 942x105, Position: grid
[debug] Final subtitle position: (69, 1580) for center,bottom
[debug] Video: 1080x1920, Subtitle: 942x105, Position: grid
[debug] Final subtitle position: (69, 1580) for center,bottom
[debug] Video: 1080x1920, Subtitle: 942x105, Position: grid
[debug] Final subtitle position: (69, 1580) for center,bottom
[debug] Video: 1080x1920, Subtitle: 942x105, Position: grid
[debug] Final subtitle position: (69, 1580) for center,bottom
[debug] Video: 1080x1920, Subtitle: 942x105, Position: grid
[debug] Final subtitle position: (69, 1580) for center,bottom
[debug] Video: 1080x1920, Subtitle: 942x105, Position: grid
[debug] Final subtitle position: (69, 1580) for center,bottom
[debug] Video: 1080x1920, Subtitle: 942x105, Position: grid
[debug] Final subtitle position: (69, 1580) for center,bottom
[debug] Video: 1080x1920, Subtitle: 942x105, Position: grid
[debug] Final subtitle position: (69, 1580) for center,bottom
[debug] Video: 1080x1920, Subtitle: 942x105, Position: grid
[debug] Final subtitle position: (69, 1580) for center,bottom
[debug] Video: 1080x1920, Subtitle: 942x105, Position: grid
[debug] Final subtitle position: (69, 1580) for center,bottom
[debug] Video: 1080x1920, Subtitle: 942x105, Position: grid
[debug] Final subtitle position: (69, 1580) for center,bottom
[debug] Video: 1080x1920, Subtitle: 942x105, Position: grid
[debug] Final subtitle position: (69, 1580) for center,bottom
[debug] Video: 1080x1920, Subtitle: 942x105, Position: grid
[debug] Final subtitle position: (69, 1580) for center,bottom
[debug] Video: 1080x1920, Subtitle: 942x105, Position: grid
[debug] Final subtitle position: (69, 1580) for center,bottom
[debug] Video: 1080x1920, Subtitle: 942x105, Position: grid
[debug] Final subtitle position: (69, 1580) for center,bottom
[debug] Video: 1080x1920, Subtitle: 942x105, Position: grid
[debug] Final subtitle position: (69, 1580) for center,bottom
[debug] Video: 1080x1920, Subtitle: 942x105, Position: grid
[debug] Final subtitle position: (69, 1580) for center,bottom
[debug] Video: 1080x1920, Subtitle: 942x105, Position: grid
[debug] Final subtitle position: (69, 1580) for center,bottom
[debug] Video: 1080x1920, Subtitle: 942x105, Position: grid
[debug] Final subtitle position: (69, 1580) for center,bottom
[debug] Video: 1080x1920, Subtitle: 942x105, Position: grid
[debug] Final subtitle position: (69, 1580) for center,bottom
[debug] Video: 1080x1920, Subtitle: 942x105, Position: grid
[debug] Final subtitle position: (69, 1580) for center,bottom
[debug] Video: 1080x1920, Subtitle: 942x105, Position: grid
[debug] Final subtitle position: (69, 1580) for center,bottom
[debug] Video: 1080x1920, Subtitle: 942x105, Position: grid
[debug] Final subtitle position: (69, 1580) for center,bottom
[debug] Video: 1080x1920, Subtitle: 942x105, Position: grid
[debug] Final subtitle position: (69, 1580) for center,bottom
[debug] Video: 1080x1920, Subtitle: 942x105, Position: grid
[debug] Final subtitle position: (69, 1580) for center,bottom
[debug] Video: 1080x1920, Subtitle: 942x105, Position: grid
[debug] Final subtitle position: (69, 1580) for center,bottom
[debug] Video: 1080x1920, Subtitle: 942x105, Position: grid
[debug] Final subtitle position: (69, 1580) for center,bottom
[debug] Video: 1080x1920, Subtitle: 942x105, Position: grid
[debug] Final subtitle position: (69, 1580) for center,bottom
[debug] Video: 1080x1920, Subtitle: 942x105, Position: grid
[debug] Final subtitle position: (69, 1580) for center,bottom
[debug] Video: 1080x1920, Subtitle: 942x105, Position: grid
[debug] Final subtitle position: (69, 1580) for center,bottom
[debug] Video: 1080x1920, Subtitle: 942x105, Position: grid
[debug] Final subtitle position: (69, 1580) for center,bottom
[debug] Video: 1080x1920, Subtitle: 942x105, Position: grid
[debug] Final subtitle position: (69, 1580) for center,bottom
[debug] Video: 1080x1920, Subtitle: 942x105, Position: grid
[debug] Final subtitle position: (69, 1580) for center,bottom
[debug] Video: 1080x1920, Subtitle: 942x105, Position: grid
[debug] Final subtitle position: (69, 1580) for center,bottom
[debug] Video: 1080x1920, Subtitle: 942x105, Position: grid
[debug] Final subtitle position: (69, 1580) for center,bottom
[debug] Video: 1080x1920, Subtitle: 942x105, Position: grid
[debug] Final subtitle position: (69, 1580) for center,bottom
[debug] Video: 1080x1920, Subtitle: 942x105, Position: grid
[debug] Final subtitle position: (69, 1580) for center,bottom
[debug] Video: 1080x1920, Subtitle: 942x105, Position: grid
[debug] Final subtitle position: (69, 1580) for center,bottom
[debug] Video: 1080x1920, Subtitle: 942x105, Position: grid
[debug] Final subtitle position: (69, 1580) for center,bottom
[debug] Video: 1080x1920, Subtitle: 942x105, Position: grid
[debug] Final subtitle position: (69, 1580) for center,bottom
[debug] Video: 1080x1920, Subtitle: 942x105, Position: grid
[debug] Final subtitle position: (69, 1580) for center,bottom
[debug] Video: 1080x1920, Subtitle: 942x105, Position: grid
[debug] Final subtitle position: (69, 1580) for center,bottom
[debug] Video: 1080x1920, Subtitle: 942x105, Position: grid
[debug] Final subtitle position: (69, 1580) for center,bottom
[debug] Video: 1080x1920, Subtitle: 942x105, Position: grid
[debug] Final subtitle position: (69, 1580) for center,bottom
[debug] Video: 1080x1920, Subtitle: 942x105, Position: grid
[debug] Final subtitle position: (69, 1580) for center,bottom
[debug] Video: 1080x1920, Subtitle: 942x105, Position: grid
[debug] Final subtitle position: (69, 1580) for center,bottom
[debug] Video: 1080x1920, Subtitle: 942x105, Position: grid
[debug] Final subtitle position: (69, 1580) for center,bottom
[debug] Video: 1080x1920, Subtitle: 942x105, Position: grid
[debug] Final subtitle position: (69, 1580) for center,bottom
[debug] Video: 1080x1920, Subtitle: 942x105, Position: grid
[debug] Final subtitle position: (69, 1580) for center,bottom
[debug] Video: 1080x1920, Subtitle: 942x105, Position: grid
[debug] Final subtitle position: (69, 1580) for center,bottom
[debug] Video: 1080x1920, Subtitle: 942x105, Position: grid
[debug] Final subtitle position: (69, 1580) for center,bottom
[debug] Video: 1080x1920, Subtitle: 942x105, Position: grid
[debug] Final subtitle position: (69, 1580) for center,bottom
[debug] Video: 1080x1920, Subtitle: 942x105, Position: grid
[debug] Final subtitle position: (69, 1580) for center,bottom
[debug] Video: 1080x1920, Subtitle: 942x105, Position: grid
[debug] Final subtitle position: (69, 1580) for center,bottom
[debug] Video: 1080x1920, Subtitle: 942x105, Position: grid
[debug] Final subtitle position: (69, 1580) for center,bottom
[debug] Video: 1080x1920, Subtitle: 942x105, Position: grid
[debug] Final subtitle position: (69, 1580) for center,bottom
[debug] Video: 1080x1920, Subtitle: 942x105, Position: grid
[debug] Final subtitle position: (69, 1580) for center,bottom
[debug] Video: 1080x1920, Subtitle: 942x105, Position: grid
[debug] Final subtitle position: (69, 1580) for center,bottom
[debug] Video: 1080x1920, Subtitle: 942x105, Position: grid
[debug] Final subtitle position: (69, 1580) for center,bottom
[debug] Video: 1080x1920, Subtitle: 942x105, Position: grid
[debug] Final subtitle position: (69, 1580) for center,bottom
[debug] Video: 1080x1920, Subtitle: 942x105, Position: grid
[debug] Final subtitle position: (69, 1580) for center,bottom
[debug] Video: 1080x1920, Subtitle: 942x105, Position: grid
[debug] Final subtitle position: (69, 1580) for center,bottom
[debug] Video: 1080x1920, Subtitle: 942x105, Position: grid
[debug] Final subtitle position: (69, 1580) for center,bottom
[debug] Video: 1080x1920, Subtitle: 942x105, Position: grid
[debug] Final subtitle position: (69, 1580) for center,bottom
[debug] Video: 1080x1920, Subtitle: 942x105, Position: grid
[debug] Final subtitle position: (69, 1580) for center,bottom
[debug] Video: 1080x1920, Subtitle: 942x105, Position: grid
[debug] Final subtitle position: (69, 1580) for center,bottom
[debug] Video: 1080x1920, Subtitle: 942x105, Position: grid
[debug] Final subtitle position: (69, 1580) for center,bottom
[debug] Video: 1080x1920, Subtitle: 942x105, Position: grid
[debug] Final subtitle position: (69, 1580) for center,bottom
[debug] Video: 1080x1920, Subtitle: 942x105, Position: grid
[debug] Final subtitle position: (69, 1580) for center,bottom
[debug] Video: 1080x1920, Subtitle: 942x105, Position: grid
[debug] Final subtitle position: (69, 1580) for center,bottom
[debug] Video: 1080x1920, Subtitle: 942x105, Position: grid
[debug] Final subtitle position: (69, 1580) for center,bottom
[debug] Video: 1080x1920, Subtitle: 942x105, Position: grid
[debug] Final subtitle position: (69, 1580) for center,bottom
[debug] Video: 1080x1920, Subtitle: 942x105, Position: grid
[debug] Final subtitle position: (69, 1580) for center,bottom
[debug] Video: 1080x1920, Subtitle: 942x105, Position: grid
[debug] Final subtitle position: (69, 1580) for center,bottom
[debug] Video: 1080x1920, Subtitle: 942x105, Position: grid
[debug] Final subtitle position: (69, 1580) for center,bottom
[debug] Video: 1080x1920, Subtitle: 942x105, Position: grid
[debug] Final subtitle position: (69, 1580) for center,bottom
[debug] Video: 1080x1920, Subtitle: 942x105, Position: grid
[debug] Final subtitle position: (69, 1580) for center,bottom
[debug] Video: 1080x1920, Subtitle: 942x105, Position: grid
[debug] Final subtitle position: (69, 1580) for center,bottom
[debug] Video: 1080x1920, Subtitle: 942x105, Position: grid
[debug] Final subtitle position: (69, 1580) for center,bottom
[debug] Video: 1080x1920, Subtitle: 942x105, Position: grid
[debug] Final subtitle position: (69, 1580) for center,bottom
[debug] Video: 1080x1920, Subtitle: 942x105, Position: grid
[debug] Final subtitle position: (69, 1580) for center,bottom
[debug] Video: 1080x1920, Subtitle: 942x105, Position: grid
[debug] Final subtitle position: (69, 1580) for center,bottom
[debug] Video: 1080x1920, Subtitle: 942x105, Position: grid
[debug] Final subtitle position: (69, 1580) for center,bottom
[debug] Video: 1080x1920, Subtitle: 942x105, Position: grid
[debug] Final subtitle position: (69, 1580) for center,bottom
[debug] Video: 1080x1920, Subtitle: 942x105, Position: grid
[debug] Final subtitle position: (69, 1580) for center,bottom
[debug] Video: 1080x1920, Subtitle: 942x105, Position: grid
[debug] Final subtitle position: (69, 1580) for center,bottom
[debug] Video: 1080x1920, Subtitle: 942x105, Position: grid
[debug] Final subtitle position: (69, 1580) for center,bottom
[debug] Video: 1080x1920, Subtitle: 942x105, Position: grid
[debug] Final subtitle position: (69, 1580) for center,bottom
[debug] Video: 1080x1920, Subtitle: 942x105, Position: grid
[debug] Final subtitle position: (69, 1580) for center,bottom
[debug] Video: 1080x1920, Subtitle: 942x105, Position: grid
[debug] Final subtitle position: (69, 1580) for center,bottom
[debug] Video: 1080x1920, Subtitle: 942x105, Position: grid
[debug] Final subtitle position: (69, 1580) for center,bottom
[debug] Video: 1080x1920, Subtitle: 942x105, Position: grid
[debug] Final subtitle position: (69, 1580) for center,bottom
[debug] Video: 1080x1920, Subtitle: 942x105, Position: grid
[debug] Final subtitle position: (69, 1580) for center,bottom
[debug] Video: 1080x1920, Subtitle: 942x105, Position: grid
[debug] Final subtitle position: (69, 1580) for center,bottom
[debug] Video: 1080x1920, Subtitle: 942x105, Position: grid
[debug] Final subtitle position: (69, 1580) for center,bottom
[debug] Video: 1080x1920, Subtitle: 942x105, Position: grid
[debug] Final subtitle position: (69, 1580) for center,bottom
[debug] Video: 1080x1920, Subtitle: 942x105, Position: grid
[debug] Final subtitle position: (69, 1580) for center,bottom
[debug] Video: 1080x1920, Subtitle: 942x105, Position: grid
[debug] Final subtitle position: (69, 1580) for center,bottom
[debug] Video: 1080x1920, Subtitle: 942x105, Position: grid
[debug] Final subtitle position: (69, 1580) for center,bottom
[debug] Video: 1080x1920, Subtitle: 942x105, Position: grid
[debug] Final subtitle position: (69, 1580) for center,bottom
[debug] Video: 1080x1920, Subtitle: 942x105, Position: grid
[debug] Final subtitle position: (69, 1580) for center,bottom
[debug] Video: 1080x1920, Subtitle: 942x105, Position: grid
[debug] Final subtitle position: (69, 1580) for center,bottom
[debug] Video: 1080x1920, Subtitle: 942x105, Position: grid
[debug] Final subtitle position: (69, 1580) for center,bottom
[debug] Video: 1080x1920, Subtitle: 942x105, Position: grid
[debug] Final subtitle position: (69, 1580) for center,bottom
[debug] Video: 1080x1920, Subtitle: 942x105, Position: grid
[debug] Final subtitle position: (69, 1580) for center,bottom
[debug] Video: 1080x1920, Subtitle: 942x105, Position: grid
[debug] Final subtitle position: (69, 1580) for center,bottom
[debug] Video: 1080x1920, Subtitle: 942x105, Position: grid
[debug] Final subtitle position: (69, 1580) for center,bottom
[debug] Video: 1080x1920, Subtitle: 942x105, Position: grid
[debug] Final subtitle position: (69, 1580) for center,bottom
[debug] Video: 1080x1920, Subtitle: 942x105, Position: grid
[debug] Final subtitle position: (69, 1580) for center,bottom
[debug] Video: 1080x1920, Subtitle: 942x105, Position: grid
[debug] Final subtitle position: (69, 1580) for center,bottom
[debug] Video: 1080x1920, Subtitle: 942x105, Position: grid
[debug] Final subtitle position: (69, 1580) for center,bottom
[debug] Video: 1080x1920, Subtitle: 942x105, Position: grid
[debug] Final subtitle position: (69, 1580) for center,bottom
[debug] Video: 1080x1920, Subtitle: 942x105, Position: grid
[debug] Final subtitle position: (69, 1580) for center,bottom
[debug] Video: 1080x1920, Subtitle: 942x105, Position: grid
[debug] Final subtitle position: (69, 1580) for center,bottom
[debug] Video: 1080x1920, Subtitle: 942x105, Position: grid
[debug] Final subtitle position: (69, 1580) for center,bottom
[debug] Video: 1080x1920, Subtitle: 942x105, Position: grid
[debug] Final subtitle position: (69, 1580) for center,bottom
[debug] Video: 1080x1920, Subtitle: 942x105, Position: grid
[debug] Final subtitle position: (69, 1580) for center,bottom
[debug] Video: 1080x1920, Subtitle: 942x105, Position: grid
[debug] Final subtitle position: (69, 1580) for center,bottom
[debug] Video: 1080x1920, Subtitle: 942x105, Position: grid
[debug] Final subtitle position: (69, 1580) for center,bottom
[debug] Video: 1080x1920, Subtitle: 942x105, Position: grid
[debug] Final subtitle position: (69, 1580) for center,bottom
[debug] Video: 1080x1920, Subtitle: 942x105, Position: grid
[debug] Final subtitle position: (69, 1580) for center,bottom
[debug] Video: 1080x1920, Subtitle: 942x105, Position: grid
[debug] Final subtitle position: (69, 1580) for center,bottom
[debug] Video: 1080x1920, Subtitle: 942x105, Position: grid
[debug] Final subtitle position: (69, 1580) for center,bottom
[debug] Video: 1080x1920, Subtitle: 942x105, Position: grid
[debug] Final subtitle position: (69, 1580) for center,bottom
[debug] Video: 1080x1920, Subtitle: 942x105, Position: grid
[debug] Final subtitle position: (69, 1580) for center,bottom
[debug] Video: 1080x1920, Subtitle: 942x105, Position: grid
[debug] Final subtitle position: (69, 1580) for center,bottom
[debug] Video: 1080x1920, Subtitle: 942x105, Position: grid
[debug] Final subtitle position: (69, 1580) for center,bottom
[debug] Video: 1080x1920, Subtitle: 942x105, Position: grid
[debug] Final subtitle position: (69, 1580) for center,bottom
[debug] Video: 1080x1920, Subtitle: 942x105, Position: grid
[debug] Final subtitle position: (69, 1580) for center,bottom
[debug] Video: 1080x1920, Subtitle: 942x105, Position: grid
[debug] Final subtitle position: (69, 1580) for center,bottom
[debug] Video: 1080x1920, Subtitle: 942x105, Position: grid
[debug] Final subtitle position: (69, 1580) for center,bottom
[debug] Video: 1080x1920, Subtitle: 942x105, Position: grid
[debug] Final subtitle position: (69, 1580) for center,bottom
[debug] Video: 1080x1920, Subtitle: 942x105, Position: grid
[debug] Final subtitle position: (69, 1580) for center,bottom
[debug] Video: 1080x1920, Subtitle: 942x105, Position: grid
[debug] Final subtitle position: (69, 1580) for center,bottom
[debug] Video: 1080x1920, Subtitle: 942x105, Position: grid
[debug] Final subtitle position: (69, 1580) for center,bottom
[debug] Video: 1080x1920, Subtitle: 942x105, Position: grid
[debug] Final subtitle position: (69, 1580) for center,bottom
[debug] Video: 1080x1920, Subtitle: 942x105, Position: grid
[debug] Final subtitle position: (69, 1580) for center,bottom
[debug] Video: 1080x1920, Subtitle: 942x105, Position: grid
[debug] Final subtitle position: (69, 1580) for center,bottom
[debug] Video: 1080x1920, Subtitle: 942x105, Position: grid
[debug] Final subtitle position: (69, 1580) for center,bottom
[debug] Video: 1080x1920, Subtitle: 942x105, Position: grid
[debug] Final subtitle position: (69, 1580) for center,bottom
[debug] Video: 1080x1920, Subtitle: 942x105, Position: grid
[debug] Final subtitle position: (69, 1580) for center,bottom
[debug] Video: 1080x1920, Subtitle: 942x105, Position: grid
[debug] Final subtitle position: (69, 1580) for center,bottom
[debug] Video: 1080x1920, Subtitle: 942x105, Position: grid
[debug] Final subtitle position: (69, 1580) for center,bottom
[debug] Video: 1080x1920, Subtitle: 942x105, Position: grid
[debug] Final subtitle position: (69, 1580) for center,bottom
[debug] Video: 1080x1920, Subtitle: 942x105, Position: grid
[debug] Final subtitle position: (69, 1580) for center,bottom
[debug] Video: 1080x1920, Subtitle: 942x105, Position: grid
[debug] Final subtitle position: (69, 1580) for center,bottom
[debug] Video: 1080x1920, Subtitle: 942x105, Position: grid
[debug] Final subtitle position: (69, 1580) for center,bottom
[debug] Video: 1080x1920, Subtitle: 942x105, Position: grid
[debug] Final subtitle position: (69, 1580) for center,bottom
[debug] Video: 1080x1920, Subtitle: 942x105, Position: grid
[debug] Final subtitle position: (69, 1580) for center,bottom
[debug] Video: 1080x1920, Subtitle: 942x105, Position: grid
[debug] Final subtitle position: (69, 1580) for center,bottom
[debug] Video: 1080x1920, Subtitle: 942x105, Position: grid
[debug] Final subtitle position: (69, 1580) for center,bottom
[debug] Video: 1080x1920, Subtitle: 942x105, Position: grid
[debug] Final subtitle position: (69, 1580) for center,bottom
[debug] Video: 1080x1920, Subtitle: 942x105, Position: grid
[debug] Final subtitle position: (69, 1580) for center,bottom
[debug] Video: 1080x1920, Subtitle: 942x105, Position: grid
[debug] Final subtitle position: (69, 1580) for center,bottom
[debug] Video: 1080x1920, Subtitle: 942x105, Position: grid
[debug] Final subtitle position: (69, 1580) for center,bottom
[debug] Video: 1080x1920, Subtitle: 942x105, Position: grid
[debug] Final subtitle position: (69, 1580) for center,bottom
[debug] Video: 1080x1920, Subtitle: 942x105, Position: grid
[debug] Final subtitle position: (69, 1580) for center,bottom
[debug] Video: 1080x1920, Subtitle: 942x105, Position: grid
[debug] Final subtitle position: (69, 1580) for center,bottom
[debug] Video: 1080x1920, Subtitle: 942x105, Position: grid
[debug] Final subtitle position: (69, 1580) for center,bottom
[debug] Video: 1080x1920, Subtitle: 942x105, Position: grid
[debug] Final subtitle position: (69, 1580) for center,bottom
[debug] Video: 1080x1920, Subtitle: 942x105, Position: grid
[debug] Final subtitle position: (69, 1580) for center,bottom
[debug] Video: 1080x1920, Subtitle: 942x105, Position: grid
[debug] Final subtitle position: (69, 1580) for center,bottom
[debug] Video: 1080x1920, Subtitle: 942x105, Position: grid
[debug] Final subtitle position: (69, 1580) for center,bottom
[debug] Video: 1080x1920, Subtitle: 942x105, Position: grid
[debug] Final subtitle position: (69, 1580) for center,bottom
[debug] Video: 1080x1920, Subtitle: 942x105, Position: grid
[debug] Final subtitle position: (69, 1580) for center,bottom
[debug] Video: 1080x1920, Subtitle: 942x105, Position: grid
[debug] Final subtitle position: (69, 1580) for center,bottom
[debug] Video: 1080x1920, Subtitle: 942x105, Position: grid
[debug] Final subtitle position: (69, 1580) for center,bottom
[debug] Video: 1080x1920, Subtitle: 942x105, Position: grid
[debug] Final subtitle position: (69, 1580) for center,bottom
[debug] Video: 1080x1920, Subtitle: 942x105, Position: grid
[debug] Final subtitle position: (69, 1580) for center,bottom
[debug] Video: 1080x1920, Subtitle: 942x105, Position: grid
[debug] Final subtitle position: (69, 1580) for center,bottom
[debug] Video: 1080x1920, Subtitle: 942x105, Position: grid
[debug] Final subtitle position: (69, 1580) for center,bottom
[debug] Video: 1080x1920, Subtitle: 942x105, Position: grid
[debug] Final subtitle position: (69, 1580) for center,bottom
[debug] Video: 1080x1920, Subtitle: 942x105, Position: grid
[debug] Final subtitle position: (69, 1580) for center,bottom
[debug] Video: 1080x1920, Subtitle: 942x105, Position: grid
[debug] Final subtitle position: (69, 1580) for center,bottom
[debug] Video: 1080x1920, Subtitle: 942x105, Position: grid
[debug] Final subtitle position: (69, 1580) for center,bottom
[debug] Video: 1080x1920, Subtitle: 942x105, Position: grid
[debug] Final subtitle position: (69, 1580) for center,bottom
[debug] Video: 1080x1920, Subtitle: 942x105, Position: grid
[debug] Final subtitle position: (69, 1580) for center,bottom
[debug] Video: 1080x1920, Subtitle: 942x105, Position: grid
[debug] Final subtitle position: (69, 1580) for center,bottom
[debug] Video: 1080x1920, Subtitle: 942x105, Position: grid
[debug] Final subtitle position: (69, 1580) for center,bottom
[debug] Video: 1080x1920, Subtitle: 942x105, Position: grid
[debug] Final subtitle position: (69, 1580) for center,bottom
[debug] Video: 1080x1920, Subtitle: 942x105, Position: grid
[debug] Final subtitle position: (69, 1580) for center,bottom
[debug] Video: 1080x1920, Subtitle: 942x105, Position: grid
[debug] Final subtitle position: (69, 1580) for center,bottom
[warn] Font Arial-Bold failed: Invalid font Arial-Bold, pillow failed to use it with error cannot open resource
[warn] Font arial.ttf failed: Invalid font arial.ttf, pillow failed to use it with error cannot open resource
[debug] Successfully created TextClip with font: Arial, size: 918x39
[debug] Video: 1080x1920, Subtitle: 942x55, Position: grid
[debug] Final subtitle position: (69, 1605) for center,bottom
[debug] Video: 1080x1920, Subtitle: 942x55, Position: grid
[debug] Final subtitle position: (69, 1605) for center,bottom
[debug] Video: 1080x1920, Subtitle: 942x55, Position: grid
[debug] Final subtitle position: (69, 1605) for center,bottom
[debug] Video: 1080x1920, Subtitle: 942x55, Position: grid
[debug] Final subtitle position: (69, 1605) for center,bottom
[debug] Video: 1080x1920, Subtitle: 942x55, Position: grid
[debug] Final subtitle position: (69, 1605) for center,bottom
[debug] Video: 1080x1920, Subtitle: 942x55, Position: grid
[debug] Final subtitle position: (69, 1605) for center,bottom
[debug] Video: 1080x1920, Subtitle: 942x55, Position: grid
[debug] Final subtitle position: (69, 1605) for center,bottom
[debug] Video: 1080x1920, Subtitle: 942x55, Position: grid
[debug] Final subtitle position: (69, 1605) for center,bottom
[debug] Video: 1080x1920, Subtitle: 942x55, Position: grid
[debug] Final subtitle position: (69, 1605) for center,bottom
[debug] Video: 1080x1920, Subtitle: 942x55, Position: grid
[debug] Final subtitle position: (69, 1605) for center,bottom
[debug] Video: 1080x1920, Subtitle: 942x55, Position: grid
[debug] Final subtitle position: (69, 1605) for center,bottom
[debug] Video: 1080x1920, Subtitle: 942x55, Position: grid
[debug] Final subtitle position: (69, 1605) for center,bottom
[debug] Video: 1080x1920, Subtitle: 942x55, Position: grid
[debug] Final subtitle position: (69, 1605) for center,bottom
[debug] Video: 1080x1920, Subtitle: 942x55, Position: grid
[debug] Final subtitle position: (69, 1605) for center,bottom
[debug] Video: 1080x1920, Subtitle: 942x55, Position: grid
[debug] Final subtitle position: (69, 1605) for center,bottom
[debug] Video: 1080x1920, Subtitle: 942x55, Position: grid
[debug] Final subtitle position: (69, 1605) for center,bottom
[debug] Video: 1080x1920, Subtitle: 942x55, Position: grid
[debug] Final subtitle position: (69, 1605) for center,bottom
[debug] Video: 1080x1920, Subtitle: 942x55, Position: grid
[debug] Final subtitle position: (69, 1605) for center,bottom
[debug] Video: 1080x1920, Subtitle: 942x55, Position: grid
[debug] Final subtitle position: (69, 1605) for center,bottom
[debug] Video: 1080x1920, Subtitle: 942x55, Position: grid
[debug] Final subtitle position: (69, 1605) for center,bottom
[debug] Video: 1080x1920, Subtitle: 942x55, Position: grid
[debug] Final subtitle position: (69, 1605) for center,bottom
[debug] Video: 1080x1920, Subtitle: 942x55, Position: grid
[debug] Final subtitle position: (69, 1605) for center,bottom
[debug] Video: 1080x1920, Subtitle: 942x55, Position: grid
[debug] Final subtitle position: (69, 1605) for center,bottom
[debug] Video: 1080x1920, Subtitle: 942x55, Position: grid
[debug] Final subtitle position: (69, 1605) for center,bottom
[debug] Video: 1080x1920, Subtitle: 942x55, Position: grid
[debug] Final subtitle position: (69, 1605) for center,bottom
[debug] Video: 1080x1920, Subtitle: 942x55, Position: grid
[debug] Final subtitle position: (69, 1605) for center,bottom
[debug] Video: 1080x1920, Subtitle: 942x55, Position: grid
[debug] Final subtitle position: (69, 1605) for center,bottom
[debug] Video: 1080x1920, Subtitle: 942x55, Position: grid
[debug] Final subtitle position: (69, 1605) for center,bottom
[debug] Video: 1080x1920, Subtitle: 942x55, Position: grid
[debug] Final subtitle position: (69, 1605) for center,bottom
[debug] Video: 1080x1920, Subtitle: 942x55, Position: grid
[debug] Final subtitle position: (69, 1605) for center,bottom
[debug] Video: 1080x1920, Subtitle: 942x55, Position: grid
[debug] Final subtitle position: (69, 1605) for center,bottom
[debug] Video: 1080x1920, Subtitle: 942x55, Position: grid
[debug] Final subtitle position: (69, 1605) for center,bottom
[debug] Video: 1080x1920, Subtitle: 942x55, Position: grid
[debug] Final subtitle position: (69, 1605) for center,bottom
[debug] Video: 1080x1920, Subtitle: 942x55, Position: grid
[debug] Final subtitle position: (69, 1605) for center,bottom
[debug] Video: 1080x1920, Subtitle: 942x55, Position: grid
[debug] Final subtitle position: (69, 1605) for center,bottom
[debug] Video: 1080x1920, Subtitle: 942x55, Position: grid
[debug] Final subtitle position: (69, 1605) for center,bottom
[debug] Video: 1080x1920, Subtitle: 942x55, Position: grid
[debug] Final subtitle position: (69, 1605) for center,bottom
[debug] Video: 1080x1920, Subtitle: 942x55, Position: grid
[debug] Final subtitle position: (69, 1605) for center,bottom
[debug] Video: 1080x1920, Subtitle: 942x55, Position: grid
[debug] Final subtitle position: (69, 1605) for center,bottom
[debug] Video: 1080x1920, Subtitle: 942x55, Position: grid
[debug] Final subtitle position: (69, 1605) for center,bottom
[debug] Video: 1080x1920, Subtitle: 942x55, Position: grid
[debug] Final subtitle position: (69, 1605) for center,bottom
[debug] Video: 1080x1920, Subtitle: 942x55, Position: grid
[debug] Final subtitle position: (69, 1605) for center,bottom
[debug] Video: 1080x1920, Subtitle: 942x55, Position: grid
[debug] Final subtitle position: (69, 1605) for center,bottom
[debug] Video: 1080x1920, Subtitle: 942x55, Position: grid
[debug] Final subtitle position: (69, 1605) for center,bottom
[debug] Video: 1080x1920, Subtitle: 942x55, Position: grid
[debug] Final subtitle position: (69, 1605) for center,bottom
[debug] Video: 1080x1920, Subtitle: 942x55, Position: grid
[debug] Final subtitle position: (69, 1605) for center,bottom
[debug] Video: 1080x1920, Subtitle: 942x55, Position: grid
[debug] Final subtitle position: (69, 1605) for center,bottom
[debug] Video: 1080x1920, Subtitle: 942x55, Position: grid
[debug] Final subtitle position: (69, 1605) for center,bottom
[debug] Video: 1080x1920, Subtitle: 942x55, Position: grid
[debug] Final subtitle position: (69, 1605) for center,bottom
[debug] Video: 1080x1920, Subtitle: 942x55, Position: grid
[debug] Final subtitle position: (69, 1605) for center,bottom
[debug] Video: 1080x1920, Subtitle: 942x55, Position: grid
[debug] Final subtitle position: (69, 1605) for center,bottom
[debug] Video: 1080x1920, Subtitle: 942x55, Position: grid
[debug] Final subtitle position: (69, 1605) for center,bottom
[debug] Video: 1080x1920, Subtitle: 942x55, Position: grid
[debug] Final subtitle position: (69, 1605) for center,bottom
[debug] Video: 1080x1920, Subtitle: 942x55, Position: grid
[debug] Final subtitle position: (69, 1605) for center,bottom
[debug] Video: 1080x1920, Subtitle: 942x55, Position: grid
[debug] Final subtitle position: (69, 1605) for center,bottom
[debug] Video: 1080x1920, Subtitle: 942x55, Position: grid
[debug] Final subtitle position: (69, 1605) for center,bottom
[debug] Video: 1080x1920, Subtitle: 942x55, Position: grid
[debug] Final subtitle position: (69, 1605) for center,bottom
[debug] Video: 1080x1920, Subtitle: 942x55, Position: grid
[debug] Final subtitle position: (69, 1605) for center,bottom
[debug] Video: 1080x1920, Subtitle: 942x55, Position: grid
[debug] Final subtitle position: (69, 1605) for center,bottom
[debug] Video: 1080x1920, Subtitle: 942x55, Position: grid
[debug] Final subtitle position: (69, 1605) for center,bottom
[debug] Video: 1080x1920, Subtitle: 942x55, Position: grid
[debug] Final subtitle position: (69, 1605) for center,bottom
[debug] Video: 1080x1920, Subtitle: 942x55, Position: grid
[debug] Final subtitle position: (69, 1605) for center,bottom
[debug] Video: 1080x1920, Subtitle: 942x55, Position: grid
[debug] Final subtitle position: (69, 1605) for center,bottom
[debug] Video: 1080x1920, Subtitle: 942x55, Position: grid
[debug] Final subtitle position: (69, 1605) for center,bottom
[debug] Video: 1080x1920, Subtitle: 942x55, Position: grid
[debug] Final subtitle position: (69, 1605) for center,bottom
[debug] Video: 1080x1920, Subtitle: 942x55, Position: grid
[debug] Final subtitle position: (69, 1605) for center,bottom
[debug] Video: 1080x1920, Subtitle: 942x55, Position: grid
[debug] Final subtitle position: (69, 1605) for center,bottom
[debug] Video: 1080x1920, Subtitle: 942x55, Position: grid
[debug] Final subtitle position: (69, 1605) for center,bottom
[debug] Video: 1080x1920, Subtitle: 942x55, Position: grid
[debug] Final subtitle position: (69, 1605) for center,bottom
[debug] Video: 1080x1920, Subtitle: 942x55, Position: grid
[debug] Final subtitle position: (69, 1605) for center,bottom
[debug] Video: 1080x1920, Subtitle: 942x55, Position: grid
[debug] Final subtitle position: (69, 1605) for center,bottom
[debug] Video: 1080x1920, Subtitle: 942x55, Position: grid
[debug] Final subtitle position: (69, 1605) for center,bottom
[debug] Video: 1080x1920, Subtitle: 942x55, Position: grid
[debug] Final subtitle position: (69, 1605) for center,bottom
[debug] Video: 1080x1920, Subtitle: 942x55, Position: grid
[debug] Final subtitle position: (69, 1605) for center,bottom
[debug] Video: 1080x1920, Subtitle: 942x55, Position: grid
[debug] Final subtitle position: (69, 1605) for center,bottom
[debug] Video: 1080x1920, Subtitle: 942x55, Position: grid
[debug] Final subtitle position: (69, 1605) for center,bottom
[debug] Video: 1080x1920, Subtitle: 942x55, Position: grid
[debug] Final subtitle position: (69, 1605) for center,bottom
[debug] Video: 1080x1920, Subtitle: 942x55, Position: grid
[debug] Final subtitle position: (69, 1605) for center,bottom
[debug] Video: 1080x1920, Subtitle: 942x55, Position: grid
[debug] Final subtitle position: (69, 1605) for center,bottom
[debug] Video: 1080x1920, Subtitle: 942x55, Position: grid
[debug] Final subtitle position: (69, 1605) for center,bottom
[debug] Video: 1080x1920, Subtitle: 942x55, Position: grid
[debug] Final subtitle position: (69, 1605) for center,bottom
[debug] Video: 1080x1920, Subtitle: 942x55, Position: grid
[debug] Final subtitle position: (69, 1605) for center,bottom
[debug] Video: 1080x1920, Subtitle: 942x55, Position: grid
[debug] Final subtitle position: (69, 1605) for center,bottom
[debug] Video: 1080x1920, Subtitle: 942x55, Position: grid
[debug] Final subtitle position: (69, 1605) for center,bottom
[debug] Video: 1080x1920, Subtitle: 942x55, Position: grid
[debug] Final subtitle position: (69, 1605) for center,bottom
[debug] Video: 1080x1920, Subtitle: 942x55, Position: grid
[debug] Final subtitle position: (69, 1605) for center,bottom
[debug] Video: 1080x1920, Subtitle: 942x55, Position: grid
[debug] Final subtitle position: (69, 1605) for center,bottom
[debug] Video: 1080x1920, Subtitle: 942x55, Position: grid
[debug] Final subtitle position: (69, 1605) for center,bottom
[debug] Video: 1080x1920, Subtitle: 942x55, Position: grid
[debug] Final subtitle position: (69, 1605) for center,bottom
[debug] Video: 1080x1920, Subtitle: 942x55, Position: grid
[debug] Final subtitle position: (69, 1605) for center,bottom
[debug] Video: 1080x1920, Subtitle: 942x55, Position: grid
[debug] Final subtitle position: (69, 1605) for center,bottom
[debug] Video: 1080x1920, Subtitle: 942x55, Position: grid
[debug] Final subtitle position: (69, 1605) for center,bottom
[debug] Video: 1080x1920, Subtitle: 942x55, Position: grid
[debug] Final subtitle position: (69, 1605) for center,bottom
[debug] Video: 1080x1920, Subtitle: 942x55, Position: grid
[debug] Final subtitle position: (69, 1605) for center,bottom
[debug] Video: 1080x1920, Subtitle: 942x55, Position: grid
[debug] Final subtitle position: (69, 1605) for center,bottom
[debug] Video: 1080x1920, Subtitle: 942x55, Position: grid
[debug] Final subtitle position: (69, 1605) for center,bottom
[debug] Video: 1080x1920, Subtitle: 942x55, Position: grid
[debug] Final subtitle position: (69, 1605) for center,bottom
[debug] Video: 1080x1920, Subtitle: 942x55, Position: grid
[debug] Final subtitle position: (69, 1605) for center,bottom
[debug] Video: 1080x1920, Subtitle: 942x55, Position: grid
[debug] Final subtitle position: (69, 1605) for center,bottom
[debug] Video: 1080x1920, Subtitle: 942x55, Position: grid
[debug] Final subtitle position: (69, 1605) for center,bottom
[debug] Video: 1080x1920, Subtitle: 942x55, Position: grid
[debug] Final subtitle position: (69, 1605) for center,bottom
[debug] Video: 1080x1920, Subtitle: 942x55, Position: grid
[debug] Final subtitle position: (69, 1605) for center,bottom
[debug] Video: 1080x1920, Subtitle: 942x55, Position: grid
[debug] Final subtitle position: (69, 1605) for center,bottom
[debug] Video: 1080x1920, Subtitle: 942x55, Position: grid
[debug] Final subtitle position: (69, 1605) for center,bottom
[debug] Video: 1080x1920, Subtitle: 942x55, Position: grid
[debug] Final subtitle position: (69, 1605) for center,bottom
[debug] Video: 1080x1920, Subtitle: 942x55, Position: grid
[debug] Final subtitle position: (69, 1605) for center,bottom
[debug] Video: 1080x1920, Subtitle: 942x55, Position: grid
[debug] Final subtitle position: (69, 1605) for center,bottom
[debug] Video: 1080x1920, Subtitle: 942x55, Position: grid
[debug] Final subtitle position: (69, 1605) for center,bottom
[debug] Video: 1080x1920, Subtitle: 942x55, Position: grid
[debug] Final subtitle position: (69, 1605) for center,bottom
[debug] Video: 1080x1920, Subtitle: 942x55, Position: grid
[debug] Final subtitle position: (69, 1605) for center,bottom
[debug] Video: 1080x1920, Subtitle: 942x55, Position: grid
[debug] Final subtitle position: (69, 1605) for center,bottom
[debug] Video: 1080x1920, Subtitle: 942x55, Position: grid
[debug] Final subtitle position: (69, 1605) for center,bottom
[debug] Video: 1080x1920, Subtitle: 942x55, Position: grid
[debug] Final subtitle position: (69, 1605) for center,bottom
[debug] Video: 1080x1920, Subtitle: 942x55, Position: grid
[debug] Final subtitle position: (69, 1605) for center,bottom
[debug] Video: 1080x1920, Subtitle: 942x55, Position: grid
[debug] Final subtitle position: (69, 1605) for center,bottom
[debug] Video: 1080x1920, Subtitle: 942x55, Position: grid
[debug] Final subtitle position: (69, 1605) for center,bottom
[debug] Video: 1080x1920, Subtitle: 942x55, Position: grid
[debug] Final subtitle position: (69, 1605) for center,bottom
[debug] Video: 1080x1920, Subtitle: 942x55, Position: grid
[debug] Final subtitle position: (69, 1605) for center,bottom
[debug] Video: 1080x1920, Subtitle: 942x55, Position: grid
[debug] Final subtitle position: (69, 1605) for center,bottom
[debug] Video: 1080x1920, Subtitle: 942x55, Position: grid
[debug] Final subtitle position: (69, 1605) for center,bottom
[debug] Video: 1080x1920, Subtitle: 942x55, Position: grid
[debug] Final subtitle position: (69, 1605) for center,bottom
[debug] Video: 1080x1920, Subtitle: 942x55, Position: grid
[debug] Final subtitle position: (69, 1605) for center,bottom
[debug] Video: 1080x1920, Subtitle: 942x55, Position: grid
[debug] Final subtitle position: (69, 1605) for center,bottom
[debug] Video: 1080x1920, Subtitle: 942x55, Position: grid
[debug] Final subtitle position: (69, 1605) for center,bottom
[debug] Video: 1080x1920, Subtitle: 942x55, Position: grid
[debug] Final subtitle position: (69, 1605) for center,bottom
[debug] Video: 1080x1920, Subtitle: 942x55, Position: grid
[debug] Final subtitle position: (69, 1605) for center,bottom
[debug] Video: 1080x1920, Subtitle: 942x55, Position: grid
[debug] Final subtitle position: (69, 1605) for center,bottom
[debug] Video: 1080x1920, Subtitle: 942x55, Position: grid
[debug] Final subtitle position: (69, 1605) for center,bottom
[debug] Video: 1080x1920, Subtitle: 942x55, Position: grid
[debug] Final subtitle position: (69, 1605) for center,bottom
[debug] Video: 1080x1920, Subtitle: 942x55, Position: grid
[debug] Final subtitle position: (69, 1605) for center,bottom
[debug] Video: 1080x1920, Subtitle: 942x55, Position: grid
[debug] Final subtitle position: (69, 1605) for center,bottom
[debug] Video: 1080x1920, Subtitle: 942x55, Position: grid
[debug] Final subtitle position: (69, 1605) for center,bottom
[debug] Video: 1080x1920, Subtitle: 942x55, Position: grid
[debug] Final subtitle position: (69, 1605) for center,bottom
[debug] Video: 1080x1920, Subtitle: 942x55, Position: grid
[debug] Final subtitle position: (69, 1605) for center,bottom
[debug] Video: 1080x1920, Subtitle: 942x55, Position: grid
[debug] Final subtitle position: (69, 1605) for center,bottom
[debug] Video: 1080x1920, Subtitle: 942x55, Position: grid
[debug] Final subtitle position: (69, 1605) for center,bottom
[debug] Video: 1080x1920, Subtitle: 942x55, Position: grid
[debug] Final subtitle position: (69, 1605) for center,bottom
[debug] Video: 1080x1920, Subtitle: 942x55, Position: grid
[debug] Final subtitle position: (69, 1605) for center,bottom
[debug] Video: 1080x1920, Subtitle: 942x55, Position: grid
[debug] Final subtitle position: (69, 1605) for center,bottom
[debug] Video: 1080x1920, Subtitle: 942x55, Position: grid
[debug] Final subtitle position: (69, 1605) for center,bottom
[debug] Video: 1080x1920, Subtitle: 942x55, Position: grid
[debug] Final subtitle position: (69, 1605) for center,bottom
[debug] Video: 1080x1920, Subtitle: 942x55, Position: grid
[debug] Final subtitle position: (69, 1605) for center,bottom
[warn] Font Arial-Bold failed: Invalid font Arial-Bold, pillow failed to use it with error cannot open resource
[warn] Font arial.ttf failed: Invalid font arial.ttf, pillow failed to use it with error cannot open resource
[debug] Successfully created TextClip with font: Arial, size: 918x89
[debug] Video: 1080x1920, Subtitle: 942x105, Position: grid
[debug] Final subtitle position: (69, 1580) for center,bottom
[debug] Video: 1080x1920, Subtitle: 942x105, Position: grid
[debug] Final subtitle position: (69, 1580) for center,bottom
[debug] Video: 1080x1920, Subtitle: 942x105, Position: grid
[debug] Final subtitle position: (69, 1580) for center,bottom
[debug] Video: 1080x1920, Subtitle: 942x105, Position: grid
[debug] Final subtitle position: (69, 1580) for center,bottom
[debug] Video: 1080x1920, Subtitle: 942x105, Position: grid
[debug] Final subtitle position: (69, 1580) for center,bottom
[debug] Video: 1080x1920, Subtitle: 942x105, Position: grid
[debug] Final subtitle position: (69, 1580) for center,bottom
[debug] Video: 1080x1920, Subtitle: 942x105, Position: grid
[debug] Final subtitle position: (69, 1580) for center,bottom
[debug] Video: 1080x1920, Subtitle: 942x105, Position: grid
[debug] Final subtitle position: (69, 1580) for center,bottom
[debug] Video: 1080x1920, Subtitle: 942x105, Position: grid
[debug] Final subtitle position: (69, 1580) for center,bottom
[debug] Video: 1080x1920, Subtitle: 942x105, Position: grid
[debug] Final subtitle position: (69, 1580) for center,bottom
[debug] Video: 1080x1920, Subtitle: 942x105, Position: grid
[debug] Final subtitle position: (69, 1580) for center,bottom
[debug] Video: 1080x1920, Subtitle: 942x105, Position: grid
[debug] Final subtitle position: (69, 1580) for center,bottom
[debug] Video: 1080x1920, Subtitle: 942x105, Position: grid
[debug] Final subtitle position: (69, 1580) for center,bottom
[debug] Video: 1080x1920, Subtitle: 942x105, Position: grid
[debug] Final subtitle position: (69, 1580) for center,bottom
[debug] Video: 1080x1920, Subtitle: 942x105, Position: grid
[debug] Final subtitle position: (69, 1580) for center,bottom
[debug] Video: 1080x1920, Subtitle: 942x105, Position: grid
[debug] Final subtitle position: (69, 1580) for center,bottom
[debug] Video: 1080x1920, Subtitle: 942x105, Position: grid
[debug] Final subtitle position: (69, 1580) for center,bottom
[debug] Video: 1080x1920, Subtitle: 942x105, Position: grid
[debug] Final subtitle position: (69, 1580) for center,bottom
[debug] Video: 1080x1920, Subtitle: 942x105, Position: grid
[debug] Final subtitle position: (69, 1580) for center,bottom
[debug] Video: 1080x1920, Subtitle: 942x105, Position: grid
[debug] Final subtitle position: (69, 1580) for center,bottom
[debug] Video: 1080x1920, Subtitle: 942x105, Position: grid
[debug] Final subtitle position: (69, 1580) for center,bottom
[debug] Video: 1080x1920, Subtitle: 942x105, Position: grid
[debug] Final subtitle position: (69, 1580) for center,bottom
[debug] Video: 1080x1920, Subtitle: 942x105, Position: grid
[debug] Final subtitle position: (69, 1580) for center,bottom
[debug] Video: 1080x1920, Subtitle: 942x105, Position: grid
[debug] Final subtitle position: (69, 1580) for center,bottom
[debug] Video: 1080x1920, Subtitle: 942x105, Position: grid
[debug] Final subtitle position: (69, 1580) for center,bottom
[debug] Video: 1080x1920, Subtitle: 942x105, Position: grid
[debug] Final subtitle position: (69, 1580) for center,bottom
[debug] Video: 1080x1920, Subtitle: 942x105, Position: grid
[debug] Final subtitle position: (69, 1580) for center,bottom
[debug] Video: 1080x1920, Subtitle: 942x105, Position: grid
[debug] Final subtitle position: (69, 1580) for center,bottom
[debug] Video: 1080x1920, Subtitle: 942x105, Position: grid
[debug] Final subtitle position: (69, 1580) for center,bottom
[debug] Video: 1080x1920, Subtitle: 942x105, Position: grid
[debug] Final subtitle position: (69, 1580) for center,bottom
[debug] Video: 1080x1920, Subtitle: 942x105, Position: grid
[debug] Final subtitle position: (69, 1580) for center,bottom
[debug] Video: 1080x1920, Subtitle: 942x105, Position: grid
[debug] Final subtitle position: (69, 1580) for center,bottom
[debug] Video: 1080x1920, Subtitle: 942x105, Position: grid
[debug] Final subtitle position: (69, 1580) for center,bottom
[debug] Video: 1080x1920, Subtitle: 942x105, Position: grid
[debug] Final subtitle position: (69, 1580) for center,bottom
[debug] Video: 1080x1920, Subtitle: 942x105, Position: grid
[debug] Final subtitle position: (69, 1580) for center,bottom
[debug] Video: 1080x1920, Subtitle: 942x105, Position: grid
[debug] Final subtitle position: (69, 1580) for center,bottom
[debug] Video: 1080x1920, Subtitle: 942x105, Position: grid
[debug] Final subtitle position: (69, 1580) for center,bottom
[debug] Video: 1080x1920, Subtitle: 942x105, Position: grid
[debug] Final subtitle position: (69, 1580) for center,bottom
[debug] Video: 1080x1920, Subtitle: 942x105, Position: grid
[debug] Final subtitle position: (69, 1580) for center,bottom
[debug] Video: 1080x1920, Subtitle: 942x105, Position: grid
[debug] Final subtitle position: (69, 1580) for center,bottom
[debug] Video: 1080x1920, Subtitle: 942x105, Position: grid
[debug] Final subtitle position: (69, 1580) for center,bottom
[debug] Video: 1080x1920, Subtitle: 942x105, Position: grid
[debug] Final subtitle position: (69, 1580) for center,bottom
[debug] Video: 1080x1920, Subtitle: 942x105, Position: grid
[debug] Final subtitle position: (69, 1580) for center,bottom
[debug] Video: 1080x1920, Subtitle: 942x105, Position: grid
[debug] Final subtitle position: (69, 1580) for center,bottom
[debug] Video: 1080x1920, Subtitle: 942x105, Position: grid
[debug] Final subtitle position: (69, 1580) for center,bottom
[debug] Video: 1080x1920, Subtitle: 942x105, Position: grid
[debug] Final subtitle position: (69, 1580) for center,bottom
[debug] Video: 1080x1920, Subtitle: 942x105, Position: grid
[debug] Final subtitle position: (69, 1580) for center,bottom
[debug] Video: 1080x1920, Subtitle: 942x105, Position: grid
[debug] Final subtitle position: (69, 1580) for center,bottom
[debug] Video: 1080x1920, Subtitle: 942x105, Position: grid
[debug] Final subtitle position: (69, 1580) for center,bottom
[debug] Video: 1080x1920, Subtitle: 942x105, Position: grid
[debug] Final subtitle position: (69, 1580) for center,bottom
[debug] Video: 1080x1920, Subtitle: 942x105, Position: grid
[debug] Final subtitle position: (69, 1580) for center,bottom
[debug] Video: 1080x1920, Subtitle: 942x105, Position: grid
[debug] Final subtitle position: (69, 1580) for center,bottom
[debug] Video: 1080x1920, Subtitle: 942x105, Position: grid
[debug] Final subtitle position: (69, 1580) for center,bottom
[debug] Video: 1080x1920, Subtitle: 942x105, Position: grid
[debug] Final subtitle position: (69, 1580) for center,bottom
[debug] Video: 1080x1920, Subtitle: 942x105, Position: grid
[debug] Final subtitle position: (69, 1580) for center,bottom
[debug] Video: 1080x1920, Subtitle: 942x105, Position: grid
[debug] Final subtitle position: (69, 1580) for center,bottom
[debug] Video: 1080x1920, Subtitle: 942x105, Position: grid
[debug] Final subtitle position: (69, 1580) for center,bottom
[debug] Video: 1080x1920, Subtitle: 942x105, Position: grid
[debug] Final subtitle position: (69, 1580) for center,bottom
[debug] Video: 1080x1920, Subtitle: 942x105, Position: grid
[debug] Final subtitle position: (69, 1580) for center,bottom
[debug] Video: 1080x1920, Subtitle: 942x105, Position: grid
[debug] Final subtitle position: (69, 1580) for center,bottom
[debug] Video: 1080x1920, Subtitle: 942x105, Position: grid
[debug] Final subtitle position: (69, 1580) for center,bottom
[debug] Video: 1080x1920, Subtitle: 942x105, Position: grid
[debug] Final subtitle position: (69, 1580) for center,bottom
[debug] Video: 1080x1920, Subtitle: 942x105, Position: grid
[debug] Final subtitle position: (69, 1580) for center,bottom
[debug] Video: 1080x1920, Subtitle: 942x105, Position: grid
[debug] Final subtitle position: (69, 1580) for center,bottom
[debug] Video: 1080x1920, Subtitle: 942x105, Position: grid
[debug] Final subtitle position: (69, 1580) for center,bottom
[debug] Video: 1080x1920, Subtitle: 942x105, Position: grid
[debug] Final subtitle position: (69, 1580) for center,bottom
[debug] Video: 1080x1920, Subtitle: 942x105, Position: grid
[debug] Final subtitle position: (69, 1580) for center,bottom
[debug] Video: 1080x1920, Subtitle: 942x105, Position: grid
[debug] Final subtitle position: (69, 1580) for center,bottom
[debug] Video: 1080x1920, Subtitle: 942x105, Position: grid
[debug] Final subtitle position: (69, 1580) for center,bottom
[debug] Video: 1080x1920, Subtitle: 942x105, Position: grid
[debug] Final subtitle position: (69, 1580) for center,bottom
[debug] Video: 1080x1920, Subtitle: 942x105, Position: grid
[debug] Final subtitle position: (69, 1580) for center,bottom
[debug] Video: 1080x1920, Subtitle: 942x105, Position: grid
[debug] Final subtitle position: (69, 1580) for center,bottom
[debug] Video: 1080x1920, Subtitle: 942x105, Position: grid
[debug] Final subtitle position: (69, 1580) for center,bottom
[debug] Video: 1080x1920, Subtitle: 942x105, Position: grid
[debug] Final subtitle position: (69, 1580) for center,bottom
[debug] Video: 1080x1920, Subtitle: 942x105, Position: grid
[debug] Final subtitle position: (69, 1580) for center,bottom
[debug] Video: 1080x1920, Subtitle: 942x105, Position: grid
[debug] Final subtitle position: (69, 1580) for center,bottom
[debug] Video: 1080x1920, Subtitle: 942x105, Position: grid
[debug] Final subtitle position: (69, 1580) for center,bottom
[debug] Video: 1080x1920, Subtitle: 942x105, Position: grid
[debug] Final subtitle position: (69, 1580) for center,bottom
[debug] Video: 1080x1920, Subtitle: 942x105, Position: grid
[debug] Final subtitle position: (69, 1580) for center,bottom
[debug] Video: 1080x1920, Subtitle: 942x105, Position: grid
[debug] Final subtitle position: (69, 1580) for center,bottom
[debug] Video: 1080x1920, Subtitle: 942x105, Position: grid
[debug] Final subtitle position: (69, 1580) for center,bottom
[debug] Video: 1080x1920, Subtitle: 942x105, Position: grid
[debug] Final subtitle position: (69, 1580) for center,bottom
[debug] Video: 1080x1920, Subtitle: 942x105, Position: grid
[debug] Final subtitle position: (69, 1580) for center,bottom
[debug] Video: 1080x1920, Subtitle: 942x105, Position: grid
[debug] Final subtitle position: (69, 1580) for center,bottom
[debug] Video: 1080x1920, Subtitle: 942x105, Position: grid
[debug] Final subtitle position: (69, 1580) for center,bottom
[debug] Video: 1080x1920, Subtitle: 942x105, Position: grid
[debug] Final subtitle position: (69, 1580) for center,bottom
[debug] Video: 1080x1920, Subtitle: 942x105, Position: grid
[debug] Final subtitle position: (69, 1580) for center,bottom
[debug] Video: 1080x1920, Subtitle: 942x105, Position: grid
[debug] Final subtitle position: (69, 1580) for center,bottom
[debug] Video: 1080x1920, Subtitle: 942x105, Position: grid
[debug] Final subtitle position: (69, 1580) for center,bottom
[debug] Video: 1080x1920, Subtitle: 942x105, Position: grid
[debug] Final subtitle position: (69, 1580) for center,bottom
[debug] Video: 1080x1920, Subtitle: 942x105, Position: grid
[debug] Final subtitle position: (69, 1580) for center,bottom
[debug] Video: 1080x1920, Subtitle: 942x105, Position: grid
[debug] Final subtitle position: (69, 1580) for center,bottom
[debug] Video: 1080x1920, Subtitle: 942x105, Position: grid
[debug] Final subtitle position: (69, 1580) for center,bottom
[debug] Video: 1080x1920, Subtitle: 942x105, Position: grid
[debug] Final subtitle position: (69, 1580) for center,bottom
[debug] Video: 1080x1920, Subtitle: 942x105, Position: grid
[debug] Final subtitle position: (69, 1580) for center,bottom
[debug] Video: 1080x1920, Subtitle: 942x105, Position: grid
[debug] Final subtitle position: (69, 1580) for center,bottom
[debug] Video: 1080x1920, Subtitle: 942x105, Position: grid
[debug] Final subtitle position: (69, 1580) for center,bottom
[debug] Video: 1080x1920, Subtitle: 942x105, Position: grid
[debug] Final subtitle position: (69, 1580) for center,bottom
[debug] Video: 1080x1920, Subtitle: 942x105, Position: grid
[debug] Final subtitle position: (69, 1580) for center,bottom
[debug] Video: 1080x1920, Subtitle: 942x105, Position: grid
[debug] Final subtitle position: (69, 1580) for center,bottom
[debug] Video: 1080x1920, Subtitle: 942x105, Position: grid
[debug] Final subtitle position: (69, 1580) for center,bottom
[debug] Video: 1080x1920, Subtitle: 942x105, Position: grid
[debug] Final subtitle position: (69, 1580) for center,bottom
[debug] Video: 1080x1920, Subtitle: 942x105, Position: grid
[debug] Final subtitle position: (69, 1580) for center,bottom
[debug] Video: 1080x1920, Subtitle: 942x105, Position: grid
[debug] Final subtitle position: (69, 1580) for center,bottom
[debug] Video: 1080x1920, Subtitle: 942x105, Position: grid
[debug] Final subtitle position: (69, 1580) for center,bottom
[debug] Video: 1080x1920, Subtitle: 942x105, Position: grid
[debug] Final subtitle position: (69, 1580) for center,bottom
[debug] Video: 1080x1920, Subtitle: 942x105, Position: grid
[debug] Final subtitle position: (69, 1580) for center,bottom
[debug] Video: 1080x1920, Subtitle: 942x105, Position: grid
[debug] Final subtitle position: (69, 1580) for center,bottom
[debug] Video: 1080x1920, Subtitle: 942x105, Position: grid
[debug] Final subtitle position: (69, 1580) for center,bottom
[debug] Video: 1080x1920, Subtitle: 942x105, Position: grid
[debug] Final subtitle position: (69, 1580) for center,bottom
[debug] Video: 1080x1920, Subtitle: 942x105, Position: grid
[debug] Final subtitle position: (69, 1580) for center,bottom
[debug] Video: 1080x1920, Subtitle: 942x105, Position: grid
[debug] Final subtitle position: (69, 1580) for center,bottom
[debug] Video: 1080x1920, Subtitle: 942x105, Position: grid
[debug] Final subtitle position: (69, 1580) for center,bottom
[debug] Video: 1080x1920, Subtitle: 942x105, Position: grid
[debug] Final subtitle position: (69, 1580) for center,bottom
[debug] Video: 1080x1920, Subtitle: 942x105, Position: grid
[debug] Final subtitle position: (69, 1580) for center,bottom
[debug] Video: 1080x1920, Subtitle: 942x105, Position: grid
[debug] Final subtitle position: (69, 1580) for center,bottom
[debug] Video: 1080x1920, Subtitle: 942x105, Position: grid
[debug] Final subtitle position: (69, 1580) for center,bottom
[debug] Video: 1080x1920, Subtitle: 942x105, Position: grid
[debug] Final subtitle position: (69, 1580) for center,bottom
[debug] Video: 1080x1920, Subtitle: 942x105, Position: grid
[debug] Final subtitle position: (69, 1580) for center,bottom
[debug] Video: 1080x1920, Subtitle: 942x105, Position: grid
[debug] Final subtitle position: (69, 1580) for center,bottom
[debug] Video: 1080x1920, Subtitle: 942x105, Position: grid
[debug] Final subtitle position: (69, 1580) for center,bottom
[debug] Video: 1080x1920, Subtitle: 942x105, Position: grid
[debug] Final subtitle position: (69, 1580) for center,bottom
[debug] Video: 1080x1920, Subtitle: 942x105, Position: grid
[debug] Final subtitle position: (69, 1580) for center,bottom
[debug] Video: 1080x1920, Subtitle: 942x105, Position: grid
[debug] Final subtitle position: (69, 1580) for center,bottom
[debug] Video: 1080x1920, Subtitle: 942x105, Position: grid
[debug] Final subtitle position: (69, 1580) for center,bottom
[debug] Video: 1080x1920, Subtitle: 942x105, Position: grid
[debug] Final subtitle position: (69, 1580) for center,bottom
[debug] Video: 1080x1920, Subtitle: 942x105, Position: grid
[debug] Final subtitle position: (69, 1580) for center,bottom
[debug] Video: 1080x1920, Subtitle: 942x105, Position: grid
[debug] Final subtitle position: (69, 1580) for center,bottom
[debug] Video: 1080x1920, Subtitle: 942x105, Position: grid
[debug] Final subtitle position: (69, 1580) for center,bottom
[debug] Video: 1080x1920, Subtitle: 942x105, Position: grid
[debug] Final subtitle position: (69, 1580) for center,bottom
[debug] Video: 1080x1920, Subtitle: 942x105, Position: grid
[debug] Final subtitle position: (69, 1580) for center,bottom
[debug] Video: 1080x1920, Subtitle: 942x105, Position: grid
[debug] Final subtitle position: (69, 1580) for center,bottom
[debug] Video: 1080x1920, Subtitle: 942x105, Position: grid
[debug] Final subtitle position: (69, 1580) for center,bottom
[debug] Video: 1080x1920, Subtitle: 942x105, Position: grid
[debug] Final subtitle position: (69, 1580) for center,bottom
[debug] Video: 1080x1920, Subtitle: 942x105, Position: grid
[debug] Final subtitle position: (69, 1580) for center,bottom
[debug] Video: 1080x1920, Subtitle: 942x105, Position: grid
[debug] Final subtitle position: (69, 1580) for center,bottom
[debug] Video: 1080x1920, Subtitle: 942x105, Position: grid
[debug] Final subtitle position: (69, 1580) for center,bottom
[debug] Video: 1080x1920, Subtitle: 942x105, Position: grid
[debug] Final subtitle position: (69, 1580) for center,bottom
[debug] Video: 1080x1920, Subtitle: 942x105, Position: grid
[debug] Final subtitle position: (69, 1580) for center,bottom
[debug] Video: 1080x1920, Subtitle: 942x105, Position: grid
[debug] Final subtitle position: (69, 1580) for center,bottom
[debug] Video: 1080x1920, Subtitle: 942x105, Position: grid
[debug] Final subtitle position: (69, 1580) for center,bottom
[debug] Video: 1080x1920, Subtitle: 942x105, Position: grid
[debug] Final subtitle position: (69, 1580) for center,bottom
[debug] Video: 1080x1920, Subtitle: 942x105, Position: grid
[debug] Final subtitle position: (69, 1580) for center,bottom
[debug] Video: 1080x1920, Subtitle: 942x105, Position: grid
[debug] Final subtitle position: (69, 1580) for center,bottom
[debug] Video: 1080x1920, Subtitle: 942x105, Position: grid
[debug] Final subtitle position: (69, 1580) for center,bottom
[debug] Video: 1080x1920, Subtitle: 942x105, Position: grid
[debug] Final subtitle position: (69, 1580) for center,bottom
[debug] Video: 1080x1920, Subtitle: 942x105, Position: grid
[debug] Final subtitle position: (69, 1580) for center,bottom
[debug] Video: 1080x1920, Subtitle: 942x105, Position: grid
[debug] Final subtitle position: (69, 1580) for center,bottom
[debug] Video: 1080x1920, Subtitle: 942x105, Position: grid
[debug] Final subtitle position: (69, 1580) for center,bottom
[debug] Video: 1080x1920, Subtitle: 942x105, Position: grid
[debug] Final subtitle position: (69, 1580) for center,bottom
[debug] Video: 1080x1920, Subtitle: 942x105, Position: grid
[debug] Final subtitle position: (69, 1580) for center,bottom
[debug] Video: 1080x1920, Subtitle: 942x105, Position: grid
[debug] Final subtitle position: (69, 1580) for center,bottom
[debug] Video: 1080x1920, Subtitle: 942x105, Position: grid
[debug] Final subtitle position: (69, 1580) for center,bottom
[debug] Video: 1080x1920, Subtitle: 942x105, Position: grid
[debug] Final subtitle position: (69, 1580) for center,bottom
[debug] Video: 1080x1920, Subtitle: 942x105, Position: grid
[debug] Final subtitle position: (69, 1580) for center,bottom
[debug] Video: 1080x1920, Subtitle: 942x105, Position: grid
[debug] Final subtitle position: (69, 1580) for center,bottom
[debug] Video: 1080x1920, Subtitle: 942x105, Position: grid
[debug] Final subtitle position: (69, 1580) for center,bottom
[debug] Video: 1080x1920, Subtitle: 942x105, Position: grid
[debug] Final subtitle position: (69, 1580) for center,bottom
[debug] Video: 1080x1920, Subtitle: 942x105, Position: grid
[debug] Final subtitle position: (69, 1580) for center,bottom
[debug] Video: 1080x1920, Subtitle: 942x105, Position: grid
[debug] Final subtitle position: (69, 1580) for center,bottom
[debug] Video: 1080x1920, Subtitle: 942x105, Position: grid
[debug] Final subtitle position: (69, 1580) for center,bottom
[debug] Video: 1080x1920, Subtitle: 942x105, Position: grid
[debug] Final subtitle position: (69, 1580) for center,bottom
[debug] Video: 1080x1920, Subtitle: 942x105, Position: grid
[debug] Final subtitle position: (69, 1580) for center,bottom
[debug] Video: 1080x1920, Subtitle: 942x105, Position: grid
[debug] Final subtitle position: (69, 1580) for center,bottom
[debug] Video: 1080x1920, Subtitle: 942x105, Position: grid
[debug] Final subtitle position: (69, 1580) for center,bottom
[debug] Video: 1080x1920, Subtitle: 942x105, Position: grid
[debug] Final subtitle position: (69, 1580) for center,bottom
[debug] Video: 1080x1920, Subtitle: 942x105, Position: grid
[debug] Final subtitle position: (69, 1580) for center,bottom
[debug] Video: 1080x1920, Subtitle: 942x105, Position: grid
[debug] Final subtitle position: (69, 1580) for center,bottom
[debug] Video: 1080x1920, Subtitle: 942x105, Position: grid
[debug] Final subtitle position: (69, 1580) for center,bottom
[debug] Video: 1080x1920, Subtitle: 942x105, Position: grid
[debug] Final subtitle position: (69, 1580) for center,bottom
[debug] Video: 1080x1920, Subtitle: 942x105, Position: grid
[debug] Final subtitle position: (69, 1580) for center,bottom
[debug] Video: 1080x1920, Subtitle: 942x105, Position: grid
[debug] Final subtitle position: (69, 1580) for center,bottom
[debug] Video: 1080x1920, Subtitle: 942x105, Position: grid
[debug] Final subtitle position: (69, 1580) for center,bottom
[debug] Video: 1080x1920, Subtitle: 942x105, Position: grid
[debug] Final subtitle position: (69, 1580) for center,bottom
[debug] Video: 1080x1920, Subtitle: 942x105, Position: grid
[debug] Final subtitle position: (69, 1580) for center,bottom
[debug] Video: 1080x1920, Subtitle: 942x105, Position: grid
[debug] Final subtitle position: (69, 1580) for center,bottom
[debug] Video: 1080x1920, Subtitle: 942x105, Position: grid
[debug] Final subtitle position: (69, 1580) for center,bottom
[debug] Video: 1080x1920, Subtitle: 942x105, Position: grid
[debug] Final subtitle position: (69, 1580) for center,bottom
[debug] Video: 1080x1920, Subtitle: 942x105, Position: grid
[debug] Final subtitle position: (69, 1580) for center,bottom
[debug] Video: 1080x1920, Subtitle: 942x105, Position: grid
[debug] Final subtitle position: (69, 1580) for center,bottom
[debug] Video: 1080x1920, Subtitle: 942x105, Position: grid
[debug] Final subtitle position: (69, 1580) for center,bottom
[debug] Video: 1080x1920, Subtitle: 942x105, Position: grid
[debug] Final subtitle position: (69, 1580) for center,bottom
[debug] Video: 1080x1920, Subtitle: 942x105, Position: grid
[debug] Final subtitle position: (69, 1580) for center,bottom
[debug] Video: 1080x1920, Subtitle: 942x105, Position: grid
[debug] Final subtitle position: (69, 1580) for center,bottom
[debug] Video: 1080x1920, Subtitle: 942x105, Position: grid
[debug] Final subtitle position: (69, 1580) for center,bottom
[debug] Video: 1080x1920, Subtitle: 942x105, Position: grid
[debug] Final subtitle position: (69, 1580) for center,bottom
[debug] Video: 1080x1920, Subtitle: 942x105, Position: grid
[debug] Final subtitle position: (69, 1580) for center,bottom
[debug] Video: 1080x1920, Subtitle: 942x105, Position: grid
[debug] Final subtitle position: (69, 1580) for center,bottom
[debug] Video: 1080x1920, Subtitle: 942x105, Position: grid
[debug] Final subtitle position: (69, 1580) for center,bottom
[debug] Video: 1080x1920, Subtitle: 942x105, Position: grid
[debug] Final subtitle position: (69, 1580) for center,bottom
[debug] Video: 1080x1920, Subtitle: 942x105, Position: grid
[debug] Final subtitle position: (69, 1580) for center,bottom
[debug] Video: 1080x1920, Subtitle: 942x105, Position: grid
[debug] Final subtitle position: (69, 1580) for center,bottom
[debug] Video: 1080x1920, Subtitle: 942x105, Position: grid
[debug] Final subtitle position: (69, 1580) for center,bottom
[debug] Video: 1080x1920, Subtitle: 942x105, Position: grid
[debug] Final subtitle position: (69, 1580) for center,bottom
[debug] Video: 1080x1920, Subtitle: 942x105, Position: grid
[debug] Final subtitle position: (69, 1580) for center,bottom
[debug] Video: 1080x1920, Subtitle: 942x105, Position: grid
[debug] Final subtitle position: (69, 1580) for center,bottom
[debug] Video: 1080x1920, Subtitle: 942x105, Position: grid
[debug] Final subtitle position: (69, 1580) for center,bottom
[debug] Video: 1080x1920, Subtitle: 942x105, Position: grid
[debug] Final subtitle position: (69, 1580) for center,bottom
[debug] Video: 1080x1920, Subtitle: 942x105, Position: grid
[debug] Final subtitle position: (69, 1580) for center,bottom
[debug] Video: 1080x1920, Subtitle: 942x105, Position: grid
[debug] Final subtitle position: (69, 1580) for center,bottom
[debug] Video: 1080x1920, Subtitle: 942x105, Position: grid
[debug] Final subtitle position: (69, 1580) for center,bottom
[debug] Video: 1080x1920, Subtitle: 942x105, Position: grid
[debug] Final subtitle position: (69, 1580) for center,bottom
[debug] Video: 1080x1920, Subtitle: 942x105, Position: grid
[debug] Final subtitle position: (69, 1580) for center,bottom
[debug] Video: 1080x1920, Subtitle: 942x105, Position: grid
[debug] Final subtitle position: (69, 1580) for center,bottom
[debug] Video: 1080x1920, Subtitle: 942x105, Position: grid
[debug] Final subtitle position: (69, 1580) for center,bottom
[debug] Video: 1080x1920, Subtitle: 942x105, Position: grid
[debug] Final subtitle position: (69, 1580) for center,bottom
[debug] Video: 1080x1920, Subtitle: 942x105, Position: grid
[debug] Final subtitle position: (69, 1580) for center,bottom
[debug] Video: 1080x1920, Subtitle: 942x105, Position: grid
[debug] Final subtitle position: (69, 1580) for center,bottom
[debug] Video: 1080x1920, Subtitle: 942x105, Position: grid
[debug] Final subtitle position: (69, 1580) for center,bottom
[debug] Video: 1080x1920, Subtitle: 942x105, Position: grid
[debug] Final subtitle position: (69, 1580) for center,bottom
[debug] Video: 1080x1920, Subtitle: 942x105, Position: grid
[debug] Final subtitle position: (69, 1580) for center,bottom
[debug] Video: 1080x1920, Subtitle: 942x105, Position: grid
[debug] Final subtitle position: (69, 1580) for center,bottom
[debug] Video: 1080x1920, Subtitle: 942x105, Position: grid
[debug] Final subtitle position: (69, 1580) for center,bottom
[debug] Video: 1080x1920, Subtitle: 942x105, Position: grid
[debug] Final subtitle position: (69, 1580) for center,bottom
[debug] Video: 1080x1920, Subtitle: 942x105, Position: grid
[debug] Final subtitle position: (69, 1580) for center,bottom
[debug] Video: 1080x1920, Subtitle: 942x105, Position: grid
[debug] Final subtitle position: (69, 1580) for center,bottom
[debug] Video: 1080x1920, Subtitle: 942x105, Position: grid
[debug] Final subtitle position: (69, 1580) for center,bottom
[debug] Video: 1080x1920, Subtitle: 942x105, Position: grid
[debug] Final subtitle position: (69, 1580) for center,bottom
[debug] Video: 1080x1920, Subtitle: 942x105, Position: grid
[debug] Final subtitle position: (69, 1580) for center,bottom
[debug] Video: 1080x1920, Subtitle: 942x105, Position: grid
[debug] Final subtitle position: (69, 1580) for center,bottom
[debug] Video: 1080x1920, Subtitle: 942x105, Position: grid
[debug] Final subtitle position: (69, 1580) for center,bottom
[debug] Video: 1080x1920, Subtitle: 942x105, Position: grid
[debug] Final subtitle position: (69, 1580) for center,bottom
[debug] Video: 1080x1920, Subtitle: 942x105, Position: grid
[debug] Final subtitle position: (69, 1580) for center,bottom
[debug] Video: 1080x1920, Subtitle: 942x105, Position: grid
[debug] Final subtitle position: (69, 1580) for center,bottom
[debug] Video: 1080x1920, Subtitle: 942x105, Position: grid
[debug] Final subtitle position: (69, 1580) for center,bottom
[debug] Video: 1080x1920, Subtitle: 942x105, Position: grid
[debug] Final subtitle position: (69, 1580) for center,bottom
[debug] Video: 1080x1920, Subtitle: 942x105, Position: grid
[debug] Final subtitle position: (69, 1580) for center,bottom
[debug] Video: 1080x1920, Subtitle: 942x105, Position: grid
[debug] Final subtitle position: (69, 1580) for center,bottom
[debug] Video: 1080x1920, Subtitle: 942x105, Position: grid
[debug] Final subtitle position: (69, 1580) for center,bottom
[debug] Video: 1080x1920, Subtitle: 942x105, Position: grid
[debug] Final subtitle position: (69, 1580) for center,bottom
[debug] Video: 1080x1920, Subtitle: 942x105, Position: grid
[debug] Final subtitle position: (69, 1580) for center,bottom
[debug] Video: 1080x1920, Subtitle: 942x105, Position: grid
[debug] Final subtitle position: (69, 1580) for center,bottom
[debug] Video: 1080x1920, Subtitle: 942x105, Position: grid
[debug] Final subtitle position: (69, 1580) for center,bottom
[debug] Video: 1080x1920, Subtitle: 942x105, Position: grid
[debug] Final subtitle position: (69, 1580) for center,bottom
[debug] Video: 1080x1920, Subtitle: 942x105, Position: grid
[debug] Final subtitle position: (69, 1580) for center,bottom
[debug] Video: 1080x1920, Subtitle: 942x105, Position: grid
[debug] Final subtitle position: (69, 1580) for center,bottom
[debug] Video: 1080x1920, Subtitle: 942x105, Position: grid
[debug] Final subtitle position: (69, 1580) for center,bottom
[debug] Video: 1080x1920, Subtitle: 942x105, Position: grid
[debug] Final subtitle position: (69, 1580) for center,bottom
[debug] Video: 1080x1920, Subtitle: 942x105, Position: grid
[debug] Final subtitle position: (69, 1580) for center,bottom
[debug] Video: 1080x1920, Subtitle: 942x105, Position: grid
[debug] Final subtitle position: (69, 1580) for center,bottom
[debug] Video: 1080x1920, Subtitle: 942x105, Position: grid
[debug] Final subtitle position: (69, 1580) for center,bottom
[debug] Video: 1080x1920, Subtitle: 942x105, Position: grid
[debug] Final subtitle position: (69, 1580) for center,bottom
[debug] Video: 1080x1920, Subtitle: 942x105, Position: grid
[debug] Final subtitle position: (69, 1580) for center,bottom
[debug] Video: 1080x1920, Subtitle: 942x105, Position: grid
[debug] Final subtitle position: (69, 1580) for center,bottom
[debug] Video: 1080x1920, Subtitle: 942x105, Position: grid
[debug] Final subtitle position: (69, 1580) for center,bottom
[debug] Video: 1080x1920, Subtitle: 942x105, Position: grid
[debug] Final subtitle position: (69, 1580) for center,bottom
[debug] Video: 1080x1920, Subtitle: 942x105, Position: grid
[debug] Final subtitle position: (69, 1580) for center,bottom
[debug] Video: 1080x1920, Subtitle: 942x105, Position: grid
[debug] Final subtitle position: (69, 1580) for center,bottom
[debug] Video: 1080x1920, Subtitle: 942x105, Position: grid
[debug] Final subtitle position: (69, 1580) for center,bottom
[debug] Video: 1080x1920, Subtitle: 942x105, Position: grid
[debug] Final subtitle position: (69, 1580) for center,bottom
[debug] Video: 1080x1920, Subtitle: 942x105, Position: grid
[debug] Final subtitle position: (69, 1580) for center,bottom
[debug] Video: 1080x1920, Subtitle: 942x105, Position: grid
[debug] Final subtitle position: (69, 1580) for center,bottom
[debug] Video: 1080x1920, Subtitle: 942x105, Position: grid
[debug] Final subtitle position: (69, 1580) for center,bottom
[debug] Video: 1080x1920, Subtitle: 942x105, Position: grid
[debug] Final subtitle position: (69, 1580) for center,bottom
[debug] Video: 1080x1920, Subtitle: 942x105, Position: grid
[debug] Final subtitle position: (69, 1580) for center,bottom
[debug] Video: 1080x1920, Subtitle: 942x105, Position: grid
[debug] Final subtitle position: (69, 1580) for center,bottom
[debug] Video: 1080x1920, Subtitle: 942x105, Position: grid
[debug] Final subtitle position: (69, 1580) for center,bottom
[debug] Video: 1080x1920, Subtitle: 942x105, Position: grid
[debug] Final subtitle position: (69, 1580) for center,bottom
[debug] Video: 1080x1920, Subtitle: 942x105, Position: grid
[debug] Final subtitle position: (69, 1580) for center,bottom
[debug] Video: 1080x1920, Subtitle: 942x105, Position: grid
[debug] Final subtitle position: (69, 1580) for center,bottom
[debug] Video: 1080x1920, Subtitle: 942x105, Position: grid
[debug] Final subtitle position: (69, 1580) for center,bottom
[debug] Video: 1080x1920, Subtitle: 942x105, Position: grid
[debug] Final subtitle position: (69, 1580) for center,bottom
[debug] Video: 1080x1920, Subtitle: 942x105, Position: grid
[debug] Final subtitle position: (69, 1580) for center,bottom
[debug] Video: 1080x1920, Subtitle: 942x105, Position: grid
[debug] Final subtitle position: (69, 1580) for center,bottom
[debug] Video: 1080x1920, Subtitle: 942x105, Position: grid
[debug] Final subtitle position: (69, 1580) for center,bottom
[debug] Video: 1080x1920, Subtitle: 942x105, Position: grid
[debug] Final subtitle position: (69, 1580) for center,bottom
[debug] Video: 1080x1920, Subtitle: 942x105, Position: grid
[debug] Final subtitle position: (69, 1580) for center,bottom
[debug] Video: 1080x1920, Subtitle: 942x105, Position: grid
[debug] Final subtitle position: (69, 1580) for center,bottom
[debug] Video: 1080x1920, Subtitle: 942x105, Position: grid
[debug] Final subtitle position: (69, 1580) for center,bottom
[debug] Video: 1080x1920, Subtitle: 942x105, Position: grid
[debug] Final subtitle position: (69, 1580) for center,bottom
[debug] Video: 1080x1920, Subtitle: 942x105, Position: grid
[debug] Final subtitle position: (69, 1580) for center,bottom
[debug] Video: 1080x1920, Subtitle: 942x105, Position: grid
[debug] Final subtitle position: (69, 1580) for center,bottom
[debug] Video: 1080x1920, Subtitle: 942x105, Position: grid
[debug] Final subtitle position: (69, 1580) for center,bottom
[debug] Video: 1080x1920, Subtitle: 942x105, Position: grid
[debug] Final subtitle position: (69, 1580) for center,bottom
[debug] Video: 1080x1920, Subtitle: 942x105, Position: grid
[debug] Final subtitle position: (69, 1580) for center,bottom
[debug] Video: 1080x1920, Subtitle: 942x105, Position: grid
[debug] Final subtitle position: (69, 1580) for center,bottom
[debug] Video: 1080x1920, Subtitle: 942x105, Position: grid
[debug] Final subtitle position: (69, 1580) for center,bottom
[debug] Video: 1080x1920, Subtitle: 942x105, Position: grid
[debug] Final subtitle position: (69, 1580) for center,bottom
[debug] Video: 1080x1920, Subtitle: 942x105, Position: grid
[debug] Final subtitle position: (69, 1580) for center,bottom
[debug] Video: 1080x1920, Subtitle: 942x105, Position: grid
[debug] Final subtitle position: (69, 1580) for center,bottom
[debug] Video: 1080x1920, Subtitle: 942x105, Position: grid
[debug] Final subtitle position: (69, 1580) for center,bottom
[debug] Video: 1080x1920, Subtitle: 942x105, Position: grid
[debug] Final subtitle position: (69, 1580) for center,bottom
[warn] Font Arial-Bold failed: Invalid font Arial-Bold, pillow failed to use it with error cannot open resource
[warn] Font arial.ttf failed: Invalid font arial.ttf, pillow failed to use it with error cannot open resource
[debug] Successfully created TextClip with font: Arial, size: 918x46
[debug] Video: 1080x1920, Subtitle: 942x62, Position: grid
[debug] Final subtitle position: (69, 1601) for center,bottom
[debug] Video: 1080x1920, Subtitle: 942x62, Position: grid
[debug] Final subtitle position: (69, 1601) for center,bottom
[debug] Video: 1080x1920, Subtitle: 942x62, Position: grid
[debug] Final subtitle position: (69, 1601) for center,bottom
[debug] Video: 1080x1920, Subtitle: 942x62, Position: grid
[debug] Final subtitle position: (69, 1601) for center,bottom
[debug] Video: 1080x1920, Subtitle: 942x62, Position: grid
[debug] Final subtitle position: (69, 1601) for center,bottom
[debug] Video: 1080x1920, Subtitle: 942x62, Position: grid
[debug] Final subtitle position: (69, 1601) for center,bottom
[debug] Video: 1080x1920, Subtitle: 942x62, Position: grid
[debug] Final subtitle position: (69, 1601) for center,bottom
[debug] Video: 1080x1920, Subtitle: 942x62, Position: grid
[debug] Final subtitle position: (69, 1601) for center,bottom
[debug] Video: 1080x1920, Subtitle: 942x62, Position: grid
[debug] Final subtitle position: (69, 1601) for center,bottom
[debug] Video: 1080x1920, Subtitle: 942x62, Position: grid
[debug] Final subtitle position: (69, 1601) for center,bottom
[debug] Video: 1080x1920, Subtitle: 942x62, Position: grid
[debug] Final subtitle position: (69, 1601) for center,bottom
[debug] Video: 1080x1920, Subtitle: 942x62, Position: grid
[debug] Final subtitle position: (69, 1601) for center,bottom
[debug] Video: 1080x1920, Subtitle: 942x62, Position: grid
[debug] Final subtitle position: (69, 1601) for center,bottom
[debug] Video: 1080x1920, Subtitle: 942x62, Position: grid
[debug] Final subtitle position: (69, 1601) for center,bottom
[debug] Video: 1080x1920, Subtitle: 942x62, Position: grid
[debug] Final subtitle position: (69, 1601) for center,bottom
[debug] Video: 1080x1920, Subtitle: 942x62, Position: grid
[debug] Final subtitle position: (69, 1601) for center,bottom
[debug] Video: 1080x1920, Subtitle: 942x62, Position: grid
[debug] Final subtitle position: (69, 1601) for center,bottom
[debug] Video: 1080x1920, Subtitle: 942x62, Position: grid
[debug] Final subtitle position: (69, 1601) for center,bottom
[debug] Video: 1080x1920, Subtitle: 942x62, Position: grid
[debug] Final subtitle position: (69, 1601) for center,bottom
[debug] Video: 1080x1920, Subtitle: 942x62, Position: grid
[debug] Final subtitle position: (69, 1601) for center,bottom
[debug] Video: 1080x1920, Subtitle: 942x62, Position: grid
[debug] Final subtitle position: (69, 1601) for center,bottom
[debug] Video: 1080x1920, Subtitle: 942x62, Position: grid
[debug] Final subtitle position: (69, 1601) for center,bottom
[debug] Video: 1080x1920, Subtitle: 942x62, Position: grid
[debug] Final subtitle position: (69, 1601) for center,bottom
[debug] Video: 1080x1920, Subtitle: 942x62, Position: grid
[debug] Final subtitle position: (69, 1601) for center,bottom
[debug] Video: 1080x1920, Subtitle: 942x62, Position: grid
[debug] Final subtitle position: (69, 1601) for center,bottom
[debug] Video: 1080x1920, Subtitle: 942x62, Position: grid
[debug] Final subtitle position: (69, 1601) for center,bottom
[debug] Video: 1080x1920, Subtitle: 942x62, Position: grid
[debug] Final subtitle position: (69, 1601) for center,bottom
[debug] Video: 1080x1920, Subtitle: 942x62, Position: grid
[debug] Final subtitle position: (69, 1601) for center,bottom
[debug] Video: 1080x1920, Subtitle: 942x62, Position: grid
[debug] Final subtitle position: (69, 1601) for center,bottom
[debug] Video: 1080x1920, Subtitle: 942x62, Position: grid
[debug] Final subtitle position: (69, 1601) for center,bottom
[debug] Video: 1080x1920, Subtitle: 942x62, Position: grid
[debug] Final subtitle position: (69, 1601) for center,bottom
[debug] Video: 1080x1920, Subtitle: 942x62, Position: grid
[debug] Final subtitle position: (69, 1601) for center,bottom
[debug] Video: 1080x1920, Subtitle: 942x62, Position: grid
[debug] Final subtitle position: (69, 1601) for center,bottom
[debug] Video: 1080x1920, Subtitle: 942x62, Position: grid
[debug] Final subtitle position: (69, 1601) for center,bottom
[debug] Video: 1080x1920, Subtitle: 942x62, Position: grid
[debug] Final subtitle position: (69, 1601) for center,bottom
[debug] Video: 1080x1920, Subtitle: 942x62, Position: grid
[debug] Final subtitle position: (69, 1601) for center,bottom
[debug] Video: 1080x1920, Subtitle: 942x62, Position: grid
[debug] Final subtitle position: (69, 1601) for center,bottom
[debug] Video: 1080x1920, Subtitle: 942x62, Position: grid
[debug] Final subtitle position: (69, 1601) for center,bottom
[debug] Video: 1080x1920, Subtitle: 942x62, Position: grid
[debug] Final subtitle position: (69, 1601) for center,bottom
[debug] Video: 1080x1920, Subtitle: 942x62, Position: grid
[debug] Final subtitle position: (69, 1601) for center,bottom
[debug] Video: 1080x1920, Subtitle: 942x62, Position: grid
[debug] Final subtitle position: (69, 1601) for center,bottom
[debug] Video: 1080x1920, Subtitle: 942x62, Position: grid
[debug] Final subtitle position: (69, 1601) for center,bottom
[debug] Video: 1080x1920, Subtitle: 942x62, Position: grid
[debug] Final subtitle position: (69, 1601) for center,bottom
[debug] Video: 1080x1920, Subtitle: 942x62, Position: grid
[debug] Final subtitle position: (69, 1601) for center,bottom
[debug] Video: 1080x1920, Subtitle: 942x62, Position: grid
[debug] Final subtitle position: (69, 1601) for center,bottom
[debug] Video: 1080x1920, Subtitle: 942x62, Position: grid
[debug] Final subtitle position: (69, 1601) for center,bottom
[debug] Video: 1080x1920, Subtitle: 942x62, Position: grid
[debug] Final subtitle position: (69, 1601) for center,bottom
[debug] Video: 1080x1920, Subtitle: 942x62, Position: grid
[debug] Final subtitle position: (69, 1601) for center,bottom
[debug] Video: 1080x1920, Subtitle: 942x62, Position: grid
[debug] Final subtitle position: (69, 1601) for center,bottom
[debug] Video: 1080x1920, Subtitle: 942x62, Position: grid
[debug] Final subtitle position: (69, 1601) for center,bottom
[debug] Video: 1080x1920, Subtitle: 942x62, Position: grid
[debug] Final subtitle position: (69, 1601) for center,bottom
[debug] Video: 1080x1920, Subtitle: 942x62, Position: grid
[debug] Final subtitle position: (69, 1601) for center,bottom
[debug] Video: 1080x1920, Subtitle: 942x62, Position: grid
[debug] Final subtitle position: (69, 1601) for center,bottom
[debug] Video: 1080x1920, Subtitle: 942x62, Position: grid
[debug] Final subtitle position: (69, 1601) for center,bottom
[debug] Video: 1080x1920, Subtitle: 942x62, Position: grid
[debug] Final subtitle position: (69, 1601) for center,bottom
[debug] Video: 1080x1920, Subtitle: 942x62, Position: grid
[debug] Final subtitle position: (69, 1601) for center,bottom
[debug] Video: 1080x1920, Subtitle: 942x62, Position: grid
[debug] Final subtitle position: (69, 1601) for center,bottom
[debug] Video: 1080x1920, Subtitle: 942x62, Position: grid
[debug] Final subtitle position: (69, 1601) for center,bottom
[debug] Video: 1080x1920, Subtitle: 942x62, Position: grid
[debug] Final subtitle position: (69, 1601) for center,bottom
[debug] Video: 1080x1920, Subtitle: 942x62, Position: grid
[debug] Final subtitle position: (69, 1601) for center,bottom
[debug] Video: 1080x1920, Subtitle: 942x62, Position: grid
[debug] Final subtitle position: (69, 1601) for center,bottom
[debug] Video: 1080x1920, Subtitle: 942x62, Position: grid
[debug] Final subtitle position: (69, 1601) for center,bottom
[debug] Video: 1080x1920, Subtitle: 942x62, Position: grid
[debug] Final subtitle position: (69, 1601) for center,bottom
[debug] Video: 1080x1920, Subtitle: 942x62, Position: grid
[debug] Final subtitle position: (69, 1601) for center,bottom
[debug] Video: 1080x1920, Subtitle: 942x62, Position: grid
[debug] Final subtitle position: (69, 1601) for center,bottom
[debug] Video: 1080x1920, Subtitle: 942x62, Position: grid
[debug] Final subtitle position: (69, 1601) for center,bottom
[debug] Video: 1080x1920, Subtitle: 942x62, Position: grid
[debug] Final subtitle position: (69, 1601) for center,bottom
[debug] Video: 1080x1920, Subtitle: 942x62, Position: grid
[debug] Final subtitle position: (69, 1601) for center,bottom
[debug] Video: 1080x1920, Subtitle: 942x62, Position: grid
[debug] Final subtitle position: (69, 1601) for center,bottom
[debug] Video: 1080x1920, Subtitle: 942x62, Position: grid
[debug] Final subtitle position: (69, 1601) for center,bottom
[debug] Video: 1080x1920, Subtitle: 942x62, Position: grid
[debug] Final subtitle position: (69, 1601) for center,bottom
[debug] Video: 1080x1920, Subtitle: 942x62, Position: grid
[debug] Final subtitle position: (69, 1601) for center,bottom
[debug] Video: 1080x1920, Subtitle: 942x62, Position: grid
[debug] Final subtitle position: (69, 1601) for center,bottom
[debug] Video: 1080x1920, Subtitle: 942x62, Position: grid
[debug] Final subtitle position: (69, 1601) for center,bottom
[debug] Video: 1080x1920, Subtitle: 942x62, Position: grid
[debug] Final subtitle position: (69, 1601) for center,bottom
[debug] Video: 1080x1920, Subtitle: 942x62, Position: grid
[debug] Final subtitle position: (69, 1601) for center,bottom
[debug] Video: 1080x1920, Subtitle: 942x62, Position: grid
[debug] Final subtitle position: (69, 1601) for center,bottom
[debug] Video: 1080x1920, Subtitle: 942x62, Position: grid
[debug] Final subtitle position: (69, 1601) for center,bottom
[debug] Video: 1080x1920, Subtitle: 942x62, Position: grid
[debug] Final subtitle position: (69, 1601) for center,bottom
[debug] Video: 1080x1920, Subtitle: 942x62, Position: grid
[debug] Final subtitle position: (69, 1601) for center,bottom
[debug] Video: 1080x1920, Subtitle: 942x62, Position: grid
[debug] Final subtitle position: (69, 1601) for center,bottom
[debug] Video: 1080x1920, Subtitle: 942x62, Position: grid
[debug] Final subtitle position: (69, 1601) for center,bottom
[debug] Video: 1080x1920, Subtitle: 942x62, Position: grid
[debug] Final subtitle position: (69, 1601) for center,bottom
[debug] Video: 1080x1920, Subtitle: 942x62, Position: grid
[debug] Final subtitle position: (69, 1601) for center,bottom
[debug] Video: 1080x1920, Subtitle: 942x62, Position: grid
[debug] Final subtitle position: (69, 1601) for center,bottom
[debug] Video: 1080x1920, Subtitle: 942x62, Position: grid
[debug] Final subtitle position: (69, 1601) for center,bottom
[debug] Video: 1080x1920, Subtitle: 942x62, Position: grid
[debug] Final subtitle position: (69, 1601) for center,bottom
[debug] Video: 1080x1920, Subtitle: 942x62, Position: grid
[debug] Final subtitle position: (69, 1601) for center,bottom
[debug] Video: 1080x1920, Subtitle: 942x62, Position: grid
[debug] Final subtitle position: (69, 1601) for center,bottom
[debug] Video: 1080x1920, Subtitle: 942x62, Position: grid
[debug] Final subtitle position: (69, 1601) for center,bottom
[debug] Video: 1080x1920, Subtitle: 942x62, Position: grid
[debug] Final subtitle position: (69, 1601) for center,bottom
[debug] Video: 1080x1920, Subtitle: 942x62, Position: grid
[debug] Final subtitle position: (69, 1601) for center,bottom
[debug] Video: 1080x1920, Subtitle: 942x62, Position: grid
[debug] Final subtitle position: (69, 1601) for center,bottom
[debug] Video: 1080x1920, Subtitle: 942x62, Position: grid
[debug] Final subtitle position: (69, 1601) for center,bottom
[debug] Video: 1080x1920, Subtitle: 942x62, Position: grid
[debug] Final subtitle position: (69, 1601) for center,bottom
[debug] Video: 1080x1920, Subtitle: 942x62, Position: grid
[debug] Final subtitle position: (69, 1601) for center,bottom
[debug] Video: 1080x1920, Subtitle: 942x62, Position: grid
[debug] Final subtitle position: (69, 1601) for center,bottom
[debug] Video: 1080x1920, Subtitle: 942x62, Position: grid
[debug] Final subtitle position: (69, 1601) for center,bottom
[debug] Video: 1080x1920, Subtitle: 942x62, Position: grid
[debug] Final subtitle position: (69, 1601) for center,bottom
[debug] Video: 1080x1920, Subtitle: 942x62, Position: grid
[debug] Final subtitle position: (69, 1601) for center,bottom
[debug] Video: 1080x1920, Subtitle: 942x62, Position: grid
[debug] Final subtitle position: (69, 1601) for center,bottom
[debug] Video: 1080x1920, Subtitle: 942x62, Position: grid
[debug] Final subtitle position: (69, 1601) for center,bottom
[debug] Video: 1080x1920, Subtitle: 942x62, Position: grid
[debug] Final subtitle position: (69, 1601) for center,bottom
[debug] Video: 1080x1920, Subtitle: 942x62, Position: grid
[debug] Final subtitle position: (69, 1601) for center,bottom
[debug] Video: 1080x1920, Subtitle: 942x62, Position: grid
[debug] Final subtitle position: (69, 1601) for center,bottom
[debug] Video: 1080x1920, Subtitle: 942x62, Position: grid
[debug] Final subtitle position: (69, 1601) for center,bottom
[debug] Video: 1080x1920, Subtitle: 942x62, Position: grid
[debug] Final subtitle position: (69, 1601) for center,bottom
[debug] Video: 1080x1920, Subtitle: 942x62, Position: grid
[debug] Final subtitle position: (69, 1601) for center,bottom
[debug] Video: 1080x1920, Subtitle: 942x62, Position: grid
[debug] Final subtitle position: (69, 1601) for center,bottom
[debug] Video: 1080x1920, Subtitle: 942x62, Position: grid
[debug] Final subtitle position: (69, 1601) for center,bottom
[debug] Video: 1080x1920, Subtitle: 942x62, Position: grid
[debug] Final subtitle position: (69, 1601) for center,bottom
[debug] Video: 1080x1920, Subtitle: 942x62, Position: grid
[debug] Final subtitle position: (69, 1601) for center,bottom
[debug] Video: 1080x1920, Subtitle: 942x62, Position: grid
[debug] Final subtitle position: (69, 1601) for center,bottom
[debug] Video: 1080x1920, Subtitle: 942x62, Position: grid
[debug] Final subtitle position: (69, 1601) for center,bottom
[debug] Video: 1080x1920, Subtitle: 942x62, Position: grid
[debug] Final subtitle position: (69, 1601) for center,bottom
[debug] Video: 1080x1920, Subtitle: 942x62, Position: grid
[debug] Final subtitle position: (69, 1601) for center,bottom
[debug] Video: 1080x1920, Subtitle: 942x62, Position: grid
[debug] Final subtitle position: (69, 1601) for center,bottom
[debug] Video: 1080x1920, Subtitle: 942x62, Position: grid
[debug] Final subtitle position: (69, 1601) for center,bottom
[debug] Video: 1080x1920, Subtitle: 942x62, Position: grid
[debug] Final subtitle position: (69, 1601) for center,bottom
[debug] Video: 1080x1920, Subtitle: 942x62, Position: grid
[debug] Final subtitle position: (69, 1601) for center,bottom
[debug] Video: 1080x1920, Subtitle: 942x62, Position: grid
[debug] Final subtitle position: (69, 1601) for center,bottom
[debug] Video: 1080x1920, Subtitle: 942x62, Position: grid
[debug] Final subtitle position: (69, 1601) for center,bottom
[debug] Video: 1080x1920, Subtitle: 942x62, Position: grid
[debug] Final subtitle position: (69, 1601) for center,bottom
[debug] Video: 1080x1920, Subtitle: 942x62, Position: grid
[debug] Final subtitle position: (69, 1601) for center,bottom
[debug] Video: 1080x1920, Subtitle: 942x62, Position: grid
[debug] Final subtitle position: (69, 1601) for center,bottom
[debug] Video: 1080x1920, Subtitle: 942x62, Position: grid
[debug] Final subtitle position: (69, 1601) for center,bottom
[debug] Video: 1080x1920, Subtitle: 942x62, Position: grid
[debug] Final subtitle position: (69, 1601) for center,bottom
[debug] Video: 1080x1920, Subtitle: 942x62, Position: grid
[debug] Final subtitle position: (69, 1601) for center,bottom
[debug] Video: 1080x1920, Subtitle: 942x62, Position: grid
[debug] Final subtitle position: (69, 1601) for center,bottom
[debug] Video: 1080x1920, Subtitle: 942x62, Position: grid
[debug] Final subtitle position: (69, 1601) for center,bottom
[debug] Video: 1080x1920, Subtitle: 942x62, Position: grid
[debug] Final subtitle position: (69, 1601) for center,bottom
[debug] Video: 1080x1920, Subtitle: 942x62, Position: grid
[debug] Final subtitle position: (69, 1601) for center,bottom
[debug] Video: 1080x1920, Subtitle: 942x62, Position: grid
[debug] Final subtitle position: (69, 1601) for center,bottom
[debug] Video: 1080x1920, Subtitle: 942x62, Position: grid
[debug] Final subtitle position: (69, 1601) for center,bottom
[debug] Video: 1080x1920, Subtitle: 942x62, Position: grid
[debug] Final subtitle position: (69, 1601) for center,bottom
[debug] Video: 1080x1920, Subtitle: 942x62, Position: grid
[debug] Final subtitle position: (69, 1601) for center,bottom
[debug] Video: 1080x1920, Subtitle: 942x62, Position: grid
[debug] Final subtitle position: (69, 1601) for center,bottom
[debug] Video: 1080x1920, Subtitle: 942x62, Position: grid
[debug] Final subtitle position: (69, 1601) for center,bottom
[warn] Font Arial-Bold failed: Invalid font Arial-Bold, pillow failed to use it with error cannot open resource
[warn] Font arial.ttf failed: Invalid font arial.ttf, pillow failed to use it with error cannot open resource
[debug] Successfully created TextClip with font: Arial, size: 918x89
[debug] Video: 1080x1920, Subtitle: 942x105, Position: grid
[debug] Final subtitle position: (69, 1580) for center,bottom
[debug] Video: 1080x1920, Subtitle: 942x105, Position: grid
[debug] Final subtitle position: (69, 1580) for center,bottom
[debug] Video: 1080x1920, Subtitle: 942x105, Position: grid
[debug] Final subtitle position: (69, 1580) for center,bottom
[debug] Video: 1080x1920, Subtitle: 942x105, Position: grid
[debug] Final subtitle position: (69, 1580) for center,bottom
[debug] Video: 1080x1920, Subtitle: 942x105, Position: grid
[debug] Final subtitle position: (69, 1580) for center,bottom
[debug] Video: 1080x1920, Subtitle: 942x105, Position: grid
[debug] Final subtitle position: (69, 1580) for center,bottom
[debug] Video: 1080x1920, Subtitle: 942x105, Position: grid
[debug] Final subtitle position: (69, 1580) for center,bottom
[debug] Video: 1080x1920, Subtitle: 942x105, Position: grid
[debug] Final subtitle position: (69, 1580) for center,bottom
[debug] Video: 1080x1920, Subtitle: 942x105, Position: grid
[debug] Final subtitle position: (69, 1580) for center,bottom
[debug] Video: 1080x1920, Subtitle: 942x105, Position: grid
[debug] Final subtitle position: (69, 1580) for center,bottom
[debug] Video: 1080x1920, Subtitle: 942x105, Position: grid
[debug] Final subtitle position: (69, 1580) for center,bottom
[debug] Video: 1080x1920, Subtitle: 942x105, Position: grid
[debug] Final subtitle position: (69, 1580) for center,bottom
[debug] Video: 1080x1920, Subtitle: 942x105, Position: grid
[debug] Final subtitle position: (69, 1580) for center,bottom
[debug] Video: 1080x1920, Subtitle: 942x105, Position: grid
[debug] Final subtitle position: (69, 1580) for center,bottom
[debug] Video: 1080x1920, Subtitle: 942x105, Position: grid
[debug] Final subtitle position: (69, 1580) for center,bottom
[debug] Video: 1080x1920, Subtitle: 942x105, Position: grid
[debug] Final subtitle position: (69, 1580) for center,bottom
[debug] Video: 1080x1920, Subtitle: 942x105, Position: grid
[debug] Final subtitle position: (69, 1580) for center,bottom
[debug] Video: 1080x1920, Subtitle: 942x105, Position: grid
[debug] Final subtitle position: (69, 1580) for center,bottom
[debug] Video: 1080x1920, Subtitle: 942x105, Position: grid
[debug] Final subtitle position: (69, 1580) for center,bottom
[debug] Video: 1080x1920, Subtitle: 942x105, Position: grid
[debug] Final subtitle position: (69, 1580) for center,bottom
[debug] Video: 1080x1920, Subtitle: 942x105, Position: grid
[debug] Final subtitle position: (69, 1580) for center,bottom
[debug] Video: 1080x1920, Subtitle: 942x105, Position: grid
[debug] Final subtitle position: (69, 1580) for center,bottom
[debug] Video: 1080x1920, Subtitle: 942x105, Position: grid
[debug] Final subtitle position: (69, 1580) for center,bottom
[debug] Video: 1080x1920, Subtitle: 942x105, Position: grid
[debug] Final subtitle position: (69, 1580) for center,bottom
[debug] Video: 1080x1920, Subtitle: 942x105, Position: grid
[debug] Final subtitle position: (69, 1580) for center,bottom
[debug] Video: 1080x1920, Subtitle: 942x105, Position: grid
[debug] Final subtitle position: (69, 1580) for center,bottom
[debug] Video: 1080x1920, Subtitle: 942x105, Position: grid
[debug] Final subtitle position: (69, 1580) for center,bottom
[debug] Video: 1080x1920, Subtitle: 942x105, Position: grid
[debug] Final subtitle position: (69, 1580) for center,bottom
[debug] Video: 1080x1920, Subtitle: 942x105, Position: grid
[debug] Final subtitle position: (69, 1580) for center,bottom
[debug] Video: 1080x1920, Subtitle: 942x105, Position: grid
[debug] Final subtitle position: (69, 1580) for center,bottom
[debug] Video: 1080x1920, Subtitle: 942x105, Position: grid
[debug] Final subtitle position: (69, 1580) for center,bottom
[debug] Video: 1080x1920, Subtitle: 942x105, Position: grid
[debug] Final subtitle position: (69, 1580) for center,bottom
[debug] Video: 1080x1920, Subtitle: 942x105, Position: grid
[debug] Final subtitle position: (69, 1580) for center,bottom
[debug] Video: 1080x1920, Subtitle: 942x105, Position: grid
[debug] Final subtitle position: (69, 1580) for center,bottom
[debug] Video: 1080x1920, Subtitle: 942x105, Position: grid
[debug] Final subtitle position: (69, 1580) for center,bottom
[debug] Video: 1080x1920, Subtitle: 942x105, Position: grid
[debug] Final subtitle position: (69, 1580) for center,bottom
[debug] Video: 1080x1920, Subtitle: 942x105, Position: grid
[debug] Final subtitle position: (69, 1580) for center,bottom
[debug] Video: 1080x1920, Subtitle: 942x105, Position: grid
[debug] Final subtitle position: (69, 1580) for center,bottom
[debug] Video: 1080x1920, Subtitle: 942x105, Position: grid
[debug] Final subtitle position: (69, 1580) for center,bottom
[debug] Video: 1080x1920, Subtitle: 942x105, Position: grid
[debug] Final subtitle position: (69, 1580) for center,bottom
[debug] Video: 1080x1920, Subtitle: 942x105, Position: grid
[debug] Final subtitle position: (69, 1580) for center,bottom
[debug] Video: 1080x1920, Subtitle: 942x105, Position: grid
[debug] Final subtitle position: (69, 1580) for center,bottom
[debug] Video: 1080x1920, Subtitle: 942x105, Position: grid
[debug] Final subtitle position: (69, 1580) for center,bottom
[debug] Video: 1080x1920, Subtitle: 942x105, Position: grid
[debug] Final subtitle position: (69, 1580) for center,bottom
[debug] Video: 1080x1920, Subtitle: 942x105, Position: grid
[debug] Final subtitle position: (69, 1580) for center,bottom
[debug] Video: 1080x1920, Subtitle: 942x105, Position: grid
[debug] Final subtitle position: (69, 1580) for center,bottom
[debug] Video: 1080x1920, Subtitle: 942x105, Position: grid
[debug] Final subtitle position: (69, 1580) for center,bottom
[debug] Video: 1080x1920, Subtitle: 942x105, Position: grid
[debug] Final subtitle position: (69, 1580) for center,bottom
[debug] Video: 1080x1920, Subtitle: 942x105, Position: grid
[debug] Final subtitle position: (69, 1580) for center,bottom
[debug] Video: 1080x1920, Subtitle: 942x105, Position: grid
[debug] Final subtitle position: (69, 1580) for center,bottom
[debug] Video: 1080x1920, Subtitle: 942x105, Position: grid
[debug] Final subtitle position: (69, 1580) for center,bottom
[debug] Video: 1080x1920, Subtitle: 942x105, Position: grid
[debug] Final subtitle position: (69, 1580) for center,bottom
[debug] Video: 1080x1920, Subtitle: 942x105, Position: grid
[debug] Final subtitle position: (69, 1580) for center,bottom
[debug] Video: 1080x1920, Subtitle: 942x105, Position: grid
[debug] Final subtitle position: (69, 1580) for center,bottom
[debug] Video: 1080x1920, Subtitle: 942x105, Position: grid
[debug] Final subtitle position: (69, 1580) for center,bottom
[debug] Video: 1080x1920, Subtitle: 942x105, Position: grid
[debug] Final subtitle position: (69, 1580) for center,bottom
[debug] Video: 1080x1920, Subtitle: 942x105, Position: grid
[debug] Final subtitle position: (69, 1580) for center,bottom
[debug] Video: 1080x1920, Subtitle: 942x105, Position: grid
[debug] Final subtitle position: (69, 1580) for center,bottom
[debug] Video: 1080x1920, Subtitle: 942x105, Position: grid
[debug] Final subtitle position: (69, 1580) for center,bottom
[debug] Video: 1080x1920, Subtitle: 942x105, Position: grid
[debug] Final subtitle position: (69, 1580) for center,bottom
[debug] Video: 1080x1920, Subtitle: 942x105, Position: grid
[debug] Final subtitle position: (69, 1580) for center,bottom
[debug] Video: 1080x1920, Subtitle: 942x105, Position: grid
[debug] Final subtitle position: (69, 1580) for center,bottom
[debug] Video: 1080x1920, Subtitle: 942x105, Position: grid
[debug] Final subtitle position: (69, 1580) for center,bottom
[debug] Video: 1080x1920, Subtitle: 942x105, Position: grid
[debug] Final subtitle position: (69, 1580) for center,bottom
[debug] Video: 1080x1920, Subtitle: 942x105, Position: grid
[debug] Final subtitle position: (69, 1580) for center,bottom
[debug] Video: 1080x1920, Subtitle: 942x105, Position: grid
[debug] Final subtitle position: (69, 1580) for center,bottom
[debug] Video: 1080x1920, Subtitle: 942x105, Position: grid
[debug] Final subtitle position: (69, 1580) for center,bottom
[debug] Video: 1080x1920, Subtitle: 942x105, Position: grid
[debug] Final subtitle position: (69, 1580) for center,bottom
[debug] Video: 1080x1920, Subtitle: 942x105, Position: grid
[debug] Final subtitle position: (69, 1580) for center,bottom
[debug] Video: 1080x1920, Subtitle: 942x105, Position: grid
[debug] Final subtitle position: (69, 1580) for center,bottom
[debug] Video: 1080x1920, Subtitle: 942x105, Position: grid
[debug] Final subtitle position: (69, 1580) for center,bottom
[debug] Video: 1080x1920, Subtitle: 942x105, Position: grid
[debug] Final subtitle position: (69, 1580) for center,bottom
[debug] Video: 1080x1920, Subtitle: 942x105, Position: grid
[debug] Final subtitle position: (69, 1580) for center,bottom
[debug] Video: 1080x1920, Subtitle: 942x105, Position: grid
[debug] Final subtitle position: (69, 1580) for center,bottom
[debug] Video: 1080x1920, Subtitle: 942x105, Position: grid
[debug] Final subtitle position: (69, 1580) for center,bottom
[debug] Video: 1080x1920, Subtitle: 942x105, Position: grid
[debug] Final subtitle position: (69, 1580) for center,bottom
[debug] Video: 1080x1920, Subtitle: 942x105, Position: grid
[debug] Final subtitle position: (69, 1580) for center,bottom
[debug] Video: 1080x1920, Subtitle: 942x105, Position: grid
[debug] Final subtitle position: (69, 1580) for center,bottom
[debug] Video: 1080x1920, Subtitle: 942x105, Position: grid
[debug] Final subtitle position: (69, 1580) for center,bottom
[debug] Video: 1080x1920, Subtitle: 942x105, Position: grid
[debug] Final subtitle position: (69, 1580) for center,bottom
[debug] Video: 1080x1920, Subtitle: 942x105, Position: grid
[debug] Final subtitle position: (69, 1580) for center,bottom
[debug] Video: 1080x1920, Subtitle: 942x105, Position: grid
[debug] Final subtitle position: (69, 1580) for center,bottom
[debug] Video: 1080x1920, Subtitle: 942x105, Position: grid
[debug] Final subtitle position: (69, 1580) for center,bottom
[debug] Video: 1080x1920, Subtitle: 942x105, Position: grid
[debug] Final subtitle position: (69, 1580) for center,bottom
[debug] Video: 1080x1920, Subtitle: 942x105, Position: grid
[debug] Final subtitle position: (69, 1580) for center,bottom
[debug] Video: 1080x1920, Subtitle: 942x105, Position: grid
[debug] Final subtitle position: (69, 1580) for center,bottom
[debug] Video: 1080x1920, Subtitle: 942x105, Position: grid
[debug] Final subtitle position: (69, 1580) for center,bottom
[debug] Video: 1080x1920, Subtitle: 942x105, Position: grid
[debug] Final subtitle position: (69, 1580) for center,bottom
[debug] Video: 1080x1920, Subtitle: 942x105, Position: grid
[debug] Final subtitle position: (69, 1580) for center,bottom
[debug] Video: 1080x1920, Subtitle: 942x105, Position: grid
[debug] Final subtitle position: (69, 1580) for center,bottom
[debug] Video: 1080x1920, Subtitle: 942x105, Position: grid
[debug] Final subtitle position: (69, 1580) for center,bottom
[debug] Video: 1080x1920, Subtitle: 942x105, Position: grid
[debug] Final subtitle position: (69, 1580) for center,bottom
[debug] Video: 1080x1920, Subtitle: 942x105, Position: grid
[debug] Final subtitle position: (69, 1580) for center,bottom
[debug] Video: 1080x1920, Subtitle: 942x105, Position: grid
[debug] Final subtitle position: (69, 1580) for center,bottom
[debug] Video: 1080x1920, Subtitle: 942x105, Position: grid
[debug] Final subtitle position: (69, 1580) for center,bottom
[debug] Video: 1080x1920, Subtitle: 942x105, Position: grid
[debug] Final subtitle position: (69, 1580) for center,bottom
[debug] Video: 1080x1920, Subtitle: 942x105, Position: grid
[debug] Final subtitle position: (69, 1580) for center,bottom
[debug] Video: 1080x1920, Subtitle: 942x105, Position: grid
[debug] Final subtitle position: (69, 1580) for center,bottom
[debug] Video: 1080x1920, Subtitle: 942x105, Position: grid
[debug] Final subtitle position: (69, 1580) for center,bottom
[debug] Video: 1080x1920, Subtitle: 942x105, Position: grid
[debug] Final subtitle position: (69, 1580) for center,bottom
[debug] Video: 1080x1920, Subtitle: 942x105, Position: grid
[debug] Final subtitle position: (69, 1580) for center,bottom
[debug] Video: 1080x1920, Subtitle: 942x105, Position: grid
[debug] Final subtitle position: (69, 1580) for center,bottom
[debug] Video: 1080x1920, Subtitle: 942x105, Position: grid
[debug] Final subtitle position: (69, 1580) for center,bottom
[debug] Video: 1080x1920, Subtitle: 942x105, Position: grid
[debug] Final subtitle position: (69, 1580) for center,bottom
[debug] Video: 1080x1920, Subtitle: 942x105, Position: grid
[debug] Final subtitle position: (69, 1580) for center,bottom
[debug] Video: 1080x1920, Subtitle: 942x105, Position: grid
[debug] Final subtitle position: (69, 1580) for center,bottom
[debug] Video: 1080x1920, Subtitle: 942x105, Position: grid
[debug] Final subtitle position: (69, 1580) for center,bottom
[debug] Video: 1080x1920, Subtitle: 942x105, Position: grid
[debug] Final subtitle position: (69, 1580) for center,bottom
[debug] Video: 1080x1920, Subtitle: 942x105, Position: grid
[debug] Final subtitle position: (69, 1580) for center,bottom
[debug] Video: 1080x1920, Subtitle: 942x105, Position: grid
[debug] Final subtitle position: (69, 1580) for center,bottom
[debug] Video: 1080x1920, Subtitle: 942x105, Position: grid
[debug] Final subtitle position: (69, 1580) for center,bottom
[debug] Video: 1080x1920, Subtitle: 942x105, Position: grid
[debug] Final subtitle position: (69, 1580) for center,bottom
[debug] Video: 1080x1920, Subtitle: 942x105, Position: grid
[debug] Final subtitle position: (69, 1580) for center,bottom
[debug] Video: 1080x1920, Subtitle: 942x105, Position: grid
[debug] Final subtitle position: (69, 1580) for center,bottom
[debug] Video: 1080x1920, Subtitle: 942x105, Position: grid
[debug] Final subtitle position: (69, 1580) for center,bottom
[debug] Video: 1080x1920, Subtitle: 942x105, Position: grid
[debug] Final subtitle position: (69, 1580) for center,bottom
[debug] Video: 1080x1920, Subtitle: 942x105, Position: grid
[debug] Final subtitle position: (69, 1580) for center,bottom
[debug] Video: 1080x1920, Subtitle: 942x105, Position: grid
[debug] Final subtitle position: (69, 1580) for center,bottom
[debug] Video: 1080x1920, Subtitle: 942x105, Position: grid
[debug] Final subtitle position: (69, 1580) for center,bottom
[debug] Video: 1080x1920, Subtitle: 942x105, Position: grid
[debug] Final subtitle position: (69, 1580) for center,bottom
[debug] Video: 1080x1920, Subtitle: 942x105, Position: grid
[debug] Final subtitle position: (69, 1580) for center,bottom
[debug] Video: 1080x1920, Subtitle: 942x105, Position: grid
[debug] Final subtitle position: (69, 1580) for center,bottom
[debug] Video: 1080x1920, Subtitle: 942x105, Position: grid
[debug] Final subtitle position: (69, 1580) for center,bottom
[debug] Video: 1080x1920, Subtitle: 942x105, Position: grid
[debug] Final subtitle position: (69, 1580) for center,bottom
[debug] Video: 1080x1920, Subtitle: 942x105, Position: grid
[debug] Final subtitle position: (69, 1580) for center,bottom
[debug] Video: 1080x1920, Subtitle: 942x105, Position: grid
[debug] Final subtitle position: (69, 1580) for center,bottom
[debug] Video: 1080x1920, Subtitle: 942x105, Position: grid
[debug] Final subtitle position: (69, 1580) for center,bottom
[debug] Video: 1080x1920, Subtitle: 942x105, Position: grid
[debug] Final subtitle position: (69, 1580) for center,bottom
[debug] Video: 1080x1920, Subtitle: 942x105, Position: grid
[debug] Final subtitle position: (69, 1580) for center,bottom
[debug] Video: 1080x1920, Subtitle: 942x105, Position: grid
[debug] Final subtitle position: (69, 1580) for center,bottom
[debug] Video: 1080x1920, Subtitle: 942x105, Position: grid
[debug] Final subtitle position: (69, 1580) for center,bottom
[debug] Video: 1080x1920, Subtitle: 942x105, Position: grid
[debug] Final subtitle position: (69, 1580) for center,bottom
[debug] Video: 1080x1920, Subtitle: 942x105, Position: grid
[debug] Final subtitle position: (69, 1580) for center,bottom
[debug] Video: 1080x1920, Subtitle: 942x105, Position: grid
[debug] Final subtitle position: (69, 1580) for center,bottom
[debug] Video: 1080x1920, Subtitle: 942x105, Position: grid
[debug] Final subtitle position: (69, 1580) for center,bottom
[debug] Video: 1080x1920, Subtitle: 942x105, Position: grid
[debug] Final subtitle position: (69, 1580) for center,bottom
[debug] Video: 1080x1920, Subtitle: 942x105, Position: grid
[debug] Final subtitle position: (69, 1580) for center,bottom
[debug] Video: 1080x1920, Subtitle: 942x105, Position: grid
[debug] Final subtitle position: (69, 1580) for center,bottom
[debug] Video: 1080x1920, Subtitle: 942x105, Position: grid
[debug] Final subtitle position: (69, 1580) for center,bottom
[debug] Video: 1080x1920, Subtitle: 942x105, Position: grid
[debug] Final subtitle position: (69, 1580) for center,bottom
[debug] Video: 1080x1920, Subtitle: 942x105, Position: grid
[debug] Final subtitle position: (69, 1580) for center,bottom
[debug] Video: 1080x1920, Subtitle: 942x105, Position: grid
[debug] Final subtitle position: (69, 1580) for center,bottom
[debug] Video: 1080x1920, Subtitle: 942x105, Position: grid
[debug] Final subtitle position: (69, 1580) for center,bottom
[debug] Video: 1080x1920, Subtitle: 942x105, Position: grid
[debug] Final subtitle position: (69, 1580) for center,bottom
[debug] Video: 1080x1920, Subtitle: 942x105, Position: grid
[debug] Final subtitle position: (69, 1580) for center,bottom
[debug] Video: 1080x1920, Subtitle: 942x105, Position: grid
[debug] Final subtitle position: (69, 1580) for center,bottom
[debug] Video: 1080x1920, Subtitle: 942x105, Position: grid
[debug] Final subtitle position: (69, 1580) for center,bottom
[debug] Video: 1080x1920, Subtitle: 942x105, Position: grid
[debug] Final subtitle position: (69, 1580) for center,bottom
[debug] Video: 1080x1920, Subtitle: 942x105, Position: grid
[debug] Final subtitle position: (69, 1580) for center,bottom
[debug] Video: 1080x1920, Subtitle: 942x105, Position: grid
[debug] Final subtitle position: (69, 1580) for center,bottom
[debug] Video: 1080x1920, Subtitle: 942x105, Position: grid
[debug] Final subtitle position: (69, 1580) for center,bottom
[debug] Video: 1080x1920, Subtitle: 942x105, Position: grid
[debug] Final subtitle position: (69, 1580) for center,bottom
[debug] Video: 1080x1920, Subtitle: 942x105, Position: grid
[debug] Final subtitle position: (69, 1580) for center,bottom
[debug] Video: 1080x1920, Subtitle: 942x105, Position: grid
[debug] Final subtitle position: (69, 1580) for center,bottom
[debug] Video: 1080x1920, Subtitle: 942x105, Position: grid
[debug] Final subtitle position: (69, 1580) for center,bottom
[debug] Video: 1080x1920, Subtitle: 942x105, Position: grid
[debug] Final subtitle position: (69, 1580) for center,bottom
[debug] Video: 1080x1920, Subtitle: 942x105, Position: grid
[debug] Final subtitle position: (69, 1580) for center,bottom
[debug] Video: 1080x1920, Subtitle: 942x105, Position: grid
[debug] Final subtitle position: (69, 1580) for center,bottom
[debug] Video: 1080x1920, Subtitle: 942x105, Position: grid
[debug] Final subtitle position: (69, 1580) for center,bottom
[debug] Video: 1080x1920, Subtitle: 942x105, Position: grid
[debug] Final subtitle position: (69, 1580) for center,bottom
[debug] Video: 1080x1920, Subtitle: 942x105, Position: grid
[debug] Final subtitle position: (69, 1580) for center,bottom
[debug] Video: 1080x1920, Subtitle: 942x105, Position: grid
[debug] Final subtitle position: (69, 1580) for center,bottom
[debug] Video: 1080x1920, Subtitle: 942x105, Position: grid
[debug] Final subtitle position: (69, 1580) for center,bottom
[debug] Video: 1080x1920, Subtitle: 942x105, Position: grid
[debug] Final subtitle position: (69, 1580) for center,bottom
[debug] Video: 1080x1920, Subtitle: 942x105, Position: grid
[debug] Final subtitle position: (69, 1580) for center,bottom
[debug] Video: 1080x1920, Subtitle: 942x105, Position: grid
[debug] Final subtitle position: (69, 1580) for center,bottom
[debug] Video: 1080x1920, Subtitle: 942x105, Position: grid
[debug] Final subtitle position: (69, 1580) for center,bottom
[debug] Video: 1080x1920, Subtitle: 942x105, Position: grid
[debug] Final subtitle position: (69, 1580) for center,bottom
[debug] Video: 1080x1920, Subtitle: 942x105, Position: grid
[debug] Final subtitle position: (69, 1580) for center,bottom
[debug] Video: 1080x1920, Subtitle: 942x105, Position: grid
[debug] Final subtitle position: (69, 1580) for center,bottom
[debug] Video: 1080x1920, Subtitle: 942x105, Position: grid
[debug] Final subtitle position: (69, 1580) for center,bottom
[debug] Video: 1080x1920, Subtitle: 942x105, Position: grid
[debug] Final subtitle position: (69, 1580) for center,bottom
[debug] Video: 1080x1920, Subtitle: 942x105, Position: grid
[debug] Final subtitle position: (69, 1580) for center,bottom
[debug] Video: 1080x1920, Subtitle: 942x105, Position: grid
[debug] Final subtitle position: (69, 1580) for center,bottom
[debug] Video: 1080x1920, Subtitle: 942x105, Position: grid
[debug] Final subtitle position: (69, 1580) for center,bottom
[debug] Video: 1080x1920, Subtitle: 942x105, Position: grid
[debug] Final subtitle position: (69, 1580) for center,bottom
[debug] Video: 1080x1920, Subtitle: 942x105, Position: grid
[debug] Final subtitle position: (69, 1580) for center,bottom
[debug] Video: 1080x1920, Subtitle: 942x105, Position: grid
[debug] Final subtitle position: (69, 1580) for center,bottom
[debug] Video: 1080x1920, Subtitle: 942x105, Position: grid
[debug] Final subtitle position: (69, 1580) for center,bottom
[debug] Video: 1080x1920, Subtitle: 942x105, Position: grid
[debug] Final subtitle position: (69, 1580) for center,bottom
[debug] Video: 1080x1920, Subtitle: 942x105, Position: grid
[debug] Final subtitle position: (69, 1580) for center,bottom
[debug] Video: 1080x1920, Subtitle: 942x105, Position: grid
[debug] Final subtitle position: (69, 1580) for center,bottom
[debug] Video: 1080x1920, Subtitle: 942x105, Position: grid
[debug] Final subtitle position: (69, 1580) for center,bottom
[debug] Video: 1080x1920, Subtitle: 942x105, Position: grid
[debug] Final subtitle position: (69, 1580) for center,bottom
[debug] Video: 1080x1920, Subtitle: 942x105, Position: grid
[debug] Final subtitle position: (69, 1580) for center,bottom
[debug] Video: 1080x1920, Subtitle: 942x105, Position: grid
[debug] Final subtitle position: (69, 1580) for center,bottom
[debug] Video: 1080x1920, Subtitle: 942x105, Position: grid
[debug] Final subtitle position: (69, 1580) for center,bottom
[debug] Video: 1080x1920, Subtitle: 942x105, Position: grid
[debug] Final subtitle position: (69, 1580) for center,bottom
[debug] Video: 1080x1920, Subtitle: 942x105, Position: grid
[debug] Final subtitle position: (69, 1580) for center,bottom
[debug] Video: 1080x1920, Subtitle: 942x105, Position: grid
[debug] Final subtitle position: (69, 1580) for center,bottom
[debug] Video: 1080x1920, Subtitle: 942x105, Position: grid
[debug] Final subtitle position: (69, 1580) for center,bottom
[debug] Video: 1080x1920, Subtitle: 942x105, Position: grid
[debug] Final subtitle position: (69, 1580) for center,bottom
[debug] Video: 1080x1920, Subtitle: 942x105, Position: grid
[debug] Final subtitle position: (69, 1580) for center,bottom
[debug] Video: 1080x1920, Subtitle: 942x105, Position: grid
[debug] Final subtitle position: (69, 1580) for center,bottom
[debug] Video: 1080x1920, Subtitle: 942x105, Position: grid
[debug] Final subtitle position: (69, 1580) for center,bottom
[debug] Video: 1080x1920, Subtitle: 942x105, Position: grid
[debug] Final subtitle position: (69, 1580) for center,bottom
[debug] Video: 1080x1920, Subtitle: 942x105, Position: grid
[debug] Final subtitle position: (69, 1580) for center,bottom
[debug] Video: 1080x1920, Subtitle: 942x105, Position: grid
[debug] Final subtitle position: (69, 1580) for center,bottom
[debug] Video: 1080x1920, Subtitle: 942x105, Position: grid
[debug] Final subtitle position: (69, 1580) for center,bottom
[debug] Video: 1080x1920, Subtitle: 942x105, Position: grid
[debug] Final subtitle position: (69, 1580) for center,bottom
[debug] Video: 1080x1920, Subtitle: 942x105, Position: grid
[debug] Final subtitle position: (69, 1580) for center,bottom
[debug] Video: 1080x1920, Subtitle: 942x105, Position: grid
[debug] Final subtitle position: (69, 1580) for center,bottom
[debug] Video: 1080x1920, Subtitle: 942x105, Position: grid
[debug] Final subtitle position: (69, 1580) for center,bottom
[debug] Video: 1080x1920, Subtitle: 942x105, Position: grid
[debug] Final subtitle position: (69, 1580) for center,bottom
[debug] Video: 1080x1920, Subtitle: 942x105, Position: grid
[debug] Final subtitle position: (69, 1580) for center,bottom
[debug] Video: 1080x1920, Subtitle: 942x105, Position: grid
[debug] Final subtitle position: (69, 1580) for center,bottom
[debug] Video: 1080x1920, Subtitle: 942x105, Position: grid
[debug] Final subtitle position: (69, 1580) for center,bottom
[debug] Video: 1080x1920, Subtitle: 942x105, Position: grid
[debug] Final subtitle position: (69, 1580) for center,bottom
[debug] Video: 1080x1920, Subtitle: 942x105, Position: grid
[debug] Final subtitle position: (69, 1580) for center,bottom
[debug] Video: 1080x1920, Subtitle: 942x105, Position: grid
[debug] Final subtitle position: (69, 1580) for center,bottom
[debug] Video: 1080x1920, Subtitle: 942x105, Position: grid
[debug] Final subtitle position: (69, 1580) for center,bottom
[debug] Video: 1080x1920, Subtitle: 942x105, Position: grid
[debug] Final subtitle position: (69, 1580) for center,bottom
[debug] Video: 1080x1920, Subtitle: 942x105, Position: grid
[debug] Final subtitle position: (69, 1580) for center,bottom
[debug] Video: 1080x1920, Subtitle: 942x105, Position: grid
[debug] Final subtitle position: (69, 1580) for center,bottom
[debug] Video: 1080x1920, Subtitle: 942x105, Position: grid
[debug] Final subtitle position: (69, 1580) for center,bottom
[debug] Video: 1080x1920, Subtitle: 942x105, Position: grid
[debug] Final subtitle position: (69, 1580) for center,bottom
[debug] Video: 1080x1920, Subtitle: 942x105, Position: grid
[debug] Final subtitle position: (69, 1580) for center,bottom
[debug] Video: 1080x1920, Subtitle: 942x105, Position: grid
[debug] Final subtitle position: (69, 1580) for center,bottom
[debug] Video: 1080x1920, Subtitle: 942x105, Position: grid
[debug] Final subtitle position: (69, 1580) for center,bottom
[debug] Video: 1080x1920, Subtitle: 942x105, Position: grid
[debug] Final subtitle position: (69, 1580) for center,bottom
[debug] Video: 1080x1920, Subtitle: 942x105, Position: grid
[debug] Final subtitle position: (69, 1580) for center,bottom
[debug] Video: 1080x1920, Subtitle: 942x105, Position: grid
[debug] Final subtitle position: (69, 1580) for center,bottom
[debug] Video: 1080x1920, Subtitle: 942x105, Position: grid
[debug] Final subtitle position: (69, 1580) for center,bottom
[debug] Video: 1080x1920, Subtitle: 942x105, Position: grid
[debug] Final subtitle position: (69, 1580) for center,bottom
[debug] Video: 1080x1920, Subtitle: 942x105, Position: grid
[debug] Final subtitle position: (69, 1580) for center,bottom
[debug] Video: 1080x1920, Subtitle: 942x105, Position: grid
[debug] Final subtitle position: (69, 1580) for center,bottom
[debug] Video: 1080x1920, Subtitle: 942x105, Position: grid
[debug] Final subtitle position: (69, 1580) for center,bottom
[debug] Video: 1080x1920, Subtitle: 942x105, Position: grid
[debug] Final subtitle position: (69, 1580) for center,bottom
[debug] Video: 1080x1920, Subtitle: 942x105, Position: grid
[debug] Final subtitle position: (69, 1580) for center,bottom
[debug] Video: 1080x1920, Subtitle: 942x105, Position: grid
[debug] Final subtitle position: (69, 1580) for center,bottom
[debug] Video: 1080x1920, Subtitle: 942x105, Position: grid
[debug] Final subtitle position: (69, 1580) for center,bottom
[debug] Video: 1080x1920, Subtitle: 942x105, Position: grid
[debug] Final subtitle position: (69, 1580) for center,bottom
[debug] Video: 1080x1920, Subtitle: 942x105, Position: grid
[debug] Final subtitle position: (69, 1580) for center,bottom
[debug] Video: 1080x1920, Subtitle: 942x105, Position: grid
[debug] Final subtitle position: (69, 1580) for center,bottom
[debug] Video: 1080x1920, Subtitle: 942x105, Position: grid
[debug] Final subtitle position: (69, 1580) for center,bottom
[debug] Video: 1080x1920, Subtitle: 942x105, Position: grid
[debug] Final subtitle position: (69, 1580) for center,bottom
[debug] Video: 1080x1920, Subtitle: 942x105, Position: grid
[debug] Final subtitle position: (69, 1580) for center,bottom
[debug] Video: 1080x1920, Subtitle: 942x105, Position: grid
[debug] Final subtitle position: (69, 1580) for center,bottom
[debug] Video: 1080x1920, Subtitle: 942x105, Position: grid
[debug] Final subtitle position: (69, 1580) for center,bottom
[debug] Video: 1080x1920, Subtitle: 942x105, Position: grid
[debug] Final subtitle position: (69, 1580) for center,bottom
[debug] Video: 1080x1920, Subtitle: 942x105, Position: grid
[debug] Final subtitle position: (69, 1580) for center,bottom
[debug] Video: 1080x1920, Subtitle: 942x105, Position: grid
[debug] Final subtitle position: (69, 1580) for center,bottom
[debug] Video: 1080x1920, Subtitle: 942x105, Position: grid
[debug] Final subtitle position: (69, 1580) for center,bottom
[debug] Video: 1080x1920, Subtitle: 942x105, Position: grid
[debug] Final subtitle position: (69, 1580) for center,bottom
[debug] Video: 1080x1920, Subtitle: 942x105, Position: grid
[debug] Final subtitle position: (69, 1580) for center,bottom
[debug] Video: 1080x1920, Subtitle: 942x105, Position: grid
[debug] Final subtitle position: (69, 1580) for center,bottom
[debug] Video: 1080x1920, Subtitle: 942x105, Position: grid
[debug] Final subtitle position: (69, 1580) for center,bottom
[debug] Video: 1080x1920, Subtitle: 942x105, Position: grid
[debug] Final subtitle position: (69, 1580) for center,bottom
[debug] Video: 1080x1920, Subtitle: 942x105, Position: grid
[debug] Final subtitle position: (69, 1580) for center,bottom
[debug] Video: 1080x1920, Subtitle: 942x105, Position: grid
[debug] Final subtitle position: (69, 1580) for center,bottom
[warn] Font Arial-Bold failed: Invalid font Arial-Bold, pillow failed to use it with error cannot open resource
[warn] Font arial.ttf failed: Invalid font arial.ttf, pillow failed to use it with error cannot open resource
[debug] Successfully created TextClip with font: Arial, size: 918x49
[debug] Video: 1080x1920, Subtitle: 942x65, Position: grid
[debug] Final subtitle position: (69, 1600) for center,bottom
[debug] Video: 1080x1920, Subtitle: 942x65, Position: grid
[debug] Final subtitle position: (69, 1600) for center,bottom
[debug] Video: 1080x1920, Subtitle: 942x65, Position: grid
[debug] Final subtitle position: (69, 1600) for center,bottom
[debug] Video: 1080x1920, Subtitle: 942x65, Position: grid
[debug] Final subtitle position: (69, 1600) for center,bottom
[debug] Video: 1080x1920, Subtitle: 942x65, Position: grid
[debug] Final subtitle position: (69, 1600) for center,bottom
[debug] Video: 1080x1920, Subtitle: 942x65, Position: grid
[debug] Final subtitle position: (69, 1600) for center,bottom
[debug] Video: 1080x1920, Subtitle: 942x65, Position: grid
[debug] Final subtitle position: (69, 1600) for center,bottom
[debug] Video: 1080x1920, Subtitle: 942x65, Position: grid
[debug] Final subtitle position: (69, 1600) for center,bottom
[debug] Video: 1080x1920, Subtitle: 942x65, Position: grid
[debug] Final subtitle position: (69, 1600) for center,bottom
[debug] Video: 1080x1920, Subtitle: 942x65, Position: grid
[debug] Final subtitle position: (69, 1600) for center,bottom
[debug] Video: 1080x1920, Subtitle: 942x65, Position: grid
[debug] Final subtitle position: (69, 1600) for center,bottom
[debug] Video: 1080x1920, Subtitle: 942x65, Position: grid
[debug] Final subtitle position: (69, 1600) for center,bottom
[debug] Video: 1080x1920, Subtitle: 942x65, Position: grid
[debug] Final subtitle position: (69, 1600) for center,bottom
[debug] Video: 1080x1920, Subtitle: 942x65, Position: grid
[debug] Final subtitle position: (69, 1600) for center,bottom
[debug] Video: 1080x1920, Subtitle: 942x65, Position: grid
[debug] Final subtitle position: (69, 1600) for center,bottom
[debug] Video: 1080x1920, Subtitle: 942x65, Position: grid
[debug] Final subtitle position: (69, 1600) for center,bottom
[debug] Video: 1080x1920, Subtitle: 942x65, Position: grid
[debug] Final subtitle position: (69, 1600) for center,bottom
[debug] Video: 1080x1920, Subtitle: 942x65, Position: grid
[debug] Final subtitle position: (69, 1600) for center,bottom
[debug] Video: 1080x1920, Subtitle: 942x65, Position: grid
[debug] Final subtitle position: (69, 1600) for center,bottom
[debug] Video: 1080x1920, Subtitle: 942x65, Position: grid
[debug] Final subtitle position: (69, 1600) for center,bottom
[debug] Video: 1080x1920, Subtitle: 942x65, Position: grid
[debug] Final subtitle position: (69, 1600) for center,bottom
[debug] Video: 1080x1920, Subtitle: 942x65, Position: grid
[debug] Final subtitle position: (69, 1600) for center,bottom
[debug] Video: 1080x1920, Subtitle: 942x65, Position: grid
[debug] Final subtitle position: (69, 1600) for center,bottom
[debug] Video: 1080x1920, Subtitle: 942x65, Position: grid
[debug] Final subtitle position: (69, 1600) for center,bottom
[debug] Video: 1080x1920, Subtitle: 942x65, Position: grid
[debug] Final subtitle position: (69, 1600) for center,bottom
[debug] Video: 1080x1920, Subtitle: 942x65, Position: grid
[debug] Final subtitle position: (69, 1600) for center,bottom
[debug] Video: 1080x1920, Subtitle: 942x65, Position: grid
[debug] Final subtitle position: (69, 1600) for center,bottom
[debug] Video: 1080x1920, Subtitle: 942x65, Position: grid
[debug] Final subtitle position: (69, 1600) for center,bottom
[debug] Video: 1080x1920, Subtitle: 942x65, Position: grid
[debug] Final subtitle position: (69, 1600) for center,bottom
[debug] Video: 1080x1920, Subtitle: 942x65, Position: grid
[debug] Final subtitle position: (69, 1600) for center,bottom
[debug] Video: 1080x1920, Subtitle: 942x65, Position: grid
[debug] Final subtitle position: (69, 1600) for center,bottom
[debug] Video: 1080x1920, Subtitle: 942x65, Position: grid
[debug] Final subtitle position: (69, 1600) for center,bottom
[debug] Video: 1080x1920, Subtitle: 942x65, Position: grid
[debug] Final subtitle position: (69, 1600) for center,bottom
[debug] Video: 1080x1920, Subtitle: 942x65, Position: grid
[debug] Final subtitle position: (69, 1600) for center,bottom
[debug] Video: 1080x1920, Subtitle: 942x65, Position: grid
[debug] Final subtitle position: (69, 1600) for center,bottom
[debug] Video: 1080x1920, Subtitle: 942x65, Position: grid
[debug] Final subtitle position: (69, 1600) for center,bottom
[debug] Video: 1080x1920, Subtitle: 942x65, Position: grid
[debug] Final subtitle position: (69, 1600) for center,bottom
[debug] Video: 1080x1920, Subtitle: 942x65, Position: grid
[debug] Final subtitle position: (69, 1600) for center,bottom
[debug] Video: 1080x1920, Subtitle: 942x65, Position: grid
[debug] Final subtitle position: (69, 1600) for center,bottom
[debug] Video: 1080x1920, Subtitle: 942x65, Position: grid
[debug] Final subtitle position: (69, 1600) for center,bottom
[debug] Video: 1080x1920, Subtitle: 942x65, Position: grid
[debug] Final subtitle position: (69, 1600) for center,bottom
[debug] Video: 1080x1920, Subtitle: 942x65, Position: grid
[debug] Final subtitle position: (69, 1600) for center,bottom
[debug] Video: 1080x1920, Subtitle: 942x65, Position: grid
[debug] Final subtitle position: (69, 1600) for center,bottom
[debug] Video: 1080x1920, Subtitle: 942x65, Position: grid
[debug] Final subtitle position: (69, 1600) for center,bottom
[debug] Video: 1080x1920, Subtitle: 942x65, Position: grid
[debug] Final subtitle position: (69, 1600) for center,bottom
[debug] Video: 1080x1920, Subtitle: 942x65, Position: grid
[debug] Final subtitle position: (69, 1600) for center,bottom
[debug] Video: 1080x1920, Subtitle: 942x65, Position: grid
[debug] Final subtitle position: (69, 1600) for center,bottom
[debug] Video: 1080x1920, Subtitle: 942x65, Position: grid
[debug] Final subtitle position: (69, 1600) for center,bottom
[debug] Video: 1080x1920, Subtitle: 942x65, Position: grid
[debug] Final subtitle position: (69, 1600) for center,bottom
[debug] Video: 1080x1920, Subtitle: 942x65, Position: grid
[debug] Final subtitle position: (69, 1600) for center,bottom
[debug] Video: 1080x1920, Subtitle: 942x65, Position: grid
[debug] Final subtitle position: (69, 1600) for center,bottom
[debug] Video: 1080x1920, Subtitle: 942x65, Position: grid
[debug] Final subtitle position: (69, 1600) for center,bottom
INFO:     127.0.0.1:55859 - "GET /api/download?path=%2FUsers%2Fguilhermetenroller%2FDocuments%2FGitHub%2Fpersonal%2Fai-video-generator%2Fcat-video-creator%2Foutput%2Fmoneyprinter_f0d65be1-5a09-4282-a61a-388a15804581.mp4 HTTP/1.1" 206 Partial Content
INFO:     127.0.0.1:55861 - "GET /api/download?path=%2FUsers%2Fguilhermetenroller%2FDocuments%2FGitHub%2Fpersonal%2Fai-video-generator%2Fcat-video-creator%2Foutput%2Fmoneyprinter_f0d65be1-5a09-4282-a61a-388a15804581.mp4 HTTP/1.1" 206 Partial Content
INFO:     127.0.0.1:55861 - "GET /api/download?path=%2FUsers%2Fguilhermetenroller%2FDocuments%2FGitHub%2Fpersonal%2Fai-video-generator%2Fcat-video-creator%2Foutput%2Fmoneyprinter_f0d65be1-5a09-4282-a61a-388a15804581.mp4 HTTP/1.1" 206 Partial Content
INFO:     127.0.0.1:55863 - "GET /api/download?path=%2FUsers%2Fguilhermetenroller%2FDocuments%2FGitHub%2Fpersonal%2Fai-video-generator%2Fcat-video-creator%2Foutput%2Fmoneyprinter_f0d65be1-5a09-4282-a61a-388a15804581.mp4 HTTP/1.1" 206 Partial Content
INFO:     127.0.0.1:55870 - "GET /api/download?path=%2FUsers%2Fguilhermetenroller%2FDocuments%2FGitHub%2Fpersonal%2Fai-video-generator%2Fcat-video-creator%2Foutput%2Fmoneyprinter_f0d65be1-5a09-4282-a61a-388a15804581.mp4 HTTP/1.1" 206 Partial Content
INFO:     127.0.0.1:55872 - "GET /api/download?path=%2FUsers%2Fguilhermetenroller%2FDocuments%2FGitHub%2Fpersonal%2Fai-video-generator%2Fcat-video-creator%2Foutput%2Fmoneyprinter_f0d65be1-5a09-4282-a61a-388a15804581.mp4 HTTP/1.1" 206 Partial Content
INFO:     127.0.0.1:55874 - "GET /api/download?path=%2FUsers%2Fguilhermetenroller%2FDocuments%2FGitHub%2Fpersonal%2Fai-video-generator%2Fcat-video-creator%2Foutput%2Fmoneyprinter_f0d65be1-5a09-4282-a61a-388a15804581.mp4 HTTP/1.1" 206 Partial Content
INFO:     127.0.0.1:55876 - "GET /api/download?path=%2FUsers%2Fguilhermetenroller%2FDocuments%2FGitHub%2Fpersonal%2Fai-video-generator%2Fcat-video-creator%2Foutput%2Fmoneyprinter_f0d65be1-5a09-4282-a61a-388a15804581.mp4 HTTP/1.1" 206 Partial Content
INFO:     127.0.0.1:55880 - "GET /api/download?path=%2FUsers%2Fguilhermetenroller%2FDocuments%2FGitHub%2Fpersonal%2Fai-video-generator%2Fcat-video-creator%2Foutput%2Fmoneyprinter_f0d65be1-5a09-4282-a61a-388a15804581.mp4 HTTP/1.1" 206 Partial Content
INFO:     connection closed
INFO:     127.0.0.1:55933 - "GET /api/models HTTP/1.1" 200 OK
INFO:     127.0.0.1:55934 - "GET /api/voices HTTP/1.1" 200 OK
INFO:     127.0.0.1:55938 - "GET /api/jobs/74d107f2-7144-47ee-ab87-cc1056f165d3 HTTP/1.1" 200 OK
